{"type":"FeatureCollection","crs":{"type":"name","properties":{"name":"EPSG:4326"}},"features":[{"type":"Feature","id":1,"geometry":{"type":"Polygon","coordinates":[[[121.56597705234879,25.214922445814651],[121.56633003167319,25.215440433059172],[121.566600998986,25.215815439398906],[121.56704599033871,25.216245483145855],[121.56743500525042,25.217345398943156],[121.56773403547525,25.217910442215111],[121.56824007119197,25.218314418998276],[121.56856800475954,25.218528415844876],[121.56972401665064,25.21906044283045],[121.57050007183223,25.219489476463167],[121.57115303690657,25.220186414717073],[121.57177705622992,25.22045241752005],[121.57334799923588,25.220744460926571],[121.57397105768561,25.220662412007979],[121.57450505651988,25.220442469912999],[121.57583699821552,25.220654435957403],[121.57654907420698,25.220839448784812],[121.5777090801143,25.220834478082072],[121.57827000941013,25.220913453788327],[121.57889599940059,25.221313404891905],[121.5795480163456,25.221798393457899],[121.57999802276677,25.222631423187607],[121.58044199980088,25.222952451751734],[121.58097806246232,25.223167405813172],[121.5812449891353,25.223437394751777],[121.58166502964156,25.22445543632757],[121.58193806342697,25.225183431239973],[121.58196805820005,25.225962401349619],[121.58188306638452,25.22666443868302],[121.58156106611997,25.22774246814442],[121.58153707080008,25.22825647680007],[121.58171599684685,25.228818430604441],[121.58192599472549,25.22930442821054],[121.5822560515455,25.22981343557954],[121.58267503033319,25.230619398749621],[121.58294606348441,25.231749447425148],[121.58375005041066,25.232635410584013],[121.58494004355434,25.233707464379322],[121.58666704659835,25.234969416076837],[121.58782604234084,25.236122473046937],[121.58848399474445,25.23684845603675],[121.58931402872182,25.23746443122641],[121.59021004682269,25.23799743083578],[121.59080700000089,25.23888444501819],[121.59131401182408,25.239559398280754],[121.59214401168012,25.240147446732522],[121.59265003130461,25.240712412747349],[121.59309805012967,25.240951409055715],[121.59327700376069,25.241301446767363],[121.59375407552825,25.242159417722107],[121.59408207378108,25.242347437645943],[121.59488303737314,25.242447416171839],[121.59606906119691,25.242768469188885],[121.59740602200111,25.242977416460715],[121.59811903363843,25.243272480993923],[121.59856400139432,25.24388940586649],[121.59889407019209,25.24456241346606],[121.59910605648585,25.245315440162809],[121.59967302717743,25.246229463141354],[121.59994505896924,25.246738386566744],[121.60003600866465,25.24716939801711],[121.60007105784874,25.248085403036196],[121.60003703374369,25.248778399507895],[121.60042405479984,25.249291456902942],[121.60108202655397,25.249904443067937],[121.6014680459931,25.250212461339892],[121.60178005678316,25.25050642872003],[121.60246201944483,25.251271432001879],[121.60268799811053,25.251615412687375],[121.60324804171339,25.25209543300053],[121.60361104421393,25.252216459071565],[121.6042410030804,25.252391391072841],[121.60570903282266,25.252823455106679],[121.60685200009914,25.253119410206519],[121.6076790692608,25.253296393482625],[121.6084720615257,25.253458454218595],[121.60961399855202,25.253559467581557],[121.61049002377581,25.253555394510702],[121.6121590703742,25.253488441552697],[121.61324601462968,25.253402410321311],[121.61395506749005,25.253232435526609],[121.61456605597328,25.253020427884383],[121.61557300141213,25.252625475360603],[121.61636405942217,25.252532431922695],[121.61674401909225,25.25263639249512],[121.61717603459921,25.252783467681127],[121.61795600625679,25.253396408608044],[121.61850399553356,25.253936451229666],[121.61877405664451,25.25450540151343],[121.61881006070398,25.255228438120536],[121.61879906501453,25.256564443457329],[121.61879004948655,25.257631396706063],[121.61866002301875,25.258261411877587],[121.61859599910235,25.258684395498957],[121.61853505996503,25.25985846243583],[121.61868799214082,25.260532440368884],[121.61942404051213,25.262418406807658],[121.61860103807419,25.26279644679515],[121.61818899490565,25.263188387162163],[121.61779300124545,25.263400418813337],[121.61772801312151,25.263680403103326],[121.61740903972806,25.264017408151712],[121.61690605285916,25.264577396354753],[121.61684400053907,25.265507420133801],[121.61653299879464,25.265930450394116],[121.61600605402874,25.266145445444998],[121.61539499296795,25.266355467483592],[121.61493303240991,25.266627444363333],[121.61501605073764,25.267108407133275],[121.61522003235497,25.267874442396554],[121.61540701158077,25.268835397083787],[121.61547604258411,25.269776437878587],[121.61563106388367,25.270554405156958],[121.61583005358248,25.270991474491233],[121.61611600917792,25.271637443913669],[121.61678307815096,25.27292647345347],[121.61699906395617,25.273209431834879],[121.61743200867855,25.273462400508496],[121.61824099154788,25.273549388545042],[121.61868900205573,25.273624429070608],[121.61926999569755,25.27390639599518],[121.62014099425983,25.275076459258745],[121.61959801847523,25.275541457827558],[121.61930104948915,25.275876393744518],[121.61874204034348,25.276493413604026],[121.6178710320648,25.27730943672319],[121.61729501820622,25.277756417777372],[121.61648704990986,25.278375467098055],[121.61576103743225,25.278769431593346],[121.61533304222652,25.278964426154253],[121.61500301318503,25.279178419899122],[121.61465800843771,25.279382462664138],[121.6141930396933,25.279502404430744],[121.61376506497504,25.279589414869601],[121.6133360454901,25.279634443241797],[121.61269202004485,25.279669442434493],[121.61229805703685,25.279729405736219],[121.61173602473929,25.279867437756419],[121.61102699232741,25.280186459166202],[121.61043499660299,25.280671402723549],[121.60993907090928,25.280746399233479],[121.60924500957691,25.280654464730837],[121.60848303099039,25.280725421457916],[121.60815398691122,25.280895420208356],[121.60813806564205,25.28090442687612],[121.60778903426116,25.281041389023638],[121.60708006774803,25.281360391391868],[121.60668502924084,25.281632434170685],[121.60627503553651,25.282144408277997],[121.60614500676208,25.282822449060173],[121.60613501490502,25.283664412947278],[121.60583800747654,25.284053401099317],[121.60549098662941,25.284251465481319],[121.60491499310872,25.284553402916274],[121.60453499140266,25.284954394353186],[121.60432905501187,25.285242428567045],[121.60365301372255,25.285802439030483],[121.60304400960992,25.28625347244704],[121.60231801347604,25.286798420618428],[121.60089904094232,25.287614437162112],[121.59940503534943,25.288431463728262],[121.59892805696289,25.288720415510767],[121.59787306042492,25.289311461244075],[121.59688403818488,25.289856464789235],[121.59643802787423,25.290052473884295],[121.59529701267866,25.290373444688221],[121.59359500276042,25.29087641702823],[121.59215705717016,25.291315391408208],[121.59285104124494,25.292037416854544],[121.59385901823828,25.292044472693235],[121.59395706504422,25.292482418700601],[121.59317200401985,25.292485388170313],[121.59244899589775,25.292431416498271],[121.5919380331285,25.291770413500824],[121.59130003147543,25.291440443484102],[121.59115803210194,25.29144841534864],[121.59105502781219,25.291453443978124],[121.59090301256586,25.291455402642484],[121.59024302080661,25.291625425225636],[121.58951503533495,25.291628424817979],[121.58911804037854,25.29164544733824],[121.5883780717227,25.291657442873298],[121.58771700300592,25.291809399450869],[121.58703204932897,25.292037395672516],[121.58701502451564,25.292042432282976],[121.58689203656813,25.292083455240132],[121.5865170217932,25.292396427680597],[121.58627705781379,25.292589431103739],[121.58551405646367,25.293026464161542],[121.58346006017834,25.294496424726933],[121.58292499577622,25.294986444586137],[121.58259304184983,25.295251388258333],[121.58210200987767,25.295612404713122],[121.58162199234594,25.295950422229364],[121.58106700245611,25.296160448715881],[121.58030304693132,25.296510426243881],[121.57980903385965,25.296903391501793],[121.57918202587329,25.297388437551231],[121.57842499102088,25.297904422543837],[121.57779301634099,25.298087472321555],[121.57774704739451,25.29810046545645],[121.57731803838972,25.298161470210605],[121.57685401259693,25.298178445242712],[121.57632605522559,25.298241448262079],[121.57569799204124,25.298316405614791],[121.57515305854903,25.298336402131419],[121.57401301887174,25.298354401477464],[121.57340004890602,25.298282390198406],[121.57295603854861,25.29814840191862],[121.57242500037393,25.297954454772746],[121.57187800463062,25.297762471511806],[121.57126601525054,25.297703450140496],[121.57064004665594,25.297722394163859],[121.56991199792159,25.297770434607894],[121.56898406121331,25.297668382972191],[121.56858806158985,25.297520400020847],[121.5679750267477,25.297236465491437],[121.56759099479237,25.296982432745757],[121.56729400851754,25.296652407230351],[121.5666780201485,25.295785406630486],[121.56689100612309,25.295349412291703],[121.56723707028004,25.294925454476733],[121.56764803221762,25.294773455055431],[121.56754206740078,25.293985397098641],[121.56709606483672,25.293931407729161],[121.56703602649664,25.294531395643734],[121.56639802203824,25.294473463104143],[121.56656006885189,25.29356346726027],[121.56596102303921,25.293021437365297],[121.56511001258309,25.292654436192375],[121.56416802918849,25.292856396908522],[121.56335203225376,25.292974457765574],[121.56228198862225,25.292692421449509],[121.56116204422811,25.292294451320345],[121.56036503987249,25.291893455028767],[121.5597040257903,25.291760440006261],[121.55904305035195,25.291853409967203],[121.5583020251504,25.292172414417138],[121.55783705468905,25.29214238049078],[121.55732804379562,25.292383382919844],[121.55665306617637,25.292552430488122],[121.55607306018481,25.292600385227331],[121.55539502703022,25.292781431963039],[121.55501506680299,25.292782420646159],[121.55442104998518,25.292922437025357],[121.55403903037688,25.292995456181526],[121.5536440283667,25.2929833940502],[121.55309604883449,25.292835409381851],[121.55276302149746,25.292387380551894],[121.5523500530898,25.292028411192533],[121.55225205466928,25.291730387211885],[121.55193699981227,25.291503409614815],[121.55159000457667,25.291277458048917],[121.55105506590836,25.291078390156702],[121.55026903955569,25.290995464011225],[121.54967205947865,25.290911464635535],[121.54863504876235,25.290915412679002],[121.54829006565494,25.291061439271473],[121.54870002300062,25.29142944837384],[121.54863807366796,25.291658466674953],[121.54826102762895,25.291745464363821],[121.54766499458499,25.291891400447287],[121.54737399740421,25.291913441208848],[121.5473260221473,25.291918398522608],[121.54688002348173,25.291951468402804],[121.54640905158281,25.292095422682554],[121.54612605429071,25.292240470757942],[121.54607000055276,25.292272459617219],[121.5460320241056,25.292295439539679],[121.54598807271006,25.292322427326091],[121.54594501396484,25.292347406729334],[121.54559399390885,25.292556456902123],[121.54511404189009,25.292709457231286],[121.54463501380488,25.292591416520377],[121.54428805636411,25.292996458553048],[121.54377407435659,25.293305422823643],[121.54283201089113,25.29353641859532],[121.54151604011271,25.294342448272307],[121.54083005990803,25.294859419597191],[121.54032603345441,25.295202462245662],[121.54035902851699,25.295604388415459],[121.54045203040305,25.295926451741614],[121.54045503538238,25.296438460350263],[121.54070602404373,25.296995416535108],[121.54079004151353,25.297396435914255],[121.54034105515809,25.29763037489893],[121.53996003786735,25.297803415191098],[121.53901802030884,25.298035471968905],[121.53849901416122,25.298791430835461],[121.53826907826246,25.299271424185733],[121.53787504165419,25.300026394753836],[121.53747807075948,25.300057441372044],[121.53693600429264,25.29971146064009],[121.53638707111492,25.298977442543247],[121.53567600014844,25.298307397893929],[121.53494200844374,25.297511391603013],[121.53402901402727,25.296776427275635],[121.53368100554856,25.29629943985568],[121.53348006771721,25.295864435065361],[121.53334003516848,25.295442412856847],[121.53349104636351,25.294480404390612],[121.53378302478987,25.293856458748721],[121.53412603986823,25.293198478075929],[121.53460301854679,25.293167402651047],[121.53495503033508,25.292882439476113],[121.53498705154686,25.292317396814397],[121.53497100920197,25.291108439043516],[121.53531507547827,25.290822419595436],[121.53487306242037,25.290309391802257],[121.53352501108135,25.291086409367153],[121.53339902425306,25.290915409419771],[121.53415304190747,25.290030407154546],[121.53424207143281,25.289770410643595],[121.53395204178149,25.289227393458305],[121.53347504748031,25.288766397565244],[121.53316803604095,25.2885164340328],[121.53260802765227,25.288491455690039],[121.53256600140236,25.288489438034464],[121.53194299202772,25.288462439373639],[121.53160900080923,25.288240454832295],[121.53123302245424,25.288063403933339],[121.53082002135,25.287733443568293],[121.53058599554417,25.287183445203986],[121.53023805447349,25.286897403112455],[121.52982906184624,25.286757394433923],[121.52939103050575,25.28665740516869],[121.52896100753088,25.286539401624434],[121.52793801397506,25.285777436250115],[121.52791606858881,25.285761434478164],[121.52721807639281,25.285283437973227],[121.52662402094717,25.285301437660213],[121.52570406624663,25.285467421844217],[121.52496005538399,25.28563646946629],[121.5241030789312,25.285955426678516],[121.52372302986581,25.286047428844793],[121.52321102035086,25.286078403453526],[121.52210204104504,25.286037460343302],[121.52170200043633,25.285918433851716],[121.52142300955788,25.285664449002905],[121.52118900715415,25.285394414862157],[121.52081503121418,25.285086421502275],[121.52077600236152,25.285055407952925],[121.52032906644504,25.28477041004594],[121.51989502831061,25.284471466102666],[121.51969899633221,25.284253394209202],[121.51932208485327,25.284078397586203],[121.51891307055948,25.283967428811504],[121.51815900626518,25.284026415100527],[121.51734305608758,25.284172471927519],[121.5162750124687,25.284376474031603],[121.51568605838237,25.284803409138064],[121.51517506965067,25.284940454207092],[121.51454801965325,25.284667442444768],[121.51366906343486,25.284927468948872],[121.51307405151205,25.285473418432208],[121.51293002327208,25.286146476109611],[121.51274904843527,25.286521433086911],[121.51253604162675,25.286899388212188],[121.51232299789866,25.287229394693902],[121.51240503782195,25.287728406781014],[121.51216200560621,25.28819141903908],[121.51234604591684,25.288581451745625],[121.51224600358351,25.289001453727806],[121.51170601194769,25.288906444105454],[121.51158207103788,25.289195429539262],[121.51183505480002,25.289932386849298],[121.51149202339346,25.29037841601443],[121.51117802401301,25.29036443340911],[121.5108640735114,25.290365419862081],[121.51054906749188,25.290366421938902],[121.50992105137844,25.29039739912222],[121.50919703846463,25.290172473465308],[121.50887302583136,25.28948740184498],[121.50931605087484,25.28854246852767],[121.50912402113913,25.287572459199442],[121.50943402679324,25.286512410405635],[121.50996401343927,25.285511467673036],[121.50989801047115,25.28482740972774],[121.5093290188979,25.284825402810803],[121.50933406806072,25.285310418764769],[121.50889504495831,25.285343438042194],[121.50889107100913,25.284487444949395],[121.5097080229334,25.284541402619766],[121.51065103787867,25.284538418973291],[121.51058607546021,25.284024465049264],[121.51017600438304,25.283655440092815],[121.50964003222653,25.283341469825295],[121.508665048412,25.283060415820227],[121.50789206978196,25.283064439982528],[121.50745701984981,25.282750379649077],[121.50760402876101,25.281510420355108],[121.50789404472498,25.279544416665484],[121.50807004079043,25.278089378209131],[121.50881406548031,25.277516386723178],[121.50928499578325,25.277205447590241],[121.50982907454122,25.277016397931337],[121.51050705878765,25.276867430656381],[121.51124204512487,25.276409376107061],[121.51183107362876,25.276138477921311],[121.51256702344801,25.275948400591574],[121.51354003766065,25.275891468551809],[121.51414504457692,25.275862460951533],[121.51473307517908,25.275590445230957],[121.51475904152159,25.274640453453156],[121.51503703226572,25.274223435834212],[121.51555105880982,25.273617451887265],[121.51593203951013,25.273133444806611],[121.51640201027672,25.27270238501313],[121.51701900587898,25.272043394494478],[121.51750305549255,25.271398399404241],[121.51791306950572,25.270794398751555],[121.51885201909352,25.269746472590892],[121.51943899990378,25.269126396253647],[121.52005705257481,25.268762441065483],[121.52076302508611,25.268451443606128],[121.52124905210326,25.268183469823761],[121.52182007816238,25.267375463259],[121.52234704612243,25.266421427456148],[121.52313905824153,25.265359478313027],[121.52387205320551,25.264445430402819],[121.52415406552399,25.26385340605303],[121.52430300358969,25.263523421351181],[121.52487903094463,25.263146415760094],[121.52532402342588,25.262847423233652],[121.52585306513545,25.26251445717136],[121.52640606658098,25.262251474129219],[121.52646102021359,25.261551454237885],[121.52650904393097,25.260627474227707],[121.52692306324026,25.260687390913873],[121.52747000327932,25.260956388085731],[121.52839404805046,25.26075644177482],[121.52880001277479,25.260163423314903],[121.52925800689,25.259864460973485],[121.5296390664773,25.259932446231765],[121.53006201953076,25.260197452175053],[121.53052705739519,25.26040642256325],[121.53084901255988,25.260251415077636],[121.53136904943366,25.260057405365025],[121.53176603892065,25.26013344920122],[121.53176801690186,25.260568445614215],[121.53160505176855,25.261092418312511],[121.53128899834257,25.261985419292284],[121.53119201495522,25.262317379769382],[121.53102804976473,25.262647438816511],[121.53084801636534,25.263167423026353],[121.53090105864153,25.263934390606266],[121.53120103384806,25.264294460151731],[121.53151807976109,25.264927398188107],[121.53214807055058,25.265476423564287],[121.53226602088009,25.265897456209132],[121.53293804041648,25.26594044692391],[121.53324004652369,25.265788394206577],[121.53352003224217,25.265548390301522],[121.53423306194745,25.265534435689474],[121.5352379999548,25.265903408282149],[121.53621303359895,25.265989438295854],[121.53889202197033,25.265517414231031],[121.53968803593676,25.265435418190052],[121.54069105444374,25.265718411293321],[121.54092501882687,25.266166455264624],[121.54140807315389,25.266494416690527],[121.54166901494941,25.266854418837564],[121.54193599793088,25.267634417531088],[121.54235002435854,25.267904401621529],[121.54276403813229,25.26791840499471],[121.54322801488821,25.267930419591149],[121.54380403338119,25.267675396687405],[121.54443203919737,25.267356452614933],[121.54484302537422,25.267115402639799],[121.54543803435958,25.266856443948317],[121.54584905949662,25.266674439162102],[121.54641102708513,25.266446459377509],[121.54670807648975,25.26616041073407],[121.54743204966952,25.265481388795486],[121.54834202603406,25.265777400251494],[121.54866899474708,25.265101384813409],[121.54885005485148,25.264755453681733],[121.54904902704199,25.264423455110464],[121.54931099558434,25.264061421127899],[121.54972500283505,25.263254434598458],[121.54994300307735,25.26256942587619],[121.54999099903701,25.261589458452772],[121.54960399681752,25.260571395729226],[121.54939406686273,25.259847433389037],[121.54883105556314,25.25923340873587],[121.54832606304541,25.258431465696425],[121.54788102620364,25.257869463177247],[121.54779105612693,25.257361381723825],[121.54788307706535,25.25658945635243],[121.54788103394385,25.25597343261833],[121.54805801376889,25.255304469885573],[121.5478590301898,25.254883396600942],[121.5473620644149,25.254675406198057],[121.54706306670322,25.254464435608067],[121.54681501141152,25.254164426769485],[121.54643200353526,25.25355044396197],[121.54654300905474,25.253068442779906],[121.54675899611186,25.252754444105936],[121.54682102756423,25.252271450385606],[121.54683602407138,25.251761453457021],[121.54695006547971,25.251264457192438],[121.54716207118167,25.250737385560178],[121.5475390491619,25.249970445146857],[121.54752101251532,25.249309431332343],[121.54733506439541,25.24822938447997],[121.54697802714739,25.247781453197909],[121.54670706471386,25.247407396632571],[121.54659003880238,25.24700144250945],[121.54628502474193,25.246116408307941],[121.54554507451965,25.245631422348627],[121.54529005617032,25.245307410285445],[121.54533701183642,25.244767417397057],[121.54585000829883,25.243824461416537],[121.54588801614831,25.243206397130738],[121.54547501614617,25.242832421265355],[121.54469807626323,25.24199842407295],[121.54457602342964,25.241432405910263],[121.5448130702362,25.241052423599857],[121.54534702517594,25.240865451564748],[121.54585301026773,25.241215425197819],[121.54641707953343,25.241883450963645],[121.54701100821174,25.242179469884359],[121.54760402618821,25.242364443003488],[121.5481980583086,25.242685465553869],[121.54864702355184,25.243223442176546],[121.54915703222174,25.243844439556],[121.54977803604585,25.244024419271629],[121.55091400940981,25.245248454853012],[121.55182603867175,25.24517741310023],[121.55212606854238,25.244877445028447],[121.55250508047342,25.243666451212622],[121.55223404295354,25.243369437526713],[121.55161301298449,25.242913460724616],[121.55101502673469,25.242646456773176],[121.55081000400401,25.242353419118018],[121.55116201068483,25.242055428519507],[121.55222503094939,25.241430469974333],[121.55255000019363,25.240944409421893],[121.55272606970439,25.240593435214564],[121.55296300917367,25.240321421397134],[121.55328904336454,25.24010847570349],[121.55388000755505,25.239675406672013],[121.55417506135618,25.239349447577666],[121.55452405024199,25.238350475363212],[121.55499502626373,25.237998391254827],[121.55537603687085,25.236139391156023],[121.55552001006535,25.235627469735999],[121.55581406858536,25.235192445076379],[121.55593103595578,25.234630417473905],[121.55637306315101,25.233518404325913],[121.55621900904985,25.232767426830925],[121.55612799598744,25.232252415902302],[121.55574007259852,25.231448427918757],[121.55549806107098,25.230745464239941],[121.55549607624275,25.230287438426785],[121.55567101944075,25.229803385505871],[121.55599407114796,25.229048455747922],[121.555604032983,25.227889466177945],[121.55575100516101,25.227298431858067],[121.55714204123021,25.226834454859315],[121.55752601613914,25.226591391310347],[121.55814399027112,25.225404400305756],[121.55920502283492,25.224511425958003],[121.55994004428038,25.223700394701137],[121.5603839950618,25.223348396063955],[121.560976040908,25.223104446159013],[121.56174701929434,25.222643409569649],[121.5625450285218,25.222152464351506],[121.56275200153398,25.221858428077834],[121.56277604535347,25.221262444441674],[121.56286005145303,25.220431478037248],[121.56300900994682,25.220052432299646],[121.56403804033089,25.218752438061507],[121.56459906571098,25.217753426408546],[121.56482901064446,25.21681347781535],[121.56506399741649,25.216083419397886],[121.56532799907514,25.215680448278256],[121.56597705234879,25.214922445814651]]]},"properties":{"OBJECTID":1,"COUNTYNAME":"新北市","TOWNNAME":"石門區","TOWNID":"F27","TRANSP":50,"CODE":" ","INDEXCODE":"1000122","Shape.STArea()":52292891.618652344,"Shape.STLength()":43060.059215548943}},{"type":"Feature","id":2,"geometry":{"type":"Polygon","coordinates":[[[121.52175501515305,25.17911945906047],[121.52202007440607,25.179466409953825],[121.52551102069498,25.182613400925391],[121.52607907150008,25.182907445764293],[121.52686403359171,25.18302445249514],[121.52879203567974,25.18309441989965],[121.52921300791297,25.183040461849409],[121.52963499970312,25.183110448579725],[121.53058602088187,25.18358846122722],[121.53124800714301,25.183707436484919],[121.53166904255944,25.183706466845628],[121.53291304944324,25.183677436787033],[121.53346506675591,25.183817456662133],[121.53402307432694,25.184393470039193],[121.53436604065884,25.184561431965641],[121.53521400319015,25.184894422838724],[121.53587408208703,25.185490451960941],[121.536404062429,25.185941422640404],[121.53675600537355,25.187093473345346],[121.53717806837788,25.187191436257173],[121.53796905154741,25.187067400702503],[121.53913099926804,25.187184434010483],[121.54005607836336,25.187201465996544],[121.54063607026202,25.187296408533747],[121.54095205773577,25.187559420633413],[121.54209405273645,25.188659469663587],[121.54273102729792,25.189162476989839],[121.54278406004285,25.189663463152133],[121.54282001339195,25.191680452673435],[121.54295205946049,25.192113436766764],[121.54316899622744,25.193144437694883],[121.54317206420095,25.193742415595455],[121.54328003088951,25.194080406856102],[121.54380899993575,25.194582456612224],[121.54436703582347,25.195108397145901],[121.54487005471219,25.195754450992258],[121.54542703747872,25.196113462057795],[121.54577005469706,25.196353447982464],[121.54619802148075,25.196852418188797],[121.54688399781818,25.197044446037587],[121.54744008483104,25.197234440811062],[121.54762200837985,25.197545430482805],[121.5481010070137,25.198046475606752],[121.54852304631888,25.198187463033449],[121.5498440016873,25.19758441826826],[121.55023602349836,25.197199410263675],[121.55074000162249,25.197196450350919],[121.55137203129007,25.197602465251983],[121.55214307592055,25.198197476110799],[121.55248799855006,25.198677428740833],[121.55267501043724,25.199037427812932],[121.55254600186736,25.20021443812487],[121.55260406295552,25.200836398466162],[121.55155405977671,25.202017477180327],[121.55155605780874,25.202405433332075],[121.55169001852461,25.203364426218691],[121.55219499382456,25.203721434418661],[121.55269598713834,25.203886404146079],[121.55319901583448,25.204317448196061],[121.55333400797464,25.204722424229129],[121.5534150254431,25.205131398324099],[121.55367999687027,25.205466447876773],[121.55415804526224,25.205800445796211],[121.55479706559345,25.207791402869336],[121.55498400707353,25.208296408531982],[121.55535502733707,25.208509453292198],[121.55641199742014,25.208695438416246],[121.55696806493144,25.208814417440884],[121.55739003817837,25.208982393027028],[121.55792006988952,25.209459451659093],[121.5584770184776,25.20984044418357],[121.55948602196882,25.210274434348563],[121.56005800178303,25.210881441994541],[121.56035799724664,25.211580472765959],[121.56071406915729,25.212118413923676],[121.56170101742906,25.213410462272172],[121.56244204430229,25.214050403107645],[121.56282706349133,25.214132452611],[121.56371400438216,25.213804396962409],[121.56419206021936,25.213829385166505],[121.56463499462446,25.214099465593417],[121.56520299208167,25.214525438698228],[121.56597705234879,25.214922445814651],[121.56532799907514,25.215680448278256],[121.56506399741649,25.216083419397886],[121.56482901064446,25.21681347781535],[121.56459906571098,25.217753426408546],[121.56403804033089,25.218752438061507],[121.56300900994682,25.220052432299646],[121.56286005145303,25.220431478037248],[121.56277604535347,25.221262444441674],[121.56275200153398,25.221858428077834],[121.5625450285218,25.222152464351506],[121.56174701929434,25.222643409569649],[121.560976040908,25.223104446159013],[121.5603839950618,25.223348396063955],[121.55994004428038,25.223700394701137],[121.55920502283492,25.224511425958003],[121.55814399027112,25.225404400305756],[121.55752601613914,25.226591391310347],[121.55714204123021,25.226834454859315],[121.55575100516101,25.227298431858067],[121.555604032983,25.227889466177945],[121.55599407114796,25.229048455747922],[121.55567101944075,25.229803385505871],[121.55549607624275,25.230287438426785],[121.55549806107098,25.230745464239941],[121.55574007259852,25.231448427918757],[121.55612799598744,25.232252415902302],[121.55621900904985,25.232767426830925],[121.55637306315101,25.233518404325913],[121.55593103595578,25.234630417473905],[121.55581406858536,25.235192445076379],[121.55552001006535,25.235627469735999],[121.55537603687085,25.236139391156023],[121.55499502626373,25.237998391254827],[121.55452405024199,25.238350475363212],[121.55417506135618,25.239349447577666],[121.55388000755505,25.239675406672013],[121.55328904336454,25.24010847570349],[121.55296300917367,25.240321421397134],[121.55272606970439,25.240593435214564],[121.55255000019363,25.240944409421893],[121.55222503094939,25.241430469974333],[121.55116201068483,25.242055428519507],[121.55081000400401,25.242353419118018],[121.55101502673469,25.242646456773176],[121.55161301298449,25.242913460724616],[121.55223404295354,25.243369437526713],[121.55250508047342,25.243666451212622],[121.55212606854238,25.244877445028447],[121.55182603867175,25.24517741310023],[121.55091400940981,25.245248454853012],[121.54977803604585,25.244024419271629],[121.54915703222174,25.243844439556],[121.54864702355184,25.243223442176546],[121.5481980583086,25.242685465553869],[121.54760402618821,25.242364443003488],[121.54701100821174,25.242179469884359],[121.54641707953343,25.241883450963645],[121.54585301026773,25.241215425197819],[121.54534702517594,25.240865451564748],[121.5448130702362,25.241052423599857],[121.54457602342964,25.241432405910263],[121.54469807626323,25.24199842407295],[121.54547501614617,25.242832421265355],[121.54588801614831,25.243206397130738],[121.54585000829883,25.243824461416537],[121.54533701183642,25.244767417397057],[121.54529005617032,25.245307410285445],[121.54554507451965,25.245631422348627],[121.54628502474193,25.246116408307941],[121.54659003880238,25.24700144250945],[121.54670706471386,25.247407396632571],[121.54697802714739,25.247781453197909],[121.54733506439541,25.24822938447997],[121.54752101251532,25.249309431332343],[121.5475390491619,25.249970445146857],[121.54716207118167,25.250737385560178],[121.54695006547971,25.251264457192438],[121.54683602407138,25.251761453457021],[121.54682102756423,25.252271450385606],[121.54675899611186,25.252754444105936],[121.54654300905474,25.253068442779906],[121.54643200353526,25.25355044396197],[121.54681501141152,25.254164426769485],[121.54706306670322,25.254464435608067],[121.5473620644149,25.254675406198057],[121.5478590301898,25.254883396600942],[121.54805801376889,25.255304469885573],[121.54788103394385,25.25597343261833],[121.54788307706535,25.25658945635243],[121.54779105612693,25.257361381723825],[121.54788102620364,25.257869463177247],[121.54832606304541,25.258431465696425],[121.54883105556314,25.25923340873587],[121.54939406686273,25.259847433389037],[121.54960399681752,25.260571395729226],[121.54999099903701,25.261589458452772],[121.54994300307735,25.26256942587619],[121.54972500283505,25.263254434598458],[121.54931099558434,25.264061421127899],[121.54904902704199,25.264423455110464],[121.54885005485148,25.264755453681733],[121.54866899474708,25.265101384813409],[121.54834202603406,25.265777400251494],[121.54743204966952,25.265481388795486],[121.54670807648975,25.26616041073407],[121.54641102708513,25.266446459377509],[121.54584905949662,25.266674439162102],[121.54543803435958,25.266856443948317],[121.54484302537422,25.267115402639799],[121.54443203919737,25.267356452614933],[121.54380403338119,25.267675396687405],[121.54322801488821,25.267930419591149],[121.54276403813229,25.26791840499471],[121.54235002435854,25.267904401621529],[121.54193599793088,25.267634417531088],[121.54166901494941,25.266854418837564],[121.54140807315389,25.266494416690527],[121.54092501882687,25.266166455264624],[121.54069105444374,25.265718411293321],[121.53968803593676,25.265435418190052],[121.53889202197033,25.265517414231031],[121.53621303359895,25.265989438295854],[121.5352379999548,25.265903408282149],[121.53423306194745,25.265534435689474],[121.53352003224217,25.265548390301522],[121.53324004652369,25.265788394206577],[121.53293804041648,25.26594044692391],[121.53226602088009,25.265897456209132],[121.53214807055058,25.265476423564287],[121.53151807976109,25.264927398188107],[121.53120103384806,25.264294460151731],[121.53090105864153,25.263934390606266],[121.53084801636534,25.263167423026353],[121.53102804976473,25.262647438816511],[121.53119201495522,25.262317379769382],[121.53128899834257,25.261985419292284],[121.53160505176855,25.261092418312511],[121.53176801690186,25.260568445614215],[121.53176603892065,25.26013344920122],[121.53136904943366,25.260057405365025],[121.53084901255988,25.260251415077636],[121.53052705739519,25.26040642256325],[121.53006201953076,25.260197452175053],[121.5296390664773,25.259932446231765],[121.52925800689,25.259864460973485],[121.52880001277479,25.260163423314903],[121.52839404805046,25.26075644177482],[121.52747000327932,25.260956388085731],[121.52692306324026,25.260687390913873],[121.52650904393097,25.260627474227707],[121.52646102021359,25.261551454237885],[121.52640606658098,25.262251474129219],[121.52585306513545,25.26251445717136],[121.52532402342588,25.262847423233652],[121.52487903094463,25.263146415760094],[121.52430300358969,25.263523421351181],[121.52415406552399,25.26385340605303],[121.52387205320551,25.264445430402819],[121.52313905824153,25.265359478313027],[121.52234704612243,25.266421427456148],[121.52182007816238,25.267375463259],[121.52124905210326,25.268183469823761],[121.52076302508611,25.268451443606128],[121.52005705257481,25.268762441065483],[121.51943899990378,25.269126396253647],[121.51885201909352,25.269746472590892],[121.51791306950572,25.270794398751555],[121.51750305549255,25.271398399404241],[121.51701900587898,25.272043394494478],[121.51640201027672,25.27270238501313],[121.51593203951013,25.273133444806611],[121.51555105880982,25.273617451887265],[121.51503703226572,25.274223435834212],[121.51475904152159,25.274640453453156],[121.51473307517908,25.275590445230957],[121.51414504457692,25.275862460951533],[121.51354003766065,25.275891468551809],[121.51256702344801,25.275948400591574],[121.51183107362876,25.276138477921311],[121.51124204512487,25.276409376107061],[121.51050705878765,25.276867430656381],[121.50982907454122,25.277016397931337],[121.50928499578325,25.277205447590241],[121.50881406548031,25.277516386723178],[121.50807004079043,25.278089378209131],[121.50789404472498,25.279544416665484],[121.50760402876101,25.281510420355108],[121.50745701984981,25.282750379649077],[121.50619403676269,25.281296413647027],[121.50502100393064,25.280591401961047],[121.50460800731069,25.280239434505869],[121.5044970347672,25.279943400911691],[121.50449500708376,25.279372438075114],[121.50432202374473,25.279312442777595],[121.50391106195279,25.279629404196616],[121.50198006807889,25.278981411794373],[121.50193603489002,25.278966377684362],[121.50091706108114,25.278752439341041],[121.49955004462474,25.278403414674269],[121.49867206013774,25.278314381656724],[121.49861805999475,25.278307425825446],[121.49768599382871,25.278252444758902],[121.49723106269954,25.278195459969435],[121.49679604944126,25.277821423468115],[121.49603408335055,25.277056462362342],[121.49516402158918,25.276114437714941],[121.49388106458878,25.275172440320745],[121.49290404142943,25.274564466335342],[121.49160201893295,25.274173443141667],[121.49021404935637,25.273844441541165],[121.489411059974,25.273375439838581],[121.48871701985418,25.273278435225826],[121.4884350681277,25.273220408665118],[121.48794001487751,25.272607462361684],[121.48697702625174,25.272177441831854],[121.48561203249558,25.271238441911141],[121.48435093773706,25.270947432832699],[121.48309294903176,25.270693417809586],[121.48268098460753,25.27053938908951],[121.48248298377919,25.270418421401491],[121.48222498711422,25.270263433012556],[121.48144194964661,25.269399397700898],[121.48046395267025,25.268851399692409],[121.47955293402646,25.268421425208341],[121.47894495288158,25.268166434818873],[121.47816199700472,25.267501393937916],[121.4779039967339,25.266818394609952],[121.47783294056002,25.266261461408998],[121.47826294306678,25.265509428739012],[121.4784139502685,25.264843429203388],[121.47853695620363,25.264404405688598],[121.47894994723001,25.264243439412155],[121.47931899232945,25.264027449946909],[121.47933892273088,25.26351544874904],[121.47909797838057,25.262965398695847],[121.47780092836638,25.262037478106031],[121.4771649421502,25.261630434642463],[121.47668595049979,25.261140462582542],[121.47579598226613,25.260652444920428],[121.47555597494319,25.260337380976839],[121.47527299071035,25.259983459994867],[121.47535795608755,25.259450414097003],[121.47546397352878,25.258917464637733],[121.47523695943174,25.258130438090785],[121.475133966885,25.257776390448594],[121.47501500126383,25.257041468510284],[121.47469696813803,25.256773430911046],[121.47425697083499,25.256553470497597],[121.47372299747305,25.256614409189755],[121.47340699479955,25.256357473744128],[121.47318492373839,25.255871445930321],[121.47308795853979,25.255442438770267],[121.47175896160708,25.253528435601265],[121.46936499305325,25.252276473276162],[121.46863294354962,25.251628457447399],[121.46823295998205,25.251503418844809],[121.46750698181614,25.251623449622155],[121.46563196776638,25.250888467366789],[121.46558594679431,25.250886443056274],[121.46480093258903,25.251031392068541],[121.46442399628036,25.251061471650996],[121.46346499615854,25.251035400961094],[121.46341798441269,25.25103546001257],[121.46281899806134,25.250637456149121],[121.46228297349305,25.250411440762161],[121.46112095742238,25.250613432463819],[121.46036396153583,25.250216453449529],[121.45945496506292,25.249903458649605],[121.45941992134547,25.249903466552148],[121.45844596673253,25.250080397333882],[121.45775594962298,25.250597453445263],[121.45737994705307,25.25076943334766],[121.45669200500576,25.251517425144602],[121.45612598293923,25.251634484081787],[121.455308980284,25.251636462604992],[121.45486798832391,25.251552402310899],[121.45426991894284,25.251353437516599],[121.45367100230678,25.251097430118278],[121.45310399042525,25.250727449002309],[121.45161899540564,25.249528464010137],[121.45122899925475,25.248241433365255],[121.45081898535302,25.247784471574828],[121.45060796483901,25.247468483514126],[121.45000691989551,25.246409420847115],[121.44962897968898,25.246009426804068],[121.44934395512558,25.245493397821935],[121.44915200341977,25.244749467341261],[121.44921396701606,25.244347402532114],[121.44940096225081,25.244030477809019],[121.45024501120825,25.24431447402522],[121.45156398939346,25.244281465482132],[121.45269398428195,25.244135442584643],[121.45344798066128,25.244133395339723],[121.45407195844506,25.244112434195344],[121.45559898432796,25.243552458442426],[121.45664796305725,25.243174434129234],[121.45714896817464,25.242828442029651],[121.45761696842892,25.242108396270698],[121.45773799054066,25.241018421928498],[121.45814498871539,25.240559400373467],[121.45899092850803,25.240240419566113],[121.45993296263862,25.240066473232229],[121.46049798799382,25.240005399730371],[121.46176292110894,25.240112422340847],[121.46249693747052,25.240139461470346],[121.46313898203952,25.240248409273207],[121.46399396702836,25.23993838867904],[121.46445096741793,25.239548445053806],[121.46507992997046,25.23927344549152],[121.46636697369833,25.239125461788749],[121.47110797452369,25.238850388967712],[121.47208092595427,25.238675472395158],[121.47305294096344,25.238241416638513],[121.47484096753,25.237804457867934],[121.47659596007902,25.237110466119901],[121.47919696858145,25.235782402454799],[121.48088996382079,25.235203404098424],[121.48233199742047,25.234740402740854],[121.4835549183063,25.234275393574201],[121.48477700693898,25.233641440878603],[121.48562404105445,25.233153458163137],[121.48811301974197,25.232254383089607],[121.48928803565667,25.231735417965446],[121.49008201515289,25.231679426547032],[121.49069405122516,25.23166141604192],[121.49187204325895,25.231824442336166],[121.4948790042004,25.23078539231398],[121.49573504591805,25.230574414872986],[121.49692403276643,25.229916461236549],[121.4975980805593,25.22926547994707],[121.49743902328461,25.228864404533713],[121.49696603586374,25.228348483138618],[121.4966810014285,25.227892401884215],[121.49629902489765,25.226862416806764],[121.49636106652757,25.226516405069649],[121.49707802349485,25.225568412399792],[121.49783007740639,25.22522044330821],[121.49830101399769,25.225218414788458],[121.49874105524049,25.225303409546289],[121.49999601653228,25.225185410641547],[121.50068406546045,25.224781395395759],[121.50137208325199,25.224032468426152],[121.5013660282512,25.22285639968473],[121.50054404699762,25.221712455688831],[121.50007302777178,25.221572482728977],[121.4994769959041,25.221775467058297],[121.49903702925127,25.221661479169875],[121.49831599655681,25.221722417950335],[121.49859505393805,25.220918457448327],[121.49831003338484,25.220517454278351],[121.49793102012475,25.21997439273186],[121.49755599403832,25.220291392695717],[121.49699699533889,25.221726404783475],[121.49643202428688,25.221672420707161],[121.49658703499111,25.221240411735227],[121.49658505777677,25.220753413032501],[121.4964570735773,25.220322442187275],[121.49658006410874,25.219663464703689],[121.49648301837158,25.219090469497264],[121.49688905958152,25.218630438271902],[121.49716906342968,25.217997392208211],[121.49773002399098,25.217393479045075],[121.49797908190426,25.21702046510546],[121.49838301280546,25.216188463041906],[121.49834707744111,25.215184392693768],[121.49790605925074,25.214727400268966],[121.49746107835119,25.21369745213719],[121.49686705612929,25.214042454107044],[121.49598904281288,25.214334415364988],[121.49476000504984,25.213390425529624],[121.49375407622999,25.212879414345871],[121.49277606464621,25.211821428444271],[121.4913630748219,25.211855390542123],[121.49067001288259,25.211341426515983],[121.48966507364335,25.211114428051538],[121.48906705438512,25.210888435368254],[121.48859705947886,25.210890443349975],[121.4877510157536,25.211380432729346],[121.48643304765493,25.211414475633834],[121.48618007122222,25.211072391305152],[121.48598700325522,25.2100683902894],[121.48579705899461,25.209581465325208],[121.48535399011796,25.208779444494734],[121.48528903797686,25.208292461407289],[121.48591505289853,25.207861451084806],[121.48632107422166,25.207458427955675],[121.48644408553942,25.206940407448236],[121.48612807185016,25.206368476930997],[121.48590400750592,25.205739453399588],[121.48552501659653,25.205197429324034],[121.48555508470893,25.204851437386054],[121.48605605003964,25.204534419149812],[121.4871210296851,25.204216450681226],[121.48702505938934,25.203815432168959],[121.48743207125686,25.203498441544266],[121.48877800315316,25.202747414252212],[121.48912202720783,25.202401456153783],[121.48924102152259,25.200882429978588],[121.48881302822298,25.200614417487106],[121.48838006355265,25.200347416824734],[121.48785006132542,25.200214471101916],[121.48637806330007,25.199573478164371],[121.48596903890014,25.199318410457867],[121.48571606432303,25.198802432045298],[121.48577701418412,25.19834447145114],[121.48608705687063,25.19762439873735],[121.4864930307366,25.197221464516456],[121.48721503756205,25.19713340302556],[121.48787302110121,25.1969594100884],[121.48828101001823,25.196872479034976],[121.49006902600354,25.196722462875005],[121.49141603729721,25.196259426454834],[121.49266800699553,25.195366464805314],[121.49304106704588,25.194762462994372],[121.49354701706775,25.194070427023714],[121.49362304706608,25.19366143463283],[121.49356006933431,25.193350433893848],[121.4936990677309,25.193236463680144],[121.49463499445029,25.193152444199811],[121.49482102804603,25.192806471155269],[121.49491303467681,25.192205472751844],[121.49507102087624,25.19162547813831],[121.49548801977345,25.191287408777345],[121.49606903906187,25.19119741762529],[121.49673003184665,25.191653414191922],[121.49713901517593,25.191882459358641],[121.49779901850086,25.192110470218992],[121.49836402411292,25.192165447469897],[121.49899300624682,25.192334432642603],[121.49974705419336,25.19264843168677],[121.50084603044583,25.192729404206869],[121.50141100259809,25.192697423726116],[121.50244504944339,25.192493474539265],[121.5026950140079,25.192120461748214],[121.50269201809103,25.191488453901826],[121.50353505468692,25.190655473547611],[121.50469304786606,25.190107451552027],[121.50582305696027,25.190159400253894],[121.50632507305748,25.19004346980719],[121.50670006245213,25.189728427651975],[121.50719905467091,25.189180472364193],[121.50757301237657,25.188634395205952],[121.50775805512345,25.187946401066732],[121.5082340275959,25.18770948009961],[121.50890204659902,25.187488405645119],[121.50943202158059,25.187486405755557],[121.50996707077479,25.187484474048848],[121.51026203865536,25.187215492908379],[121.51058700887566,25.186566462004048],[121.51091303640371,25.186271442382921],[121.51123303679168,25.18586439909641],[121.5120040484364,25.185162455275727],[121.51271500675271,25.18499945704831],[121.5130989933453,25.184808431229428],[121.51368702116694,25.183997414831857],[121.51451204807884,25.183615423371847],[121.51638003804592,25.183099434489556],[121.51842001860857,25.1827714058157],[121.51919303517725,25.182579454072517],[121.51963402630163,25.182307407012612],[121.52004505309081,25.181281463587908],[121.52072104301929,25.180229401667262],[121.52175501515305,25.17911945906047]]]},"properties":{"OBJECTID":2,"COUNTYNAME":"新北市","TOWNNAME":"三芝區","TOWNID":"F26","TRANSP":50,"CODE":" ","INDEXCODE":"1000121","Shape.STArea()":66015546.960449219,"Shape.STLength()":46620.048289336097}},{"type":"Feature","id":3,"geometry":{"type":"Polygon","coordinates":[[[121.65004703619667,25.22254344421798],[121.64984102120471,25.223103410035716],[121.64977502433632,25.223747434814058],[121.65027807709578,25.223749471700277],[121.6505590025732,25.22405546736282],[121.65045901308885,25.225202466057098],[121.65114098846408,25.225677430053107],[121.65157205687841,25.225610428496363],[121.65195004755873,25.225787442943144],[121.65177097941792,25.226704452845738],[121.65195601173524,25.227306470685463],[121.6522690086948,25.227649448712359],[121.65261401651962,25.227856395673861],[121.65301902671629,25.228459432789162],[121.6540210164203,25.229037442631185],[121.65416302535149,25.229201408473223],[121.65412701236617,25.229402444730592],[121.65398100477572,25.229486428618419],[121.65282601068571,25.229261387241493],[121.6522600343643,25.229374401231098],[121.65108805847358,25.230862428206343],[121.65108405151763,25.231695428853151],[121.65161305642678,25.232645422738418],[121.65189500656146,25.232876396537495],[121.65175506441507,25.233222457952788],[121.65143301495027,25.233241484025413],[121.65047805424098,25.232659454116305],[121.65001202796009,25.232266420917526],[121.64963600662003,25.232035403850091],[121.64922905554563,25.231802452540403],[121.64852303457029,25.231261388419846],[121.64848904959179,25.230934443030584],[121.64890000441244,25.230718481319588],[121.64911403553987,25.230615425010626],[121.64890400124034,25.230144409316441],[121.64873202031939,25.230147422271518],[121.64852306167663,25.230124427727354],[121.64825404236545,25.230138421192358],[121.64791300246756,25.230138467052463],[121.64758407119376,25.23013946745921],[121.64687103567191,25.230203441055842],[121.64595004266059,25.230263452663287],[121.64626301109145,25.230959442371528],[121.64608699916337,25.230989471846613],[121.64575999677331,25.230303468175169],[121.6447440327061,25.230004443459944],[121.64392403605976,25.23046244090138],[121.64206700209229,25.2317554674276],[121.64178305411352,25.231982410655775],[121.64108802006494,25.232671422991878],[121.63998300733515,25.233411419533283],[121.63935206202942,25.23392642187833],[121.63868804679633,25.234527449008358],[121.63795902843781,25.235501439658464],[121.63817602558808,25.236247437589483],[121.6380330431184,25.236412472770514],[121.63738601904156,25.236300423688697],[121.63677505671724,25.236352432685937],[121.63647600948035,25.236530422987634],[121.63568400717736,25.237474431006657],[121.63508399573512,25.237903434867544],[121.63457605795242,25.238734439625702],[121.63400306364811,25.23996839772904],[121.63387000720037,25.24039141981071],[121.63404801284673,25.242209475412924],[121.63422503855624,25.242782391789188],[121.63454103224177,25.243514424190789],[121.6347920052584,25.244136409143611],[121.63488300340633,25.244740391163251],[121.63507700326889,25.248211413434138],[121.63522002534833,25.249941411246649],[121.63520699584133,25.250302422723177],[121.63511005662735,25.25096544013655],[121.63473504766444,25.251973380639544],[121.63457199497716,25.252486465008925],[121.63447703287407,25.253042400123665],[121.63416701197174,25.253855400544353],[121.63412098465967,25.25442439324938],[121.63389200199276,25.254983438345768],[121.63377904847835,25.255654391938911],[121.63373505456951,25.25669043274317],[121.63378703200119,25.257112470237676],[121.63395605318811,25.25798246054903],[121.63397598316384,25.25844743948343],[121.63389399334564,25.25885344279839],[121.63354903589432,25.259410462700657],[121.63335403670202,25.25986047318246],[121.63315604332682,25.260161427037666],[121.63268100385098,25.260707438217434],[121.63230202460824,25.261038412584352],[121.63201300155789,25.261346439779292],[121.63158706202968,25.261951473537383],[121.63130798622491,25.262475416848069],[121.63112999703598,25.2628624194869],[121.63091801289011,25.26346643629525],[121.63067103630335,25.263783398287345],[121.63026101772179,25.264337422276288],[121.62983300402082,25.264912394888068],[121.62934105807706,25.265650403050504],[121.62898006839836,25.26607241082672],[121.62835503004041,25.266841414281711],[121.62809504682102,25.267339454637501],[121.62790105040274,25.267640384512099],[121.62717804097082,25.268453423459537],[121.6264879878173,25.269179450816129],[121.62597802468392,25.269797449528141],[121.62571505759732,25.270049471651209],[121.62510502064826,25.270397398856826],[121.62469299533578,25.270728419036388],[121.62418504660846,25.271198419113123],[121.62342605517242,25.27201140255881],[121.62258901635532,25.272766396024547],[121.62194603822601,25.273369404486907],[121.62115499719073,25.274153442271942],[121.62014099425983,25.275076459258745],[121.61926999569755,25.27390639599518],[121.61868900205573,25.273624429070608],[121.61824099154788,25.273549388545042],[121.61743200867855,25.273462400508496],[121.61699906395617,25.273209431834879],[121.61678307815096,25.27292647345347],[121.61611600917792,25.271637443913669],[121.61583005358248,25.270991474491233],[121.61563106388367,25.270554405156958],[121.61547604258411,25.269776437878587],[121.61540701158077,25.268835397083787],[121.61522003235497,25.267874442396554],[121.61501605073764,25.267108407133275],[121.61493303240991,25.266627444363333],[121.61539499296795,25.266355467483592],[121.61600605402874,25.266145445444998],[121.61653299879464,25.265930450394116],[121.61684400053907,25.265507420133801],[121.61690605285916,25.264577396354753],[121.61740903972806,25.264017408151712],[121.61772801312151,25.263680403103326],[121.61779300124545,25.263400418813337],[121.61818899490565,25.263188387162163],[121.61860103807419,25.26279644679515],[121.61942404051213,25.262418406807658],[121.61868799214082,25.260532440368884],[121.61853505996503,25.25985846243583],[121.61859599910235,25.258684395498957],[121.61866002301875,25.258261411877587],[121.61879004948655,25.257631396706063],[121.61879906501453,25.256564443457329],[121.61881006070398,25.255228438120536],[121.61877405664451,25.25450540151343],[121.61850399553356,25.253936451229666],[121.61795600625679,25.253396408608044],[121.61717603459921,25.252783467681127],[121.61674401909225,25.25263639249512],[121.61636405942217,25.252532431922695],[121.61557300141213,25.252625475360603],[121.61456605597328,25.253020427884383],[121.61395506749005,25.253232435526609],[121.61324601462968,25.253402410321311],[121.6121590703742,25.253488441552697],[121.61049002377581,25.253555394510702],[121.60961399855202,25.253559467581557],[121.6084720615257,25.253458454218595],[121.6076790692608,25.253296393482625],[121.60685200009914,25.253119410206519],[121.60570903282266,25.252823455106679],[121.6042410030804,25.252391391072841],[121.60361104421393,25.252216459071565],[121.60324804171339,25.25209543300053],[121.60268799811053,25.251615412687375],[121.60246201944483,25.251271432001879],[121.60178005678316,25.25050642872003],[121.6014680459931,25.250212461339892],[121.60108202655397,25.249904443067937],[121.60042405479984,25.249291456902942],[121.60003703374369,25.248778399507895],[121.60007105784874,25.248085403036196],[121.60003600866465,25.24716939801711],[121.59994505896924,25.246738386566744],[121.59967302717743,25.246229463141354],[121.59910605648585,25.245315440162809],[121.59889407019209,25.24456241346606],[121.59856400139432,25.24388940586649],[121.59811903363843,25.243272480993923],[121.59740602200111,25.242977416460715],[121.59606906119691,25.242768469188885],[121.59488303737314,25.242447416171839],[121.59408207378108,25.242347437645943],[121.59375407552825,25.242159417722107],[121.59327700376069,25.241301446767363],[121.59309805012967,25.240951409055715],[121.59265003130461,25.240712412747349],[121.59214401168012,25.240147446732522],[121.59131401182408,25.239559398280754],[121.59080700000089,25.23888444501819],[121.59021004682269,25.23799743083578],[121.58931402872182,25.23746443122641],[121.58848399474445,25.23684845603675],[121.58782604234084,25.236122473046937],[121.58666704659835,25.234969416076837],[121.58494004355434,25.233707464379322],[121.58375005041066,25.232635410584013],[121.58294606348441,25.231749447425148],[121.58267503033319,25.230619398749621],[121.5822560515455,25.22981343557954],[121.58192599472549,25.22930442821054],[121.58171599684685,25.228818430604441],[121.58153707080008,25.22825647680007],[121.58156106611997,25.22774246814442],[121.58188306638452,25.22666443868302],[121.58196805820005,25.225962401349619],[121.58193806342697,25.225183431239973],[121.58166502964156,25.22445543632757],[121.5812449891353,25.223437394751777],[121.58097806246232,25.223167405813172],[121.58044199980088,25.222952451751734],[121.57999802276677,25.222631423187607],[121.5795480163456,25.221798393457899],[121.57889599940059,25.221313404891905],[121.57827000941013,25.220913453788327],[121.5777090801143,25.220834478082072],[121.57654907420698,25.220839448784812],[121.57583699821552,25.220654435957403],[121.57450505651988,25.220442469912999],[121.57397105768561,25.220662412007979],[121.57334799923588,25.220744460926571],[121.57177705622992,25.22045241752005],[121.57115303690657,25.220186414717073],[121.57050007183223,25.219489476463167],[121.56972401665064,25.21906044283045],[121.56856800475954,25.218528415844876],[121.56824007119197,25.218314418998276],[121.56773403547525,25.217910442215111],[121.56743500525042,25.217345398943156],[121.56704599033871,25.216245483145855],[121.566600998986,25.215815439398906],[121.56633003167319,25.215440433059172],[121.56597705234879,25.214922445814651],[121.56520299208167,25.214525438698228],[121.56463499462446,25.214099465593417],[121.56419206021936,25.213829385166505],[121.56371400438216,25.213804396962409],[121.56282706349133,25.214132452611],[121.56244204430229,25.214050403107645],[121.56170101742906,25.213410462272172],[121.56071406915729,25.212118413923676],[121.56035799724664,25.211580472765959],[121.56005800178303,25.210881441994541],[121.55948602196882,25.210274434348563],[121.55990400034574,25.21019448227111],[121.56135403003594,25.20959046848456],[121.56177600010142,25.209541457911865],[121.56225203057242,25.209539472477687],[121.5627749911759,25.209273392193307],[121.56290203382825,25.207833465882199],[121.56331699897274,25.206441451268059],[121.5636280556174,25.205576410719313],[121.56428605986902,25.204781453592151],[121.56457507345053,25.20410742427951],[121.56496206591962,25.202569442688201],[121.56514405449636,25.202063405966697],[121.56500706066112,25.201271393831814],[121.56431503621087,25.199811461665526],[121.56404504340361,25.198516416859732],[121.56412205416332,25.198178455900663],[121.56462106086335,25.196955416302671],[121.56493306036916,25.19630145191497],[121.56653603989589,25.194762409989576],[121.56732807061006,25.194684447690602],[121.56796107778649,25.194515442790284],[121.5695210237219,25.194701484781426],[121.57015500076791,25.194601439639882],[121.57170703643946,25.193828464196081],[121.57215501693034,25.19361247129774],[121.57334304568218,25.193969475930015],[121.57477306478305,25.194561446720243],[121.57551401296011,25.194534452424438],[121.57583105974274,25.195038470487045],[121.57614703907029,25.195226480128387],[121.5765169924193,25.195128432564704],[121.57694203842409,25.195223469052372],[121.5777280129879,25.194694390045374],[121.57809705654861,25.194524467783481],[121.57859702017102,25.194522425466143],[121.57878000961841,25.194210400424225],[121.57925704683203,25.194135397648605],[121.57962999645527,25.19475945477075],[121.57986703507106,25.195022439558286],[121.58034399057172,25.195210439156611],[121.58071504095101,25.195306396109295],[121.5812149940564,25.195304432510117],[121.58182107331115,25.19508744799051],[121.58298103246555,25.194815449076469],[121.58361404031598,25.194549404873271],[121.58305605075752,25.19407046715304],[121.58273604614975,25.193017435348573],[121.58286406230633,25.192559452020063],[121.58355101882549,25.192127427150279],[121.58362804943731,25.191718489447499],[121.58377702976306,25.18993941616176],[121.58371901920779,25.189220421437472],[121.58311002531454,25.188646427985454],[121.58290006818092,25.188361409133716],[121.58305405545298,25.187685442172722],[121.58212499953564,25.186969423336556],[121.58193806172459,25.186586445032393],[121.58169902076202,25.186036452820453],[121.5826410672185,25.184735397952466],[121.58271807014012,25.184233461771452],[121.5824790663722,25.183778449886123],[121.58182107828655,25.183492481093182],[121.58144804527224,25.183038447566741],[121.58117999134213,25.182149450015189],[121.58096599986106,25.181717453932244],[121.5813310572514,25.180614418653363],[121.58146307149173,25.180255460369473],[121.58217302944047,25.179771441482259],[121.58214306358546,25.179266394350705],[121.5832180495165,25.177607471451008],[121.58350101903434,25.176595407451529],[121.5841080055835,25.175850393422312],[121.58420806488697,25.175416443284803],[121.58449100212712,25.173714399945926],[121.58446500283641,25.173185412566269],[121.58512102462107,25.172727421518669],[121.58535303578199,25.171909399762217],[121.5859030481537,25.170756422921656],[121.58611202523372,25.169986427250542],[121.58739905538904,25.169046401121765],[121.5879760539829,25.16820444250008],[121.5888130499455,25.166929417993952],[121.58943903361435,25.165338408461803],[121.58980306013353,25.163994471246514],[121.59093699811962,25.163888462758088],[121.59144901831066,25.163849414760431],[121.59208004215955,25.163955417555929],[121.5925540692883,25.164132469804201],[121.59302802532051,25.164380487091112],[121.59342399948996,25.164810463404113],[121.59393699709817,25.165058422312313],[121.59559606791859,25.165591402531664],[121.59614803100858,25.165623397453114],[121.59654198815572,25.165621444925254],[121.59693900331149,25.16615941401276],[121.59702007206533,25.166660443281859],[121.59725904214459,25.167090423578799],[121.59773504178398,25.167770447345031],[121.59967507530291,25.169590462997999],[121.60003104659117,25.16994845654893],[121.60078199524752,25.170376442978448],[121.60106000948211,25.170769419090579],[121.60118106035011,25.171342422911632],[121.60153805612192,25.171808389715146],[121.60253001292973,25.173167421800645],[121.60288601533171,25.173595478480198],[121.6034810226719,25.174202403723648],[121.60391704986672,25.174773400697827],[121.60403802059443,25.175312462664195],[121.60400101555325,25.175922417645396],[121.60427901659776,25.176243425281879],[121.60490999528987,25.176277408650524],[121.60569803072366,25.176346413851345],[121.606054045439,25.176523463062772],[121.60668801827626,25.177310423532656],[121.6071650019979,25.177918447954848],[121.60732500211789,25.178384400775563],[121.60744802220073,25.179316470753278],[121.60745002048996,25.179817451600414],[121.60725906234627,25.180966433605047],[121.60761800118389,25.181861415282921],[121.60817204940616,25.182362398563527],[121.60896501380698,25.183219484413957],[121.60975904930112,25.184434457928418],[121.60991901618668,25.184973441641837],[121.60984400401863,25.18565541509405],[121.61012404051706,25.186441471825667],[121.61044106129202,25.186799422043674],[121.61107402171666,25.18733347639521],[121.61119505399392,25.187906469011143],[121.61132101066333,25.189449409353127],[121.61140404501879,25.190345431399603],[121.61109201314379,25.190956434376012],[121.61156707059506,25.191313439060593],[121.61192202458476,25.191564419775297],[121.61208605174039,25.192565476931033],[121.61252302295154,25.193209400898304],[121.61193205884292,25.193356389280268],[121.61161806276463,25.193608421929117],[121.61130501789748,25.194148462620614],[121.61071606234697,25.194471409924351],[121.61068001217929,25.195119459861633],[121.61171102009013,25.196406475144762],[121.61214699774845,25.19679940537133],[121.61269906295,25.196939417757729],[121.61324900887271,25.196506461532799],[121.61400005708401,25.197006426851392],[121.61542904124462,25.198864459474855],[121.61641906944629,25.199864417211874],[121.61673798711195,25.200508452837347],[121.6176090072065,25.201258442697288],[121.61947006050431,25.203079429232986],[121.62002400436511,25.203435443610548],[121.62081100049485,25.203181422012442],[121.6212449961188,25.203143390819616],[121.62167900795356,25.203250456609947],[121.62247002842865,25.203712462288614],[121.62286706469268,25.204177397401867],[121.62330504080759,25.204999410159619],[121.62386305401485,25.206182428346107],[121.62473301642835,25.206787470272726],[121.62623805132125,25.208000425452511],[121.62742505607881,25.208963452432489],[121.62821605121742,25.209533407517846],[121.62889102823219,25.210320457014191],[121.62940506135688,25.210605474900404],[121.62973502247181,25.210976404287869],[121.62986107009743,25.211467482110884],[121.63039706572283,25.211964480595288],[121.63130601367394,25.212499434759735],[121.63217599551605,25.212888456995071],[121.63269000320523,25.213245412712922],[121.63323802629661,25.213279451059023],[121.63580401301527,25.214925469169273],[121.63652606471511,25.215147442236418],[121.63755504135032,25.215757408805391],[121.64014102800019,25.215492437105688],[121.64171104365704,25.215842438887723],[121.64221203518704,25.216160434488643],[121.64270905656529,25.217110427228391],[121.64318000456032,25.217255443729027],[121.64336604464233,25.217688473658807],[121.64314405124662,25.21803243829379],[121.64355199547312,25.218088436848031],[121.64394004177989,25.218080428429374],[121.64406501578237,25.21832645351741],[121.64390205130988,25.218872414351686],[121.64386400805797,25.219496451772482],[121.64399099338527,25.219908411669721],[121.64449103993012,25.220416435435929],[121.64494800525729,25.220809451345804],[121.64521898581789,25.221110455376557],[121.64582804452984,25.221532402810592],[121.64902898402897,25.222274448060617],[121.65004703619667,25.22254344421798]]]},"properties":{"OBJECTID":3,"COUNTYNAME":"新北市","TOWNNAME":"金山區","TOWNID":"F22","TRANSP":50,"CODE":" ","INDEXCODE":"1000127","Shape.STArea()":46666340.377746582,"Shape.STLength()":38705.12616790591}},{"type":"Feature","id":4,"geometry":{"type":"Polygon","coordinates":[[[121.45946892182111,25.123446459465317],[121.45970296432506,25.123562483593869],[121.46009492741091,25.123672404514242],[121.46066697603398,25.123643448861909],[121.46110697060872,25.123517486550547],[121.46203792508886,25.123634402406175],[121.46339996558267,25.124172429836886],[121.46410294428125,25.12433040323323],[121.46465096885076,25.124655438175779],[121.46486997545746,25.125833484757159],[121.46471697517948,25.126664428481959],[121.46462798352812,25.127896447685462],[121.46469196203049,25.128354454223913],[121.46488294401065,25.128956445029218],[121.46554798860242,25.130385443358659],[121.46595198183842,25.131738413599169],[121.46663499502246,25.132959415260576],[121.46700597464434,25.133735448729144],[121.46738497673942,25.134106421568482],[121.46798093920961,25.134305437686745],[121.46835893935244,25.134561477138941],[121.46854893356459,25.134962480947728],[121.4688019624582,25.135478406807525],[121.46927399199419,25.135935397178311],[121.46958896860569,25.136135472317989],[121.47065792409795,25.13667544393477],[121.47185394885653,25.137647480387312],[121.47254993991022,25.1390484346046],[121.47343395948126,25.14022245027089],[121.47469095150311,25.140847463121538],[121.47573096925188,25.141905476386505],[121.47604599054016,25.142278435314434],[121.47645694066877,25.142877444294466],[121.47705698548508,25.143880436053962],[121.47749995278575,25.144422458739253],[121.47784590918664,25.144652470963702],[121.47837992626714,25.144934440724363],[121.48048994705539,25.146647430645526],[121.48080498159578,25.146935424488301],[121.48146695213445,25.14773439905678],[121.4817199307768,25.148135456960564],[121.48279595853712,25.150165430990917],[121.48339400358719,25.150680482851556],[121.48424197084165,25.150964458179129],[121.48625005490644,25.150957437747632],[121.48675205715944,25.151100435261718],[121.4872240314875,25.151326403166717],[121.48754403999607,25.152817457970446],[121.48931200693727,25.155246439364173],[121.49004307343694,25.157079412263489],[121.49013901961253,25.157422454948644],[121.49029906632056,25.158281467186494],[121.49109002596356,25.159597423604779],[121.49140800875222,25.160686418031315],[121.49188001549035,25.160971432065661],[121.49254005780739,25.161111437531435],[121.49338902990402,25.16153947275636],[121.49455401587012,25.162623465492619],[121.4955280837636,25.162821470082186],[121.49760304533775,25.163904470808369],[121.49832802778943,25.164561408683671],[121.49905506201753,25.165676451711725],[121.49934000270916,25.166307422876123],[121.4997550207667,25.167795413583804],[121.50019805523014,25.168423403347436],[121.50082704603078,25.168766452484117],[121.50117305430288,25.168937471662357],[121.50177101289792,25.169393472087997],[121.50186899434951,25.170223432695689],[121.50165401648756,25.171255436152318],[121.50241202705213,25.172228421143625],[121.50254105195461,25.17300248010374],[121.50279302479079,25.173287473627401],[121.50398605991799,25.173342464384472],[121.50489903025047,25.174197453784242],[121.50505800233697,25.174512474205233],[121.50493403935398,25.174971465293446],[121.50525103395235,25.175602402782388],[121.50575299962929,25.17562939359815],[121.50663005710783,25.175252425903814],[121.50669003610756,25.174678429804469],[121.50621505875972,25.173678406445958],[121.50568001434713,25.173307439891122],[121.50527204429051,25.173252394916943],[121.50533105585038,25.17262045115702],[121.5054830319862,25.171558414426105],[121.50592001979432,25.171070455038215],[121.50711206819402,25.171009395245868],[121.50823302377549,25.170320447866445],[121.50975307005697,25.169523483834151],[121.51057107708544,25.169306414403831],[121.511150012483,25.169349465937582],[121.51218600990869,25.170449476279607],[121.51260803044292,25.170714453520208],[121.51300605741395,25.170855463339169],[121.51400705479588,25.17089947419219],[121.51485202458635,25.170634437602356],[121.51574801936685,25.17032046125728],[121.51614204999525,25.170196474907282],[121.51748701104363,25.169977427041271],[121.5190440308878,25.169349440723153],[121.51970102241971,25.169275450212741],[121.52015104882234,25.169677450004205],[121.52057604717997,25.170542467279244],[121.52108304348363,25.171333402898693],[121.52111506471893,25.172339466017508],[121.52129901305416,25.17291648048872],[121.52228003860203,25.174087401552022],[121.52229001218836,25.176177431135375],[121.52219405272942,25.177664456177254],[121.52227505783316,25.178239398129943],[121.52175501515305,25.17911945906047],[121.52072104301929,25.180229401667262],[121.52004505309081,25.181281463587908],[121.51963402630163,25.182307407012612],[121.51919303517725,25.182579454072517],[121.51842001860857,25.1827714058157],[121.51638003804592,25.183099434489556],[121.51451204807884,25.183615423371847],[121.51368702116694,25.183997414831857],[121.5130989933453,25.184808431229428],[121.51271500675271,25.18499945704831],[121.5120040484364,25.185162455275727],[121.51123303679168,25.18586439909641],[121.51091303640371,25.186271442382921],[121.51058700887566,25.186566462004048],[121.51026203865536,25.187215492908379],[121.50996707077479,25.187484474048848],[121.50943202158059,25.187486405755557],[121.50890204659902,25.187488405645119],[121.5082340275959,25.18770948009961],[121.50775805512345,25.187946401066732],[121.50757301237657,25.188634395205952],[121.50719905467091,25.189180472364193],[121.50670006245213,25.189728427651975],[121.50632507305748,25.19004346980719],[121.50582305696027,25.190159400253894],[121.50469304786606,25.190107451552027],[121.50353505468692,25.190655473547611],[121.50269201809103,25.191488453901826],[121.5026950140079,25.192120461748214],[121.50244504944339,25.192493474539265],[121.50141100259809,25.192697423726116],[121.50084603044583,25.192729404206869],[121.49974705419336,25.19264843168677],[121.49899300624682,25.192334432642603],[121.49836402411292,25.192165447469897],[121.49779901850086,25.192110470218992],[121.49713901517593,25.191882459358641],[121.49673003184665,25.191653414191922],[121.49606903906187,25.19119741762529],[121.49548801977345,25.191287408777345],[121.49507102087624,25.19162547813831],[121.49491303467681,25.192205472751844],[121.49482102804603,25.192806471155269],[121.49463499445029,25.193152444199811],[121.4936990677309,25.193236463680144],[121.49356006933431,25.193350433893848],[121.49362304706608,25.19366143463283],[121.49354701706775,25.194070427023714],[121.49304106704588,25.194762462994372],[121.49266800699553,25.195366464805314],[121.49141603729721,25.196259426454834],[121.49006902600354,25.196722462875005],[121.48828101001823,25.196872479034976],[121.48787302110121,25.1969594100884],[121.48721503756205,25.19713340302556],[121.4864930307366,25.197221464516456],[121.48608705687063,25.19762439873735],[121.48577701418412,25.19834447145114],[121.48571606432303,25.198802432045298],[121.48596903890014,25.199318410457867],[121.48637806330007,25.199573478164371],[121.48785006132542,25.200214471101916],[121.48838006355265,25.200347416824734],[121.48881302822298,25.200614417487106],[121.48924102152259,25.200882429978588],[121.48912202720783,25.202401456153783],[121.48877800315316,25.202747414252212],[121.48743207125686,25.203498441544266],[121.48702505938934,25.203815432168959],[121.4871210296851,25.204216450681226],[121.48605605003964,25.204534419149812],[121.48555508470893,25.204851437386054],[121.48552501659653,25.205197429324034],[121.48590400750592,25.205739453399588],[121.48612807185016,25.206368476930997],[121.48644408553942,25.206940407448236],[121.48632107422166,25.207458427955675],[121.48591505289853,25.207861451084806],[121.48528903797686,25.208292461407289],[121.48535399011796,25.208779444494734],[121.48579705899461,25.209581465325208],[121.48598700325522,25.2100683902894],[121.48618007122222,25.211072391305152],[121.48643304765493,25.211414475633834],[121.4877510157536,25.211380432729346],[121.48859705947886,25.210890443349975],[121.48906705438512,25.210888435368254],[121.48966507364335,25.211114428051538],[121.49067001288259,25.211341426515983],[121.4913630748219,25.211855390542123],[121.49277606464621,25.211821428444271],[121.49375407622999,25.212879414345871],[121.49476000504984,25.213390425529624],[121.49598904281288,25.214334415364988],[121.49686705612929,25.214042454107044],[121.49746107835119,25.21369745213719],[121.49790605925074,25.214727400268966],[121.49834707744111,25.215184392693768],[121.49838301280546,25.216188463041906],[121.49797908190426,25.21702046510546],[121.49773002399098,25.217393479045075],[121.49716906342968,25.217997392208211],[121.49688905958152,25.218630438271902],[121.49648301837158,25.219090469497264],[121.49658006410874,25.219663464703689],[121.4964570735773,25.220322442187275],[121.49658505777677,25.220753413032501],[121.49658703499111,25.221240411735227],[121.49643202428688,25.221672420707161],[121.49699699533889,25.221726404783475],[121.49755599403832,25.220291392695717],[121.49793102012475,25.21997439273186],[121.49831003338484,25.220517454278351],[121.49859505393805,25.220918457448327],[121.49831599655681,25.221722417950335],[121.49903702925127,25.221661479169875],[121.4994769959041,25.221775467058297],[121.50007302777178,25.221572482728977],[121.50054404699762,25.221712455688831],[121.5013660282512,25.22285639968473],[121.50137208325199,25.224032468426152],[121.50068406546045,25.224781395395759],[121.49999601653228,25.225185410641547],[121.49874105524049,25.225303409546289],[121.49830101399769,25.225218414788458],[121.49783007740639,25.22522044330821],[121.49707802349485,25.225568412399792],[121.49636106652757,25.226516405069649],[121.49629902489765,25.226862416806764],[121.4966810014285,25.227892401884215],[121.49696603586374,25.228348483138618],[121.49743902328461,25.228864404533713],[121.4975980805593,25.22926547994707],[121.49692403276643,25.229916461236549],[121.49573504591805,25.230574414872986],[121.4948790042004,25.23078539231398],[121.49187204325895,25.231824442336166],[121.49069405122516,25.23166141604192],[121.49008201515289,25.231679426547032],[121.48928803565667,25.231735417965446],[121.48811301974197,25.232254383089607],[121.48562404105445,25.233153458163137],[121.48477700693898,25.233641440878603],[121.4835549183063,25.234275393574201],[121.48233199742047,25.234740402740854],[121.48088996382079,25.235203404098424],[121.47919696858145,25.235782402454799],[121.47659596007902,25.237110466119901],[121.47484096753,25.237804457867934],[121.47305294096344,25.238241416638513],[121.47208092595427,25.238675472395158],[121.47110797452369,25.238850388967712],[121.46636697369833,25.239125461788749],[121.46507992997046,25.23927344549152],[121.46445096741793,25.239548445053806],[121.46399396702836,25.23993838867904],[121.46313898203952,25.240248409273207],[121.46249693747052,25.240139461470346],[121.46176292110894,25.240112422340847],[121.46049798799382,25.240005399730371],[121.45993296263862,25.240066473232229],[121.45899092850803,25.240240419566113],[121.45814498871539,25.240559400373467],[121.45773799054066,25.241018421928498],[121.45761696842892,25.242108396270698],[121.45714896817464,25.242828442029651],[121.45664796305725,25.243174434129234],[121.45559898432796,25.243552458442426],[121.45407195844506,25.244112434195344],[121.45344798066128,25.244133395339723],[121.45269398428195,25.244135442584643],[121.45156398939346,25.244281465482132],[121.45024501120825,25.24431447402522],[121.44940096225081,25.244030477809019],[121.44917693609897,25.243112474742695],[121.44920398664949,25.242051421729347],[121.44860296184146,25.24116445298796],[121.44831995766008,25.240907450572344],[121.4476259888847,25.240192394702074],[121.44727794321743,25.239678444282607],[121.44711898493331,25.239191464997159],[121.44575999276314,25.237245450353551],[121.44578594378983,25.236099433873896],[121.44509093291394,25.235040467706913],[121.4448999732701,25.234580394899183],[121.44499295763858,25.234237462788879],[121.44580998195455,25.234090455666376],[121.44618398857202,25.233631478367446],[121.44621300377182,25.232942404932416],[121.4461169505757,25.232511482498424],[121.44560997779237,25.231396420393612],[121.44551396918462,25.230908429075942],[121.44484997827517,25.229906423681847],[121.44428293440687,25.229420403837263],[121.44409293710262,25.229019450533784],[121.44324193100161,25.228477386497655],[121.44226797209538,25.228137400160094],[121.44160600178444,25.227679449888321],[121.44144797642684,25.22733646329517],[121.4415359907649,25.225815396873028],[121.44074599725322,25.224700430315988],[121.44071198882104,25.224012452064979],[121.44117693180344,25.222433456942539],[121.44110998178172,25.221688420113111],[121.44047498409532,25.22002747416261],[121.43943397443657,25.218824409291422],[121.43914893736591,25.218367406755373],[121.43814093923248,25.217451443901655],[121.43722795413694,25.216966420187084],[121.43653599603786,25.216711408682411],[121.43593900301562,25.216571425205778],[121.43511995204508,25.216115434017144],[121.43492993595798,25.215741393609836],[121.4339229826162,25.21508543112968],[121.43367194490233,25.215345468661994],[121.43320196621056,25.215518406606606],[121.43260299080623,25.215003425663355],[121.43206593689088,25.214029439702667],[121.43197000466,25.213657466636931],[121.43190597332993,25.213285476129503],[121.4313999702313,25.212456395646857],[121.43039094307524,25.211339398819447],[121.42975797249142,25.210222474030363],[121.42918994862512,25.209765466312174],[121.42893696698034,25.209423459133383],[121.42893599279411,25.20905038850027],[121.4293119521593,25.208819432758805],[121.42883998995426,25.20856346824894],[121.42820691771247,25.207389392072834],[121.42760794915854,25.206759469950104],[121.42700898873233,25.206273459241125],[121.42637997820601,25.205902478614533],[121.42565494535532,25.205360399990081],[121.42527797618608,25.205016396613161],[121.42477193580947,25.204273419605336],[121.42397892523387,25.202298470884145],[121.42347300292066,25.201295454837471],[121.42239999231188,25.19980641739776],[121.42018995150872,25.197033454524838],[121.41936898016823,25.195888399329412],[121.41921100357111,25.195573473276955],[121.41933392997333,25.194999431307796],[121.41955298963751,25.194653444390148],[121.4197389987925,25.19419343802798],[121.41967496559491,25.193851420024281],[121.41945395771481,25.19350642825653],[121.41935899757519,25.193163425236289],[121.4200469868473,25.192387426790948],[121.42076599175381,25.191753449288996],[121.42088999488071,25.191209470514117],[121.42132599900624,25.190433463263062],[121.42075991870742,25.190175406616433],[121.42075898946364,25.189832402319723],[121.42038098934151,25.189432416281551],[121.42035292063318,25.190292404492304],[121.42000998086412,25.190925402238147],[121.41991896786443,25.191927403208261],[121.41951198036517,25.192215404324042],[121.41907194184623,25.192101454319978],[121.41894396749555,25.19144243826306],[121.41872294037093,25.19104144823746],[121.4184699258041,25.190669455069333],[121.41805995438827,25.190298447629846],[121.41736799049833,25.18984345739452],[121.41623496590618,25.189302481363793],[121.41585695930237,25.189014439819889],[121.4152909871619,25.188758430026752],[121.41472595957445,25.188588466686248],[121.41305993569078,25.18833643599416],[121.41199198294146,25.188081461065298],[121.41130093606401,25.18805438850606],[121.41076700654399,25.188198450209949],[121.41007699623438,25.188315474077893],[121.40966797054047,25.18831643115707],[121.40925993800342,25.18817543521876],[121.40891393090847,25.188004402988298],[121.40837791845635,25.187574477429866],[121.40787497943626,25.18728947197841],[121.40733994144016,25.1871463876859],[121.40696299201447,25.187147424982459],[121.40686795315614,25.186718463213069],[121.40727500987472,25.186372442653411],[121.40568092501161,25.18334546815214],[121.4061769771767,25.182441479248656],[121.40958599034299,25.182008459466761],[121.4168809574776,25.18082443025213],[121.4178739749735,25.180645478632421],[121.4194809809381,25.177118417623401],[121.42035500597268,25.173746430476371],[121.42345296572992,25.171825471102572],[121.42831797126603,25.169441478506389],[121.43322795613587,25.167592436688786],[121.4357429808403,25.166016464413154],[121.4400609294923,25.163288433296763],[121.44466799701003,25.159450399130847],[121.44860294886416,25.155426454039056],[121.45048193704606,25.152705401153824],[121.45243795413444,25.14742141855605],[121.45462992614051,25.138125422518726],[121.45689698631428,25.126379417800312],[121.45733399318001,25.125536482046552],[121.45787893244612,25.125230446189999],[121.45873798320662,25.12469046693391],[121.45946892182111,25.123446459465317]]]},"properties":{"OBJECTID":4,"COUNTYNAME":"新北市","TOWNNAME":"淡水區","TOWNID":"F24","TRANSP":50,"CODE":" ","INDEXCODE":"1000110","Shape.STArea()":71155252.01159668,"Shape.STLength()":47253.263380121658}},{"type":"Feature","id":5,"geometry":{"type":"Polygon","coordinates":[[[121.60788602167078,25.13101144891484],[121.60813304295841,25.131373391155424],[121.60861703699915,25.132014443096597],[121.60921201097477,25.132583426970118],[121.60968099339168,25.132852450523487],[121.61047103429269,25.133004399145456],[121.61128206066638,25.133522466084937],[121.61181799319102,25.134191455249098],[121.61245406075358,25.134533458212562],[121.61303706143447,25.134829455157444],[121.61392506736905,25.135493447613193],[121.61568001248318,25.136822425240162],[121.61608003713788,25.137297476095348],[121.61651506114418,25.138078455945823],[121.61690400554455,25.138431392477351],[121.61695399977604,25.138774464828579],[121.61801804202138,25.138519484110805],[121.6183730527874,25.138400448169627],[121.61910599819349,25.138397475793376],[121.62002899378311,25.138705467776155],[121.62091805951169,25.139015412533908],[121.62164099716701,25.13926544942143],[121.6231650320823,25.139576410077684],[121.62407705264469,25.139828439051954],[121.62458398751544,25.139988464989411],[121.62572302225736,25.139728408462037],[121.62620304392465,25.139726468836415],[121.62681101964405,25.139790450416136],[121.62726903149095,25.139998422462543],[121.62818303275445,25.140570416498164],[121.62892005619847,25.141488479024822],[121.62937899028796,25.141809404239673],[121.63105104139102,25.142307442444192],[121.63191301003208,25.142602440404268],[121.63323402798001,25.143269447924716],[121.63473400088481,25.143847445721686],[121.63527001922016,25.143533485880543],[121.63602301710844,25.143480413019418],[121.63665100798134,25.14359742657054],[121.63780903940456,25.14403241921298],[121.6385620475815,25.144151421284612],[121.63896806835712,25.144468482591684],[121.63946598375954,25.145246409352296],[121.63965205170186,25.145677457431123],[121.64002798975821,25.145822457500412],[121.6404700584433,25.145364405101962],[121.64084702319668,25.145252447301193],[121.6413180109069,25.145254469700347],[121.64182201680393,25.144970414129279],[121.64226199515254,25.144943409772431],[121.64263801618357,25.145059421683428],[121.64395203061113,25.145669483480148],[121.64555202820952,25.145761471658194],[121.64680903666385,25.14562543133184],[121.64769006389672,25.14519641494989],[121.64963706325265,25.144834419704321],[121.65004401997237,25.145152430070286],[121.65048004448421,25.145812417684905],[121.65063402201733,25.146387403767601],[121.65107099525365,25.146762436268869],[121.65125701842793,25.147221441935738],[121.65134899530861,25.147566472911105],[121.65191101838107,25.148227440974118],[121.65235001701451,25.148259445584095],[121.65300903382362,25.148234433422974],[121.65347804608832,25.148464483873088],[121.65413607442957,25.148698402564552],[121.65504498431334,25.148961463914038],[121.65629601643255,25.149797480360924],[121.6567940527389,25.150402451273607],[121.65698103695343,25.150717444833287],[121.65716699654934,25.151177439345478],[121.6576040577897,25.151608434649091],[121.65804199539141,25.151897479459386],[121.65841703159047,25.152112406172485],[121.66121002616275,25.15212543866436],[121.6624000594917,25.152549423059689],[121.66331000648866,25.152524402282552],[121.66384500818982,25.152239414926807],[121.66491100353736,25.152388483001161],[121.66628902693203,25.152909471212009],[121.66751200613585,25.152915428461633],[121.66854603927615,25.153292406431234],[121.66923499072809,25.153411451712614],[121.6692020155445,25.153813472326085],[121.66935701810749,25.154243435765768],[121.66985803816007,25.154618487212439],[121.67026499380036,25.154677395739906],[121.6710470481375,25.155139465373352],[121.67161000244062,25.155542492456313],[121.67296004159164,25.15532047655082],[121.67402699451225,25.155324477705875],[121.67440301243164,25.155383440663829],[121.6749980344307,25.15558846909887],[121.67578199249802,25.15567743843712],[121.67615902510354,25.15553541201897],[121.67675499128437,25.155481410935348],[121.67706805081457,25.15570939860137],[121.67775800892812,25.155713469182356],[121.67797499993641,25.156146481331028],[121.67809802180845,25.156718425019719],[121.67859701961004,25.157352473398852],[121.68103501175756,25.158996410638998],[121.68181805886998,25.159258433202094],[121.68272804307739,25.159319430728605],[121.68319505349713,25.159951440938254],[121.68331903117326,25.160381455801478],[121.68394602994242,25.160327458297573],[121.68473202471992,25.160072462573389],[121.68526299613271,25.160391427382415],[121.68598205923524,25.160852445694129],[121.68745301739538,25.161604478744501],[121.68770103555174,25.162264404224842],[121.68801205665865,25.162838441469219],[121.68841801896818,25.163242485184242],[121.68869805468728,25.163672488786826],[121.68971005378802,25.164002452320325],[121.69114499068668,25.164403407313628],[121.69130105158426,25.164685456118576],[121.69175800179571,25.166190475296691],[121.69194802251344,25.166296483129553],[121.69273304309473,25.16609842890794],[121.69499006273522,25.166453423908496],[121.6958379968183,25.166341447194881],[121.69655598591325,25.166917448284565],[121.69765505342846,25.166693411301214],[121.69809403327243,25.166723488815251],[121.69878202177566,25.167042469451889],[121.6990630022934,25.167416465152538],[121.69915405096798,25.168104464944342],[121.69933906360218,25.168764402136492],[121.69981005558182,25.168766413911108],[121.70049903184081,25.168942454309128],[121.70090405884993,25.169402449689542],[121.70090201350551,25.169946435905345],[121.70105503444452,25.170663488915771],[121.70127303078625,25.171008429995823],[121.70183502098122,25.171641467291366],[121.70223805062665,25.172761446232119],[121.70232905575689,25.17327845629783],[121.70283000394868,25.17353745300171],[121.70351899674945,25.173626446755094],[121.70414501111226,25.174059465138033],[121.70477303078958,25.173888451864819],[121.70568403290162,25.17377847675824],[121.70699999594287,25.173954484521378],[121.70771898490212,25.174617457172197],[121.70850106377453,25.174994446257919],[121.70890505216705,25.175733404574082],[121.70793399508696,25.175645420937283],[121.70758905386383,25.175497459394702],[121.70715004416934,25.175554455236181],[121.70671203717168,25.17538644241781],[121.70605202716247,25.175586422262427],[121.70576698874751,25.176122449916271],[121.70542305955317,25.175921396342698],[121.70467104648145,25.175889401424211],[121.7044190520425,25.176181411296543],[121.70425998807538,25.176525443211542],[121.70419500157389,25.177036408668123],[121.70372601320045,25.176744398675524],[121.70328899053494,25.176349399461753],[121.70309899853662,25.176808418911254],[121.70271701458815,25.176979429977862],[121.70278200097184,25.177494469399839],[121.7028110560998,25.177952434556456],[121.7024640222803,25.178382410083014],[121.70192302792199,25.178793428563399],[121.70148799313384,25.179174419484447],[121.70111204943616,25.179172404903674],[121.70060904233652,25.179429402551218],[121.70020004133117,25.179657400839417],[121.69972802511504,25.179711467095334],[121.69941001719539,25.180067431668967],[121.69867702185148,25.180232411175155],[121.69815806131366,25.18057840000165],[121.69680005620458,25.181613427889101],[121.69652905889204,25.181515488945031],[121.69700003931622,25.180890472346903],[121.69697098417463,25.180141417419087],[121.69608900964697,25.17985241198345],[121.69495703655947,25.179823428666506],[121.69501504743484,25.180543442326773],[121.69559401334209,25.180673446850104],[121.69545000979271,25.181080418718498],[121.69485599382034,25.180936397459408],[121.69422601987768,25.180727454307391],[121.69395304681086,25.180008423205098],[121.69323305440929,25.180231479700595],[121.69299998056184,25.18030245148741],[121.6925730474988,25.180428410096347],[121.69169298194861,25.180854422408167],[121.69099903361064,25.18146042323287],[121.68964300439133,25.18300440728181],[121.68948398381045,25.183377405390758],[121.68916906439993,25.183604405278636],[121.68888505962897,25.184005427349433],[121.68857004984126,25.184347457867975],[121.68844202844656,25.184779433274343],[121.68818902465819,25.18512143899428],[121.68673305806804,25.187926441793746],[121.6865429937728,25.1882704104166],[121.68625904515812,25.188583397789806],[121.68581405607355,25.189788431579416],[121.68581104476958,25.190332409068755],[121.68567905197082,25.191736427454671],[121.68576999847797,25.19234147612616],[121.68601900282206,25.192714469661695],[121.68601700327262,25.193087441644256],[121.6862680304362,25.193573463335309],[121.68664105529596,25.193835453071554],[121.68698599419083,25.194037453007347],[121.68723500903897,25.194324395541404],[121.68755404007716,25.194619411597206],[121.68741998665553,25.195159407096085],[121.6879460098895,25.195353425686054],[121.68801304500361,25.195763469220992],[121.68841902068488,25.196337412898124],[121.6887649900693,25.196109449227215],[121.68929901702111,25.196111388755845],[121.68976804683676,25.196430444799386],[121.69048499918921,25.197609397232455],[121.69089000803891,25.198298456984283],[121.69307704274965,25.200400473828328],[121.69269899259049,25.200542448106766],[121.69304305798849,25.200888448349833],[121.69351302308399,25.201005412030135],[121.69400305092492,25.20153147557097],[121.69445902633159,25.201994398589321],[121.69519505780988,25.202801423004807],[121.69473103632502,25.20334243236897],[121.69428701831424,25.203241418468558],[121.69284397746,25.203139474530449],[121.69230905435271,25.20348940308012],[121.69189602279287,25.203830448570397],[121.6921180334808,25.204099461033827],[121.69195905581738,25.204441486806029],[121.69220902351661,25.204702410342328],[121.6925850181115,25.204846465424154],[121.6928950278064,25.205389429175678],[121.6928940456271,25.205737398689504],[121.69251605837485,25.206138414358943],[121.69232605066455,25.206538459707335],[121.69323107100857,25.207089468749714],[121.69335399580964,25.207565419872175],[121.69375105923555,25.207971478844051],[121.69436299772657,25.208165422151641],[121.69488600682763,25.208539458312657],[121.69522899079863,25.208831455798595],[121.69568498336231,25.20917944502283],[121.6962590272024,25.209643433557694],[121.6961490391013,25.210208406563655],[121.69687498761502,25.210670416056125],[121.69805198496566,25.211341460726214],[121.69988599042965,25.212633443386054],[121.70064301692386,25.213087429822444],[121.70131105357464,25.2137213969649],[121.70199601799818,25.21411045327293],[121.70252103491281,25.214794392098792],[121.70313505046353,25.215283436658513],[121.70365899063209,25.215850467768849],[121.7038960311303,25.216405406614413],[121.70382505087572,25.216716416910188],[121.70366400316867,25.216765397738481],[121.70319601329568,25.216490447720609],[121.70282901673137,25.216241463554326],[121.7023900052113,25.216094406455198],[121.70204505289675,25.215893440324464],[121.70110606455975,25.215401418980356],[121.70132303671448,25.215797463569615],[121.70168402497779,25.216041422773593],[121.70199205341474,25.21651440673002],[121.7017770024441,25.216596418763537],[121.70149001983447,25.216597415253243],[121.70152601868234,25.21680940855622],[121.70151101277878,25.217202416955992],[121.70087903828873,25.216923445772871],[121.70053604497298,25.216604461453358],[121.69961703128892,25.215886437996307],[121.69837706056039,25.215104470787676],[121.6968579996295,25.214084466430247],[121.69643799906446,25.213319462567611],[121.69631505173004,25.21280144210214],[121.69609699204635,25.212427426857936],[121.69553400957805,25.212109465922552],[121.69449102312475,25.211180457912977],[121.69456904689103,25.210448419744093],[121.69437404256666,25.210126467170397],[121.69413103139959,25.209809444027087],[121.69361604957032,25.209509397528411],[121.69322200745769,25.209319398672363],[121.69291105211715,25.209059468986364],[121.69265999511553,25.208620413771115],[121.69238002701468,25.208282436752718],[121.6910949883502,25.207905459710748],[121.69056205964576,25.207903434823887],[121.68977901249261,25.207498450480063],[121.68949803695664,25.207122460398629],[121.688623057161,25.206625454614954],[121.68864304883104,25.206411469717974],[121.68867502654703,25.206275443780516],[121.6888890484619,25.206157436875607],[121.68908102064678,25.20601839493181],[121.68920901934328,25.20578342543644],[121.68892805303638,25.205452469702156],[121.6886370003368,25.205336462398822],[121.68830306230116,25.205132435302552],[121.687976982072,25.204915470265362],[121.68784503207731,25.204679440569144],[121.68777501116155,25.204365486168243],[121.68772804901546,25.204178447165145],[121.68764298183125,25.204016418776938],[121.6875050223029,25.203845416232337],[121.68706198355474,25.203540421809912],[121.68656502204983,25.203294432370569],[121.68603501002094,25.203868411701116],[121.68606605816586,25.204382441390493],[121.68643599468174,25.204703404182506],[121.68662000580251,25.20502541899134],[121.68671203462635,25.205368430375863],[121.6867740236533,25.206205462250622],[121.68688699009427,25.207112403439666],[121.68726199252745,25.207121393116676],[121.68730601897053,25.20633146480592],[121.68754899455821,25.206355432297904],[121.68764699740603,25.207018395291218],[121.68748703202813,25.207461452830326],[121.68679602137733,25.207514416628829],[121.68635705205143,25.207425436548704],[121.6858230459009,25.207683424819876],[121.68494507144203,25.207335467641702],[121.68447603719569,25.206904457179643],[121.68413203866899,25.206673466227983],[121.68379300961692,25.20630441854814],[121.68329000089706,25.205579395676391],[121.68163500204045,25.203765429631208],[121.68116604700518,25.203431453929497],[121.67982105781522,25.202383465262773],[121.67884106718205,25.202019417958489],[121.67842800541557,25.20205344762276],[121.67796105892725,25.202154464280412],[121.67761998116859,25.202253439406359],[121.67751399538082,25.202549427009895],[121.67721503749823,25.20369247384172],[121.67689401633379,25.203719393658709],[121.67713004058562,25.204575396747014],[121.6768610505397,25.204626469388405],[121.67572499944424,25.20374938292273],[121.67539003189712,25.202791447499813],[121.67460905621698,25.202332482464083],[121.67391799892069,25.202443424350808],[121.6736049977405,25.202156397937593],[121.67278899083837,25.20212643897861],[121.67231700645863,25.202295424326795],[121.67049201741911,25.20280444136284],[121.66970600748667,25.20332245498242],[121.66963902814049,25.204004415783324],[121.66895004909163,25.203917424551634],[121.66844402121183,25.204373402702238],[121.66743698352516,25.204885454737251],[121.66642704531971,25.20585941381573],[121.66491499704023,25.206599421168022],[121.66447305942644,25.207091406446001],[121.66437401463882,25.208039399528449],[121.66415099269199,25.208496436811888],[121.66384001292634,25.208445457973102],[121.66408500605166,25.207119419552615],[121.66372505288078,25.206958421680788],[121.66227398558551,25.20779845485961],[121.66273700186696,25.208685435939323],[121.66251305787226,25.208794419432152],[121.6620800102165,25.208388436999474],[121.66160703384831,25.208622405465384],[121.65984104616271,25.209885455655186],[121.6588930417762,25.210887437637435],[121.65753701026375,25.21200146844869],[121.65696904133999,25.212427427923291],[121.65466302420477,25.214774449866933],[121.65406105857352,25.215691444180685],[121.65371303275634,25.216034442594001],[121.65177999343808,25.219069462042729],[121.65063801593467,25.221105390881302],[121.65004703619667,25.22254344421798],[121.64902898402897,25.222274448060617],[121.64582804452984,25.221532402810592],[121.64521898581789,25.221110455376557],[121.64494800525729,25.220809451345804],[121.64449103993012,25.220416435435929],[121.64399099338527,25.219908411669721],[121.64386400805797,25.219496451772482],[121.64390205130988,25.218872414351686],[121.64406501578237,25.21832645351741],[121.64394004177989,25.218080428429374],[121.64355199547312,25.218088436848031],[121.64314405124662,25.21803243829379],[121.64336604464233,25.217688473658807],[121.64318000456032,25.217255443729027],[121.64270905656529,25.217110427228391],[121.64221203518704,25.216160434488643],[121.64171104365704,25.215842438887723],[121.64014102800019,25.215492437105688],[121.63755504135032,25.215757408805391],[121.63652606471511,25.215147442236418],[121.63580401301527,25.214925469169273],[121.63323802629661,25.213279451059023],[121.63269000320523,25.213245412712922],[121.63217599551605,25.212888456995071],[121.63130601367394,25.212499434759735],[121.63039706572283,25.211964480595288],[121.62986107009743,25.211467482110884],[121.62973502247181,25.210976404287869],[121.62940506135688,25.210605474900404],[121.62889102823219,25.210320457014191],[121.62821605121742,25.209533407517846],[121.62742505607881,25.208963452432489],[121.62623805132125,25.208000425452511],[121.62473301642835,25.206787470272726],[121.62386305401485,25.206182428346107],[121.62330504080759,25.204999410159619],[121.62286706469268,25.204177397401867],[121.62247002842865,25.203712462288614],[121.62167900795356,25.203250456609947],[121.6212449961188,25.203143390819616],[121.62081100049485,25.203181422012442],[121.62002400436511,25.203435443610548],[121.61947006050431,25.203079429232986],[121.6176090072065,25.201258442697288],[121.61673798711195,25.200508452837347],[121.61641906944629,25.199864417211874],[121.61542904124462,25.198864459474855],[121.61400005708401,25.197006426851392],[121.61324900887271,25.196506461532799],[121.61269906295,25.196939417757729],[121.61214699774845,25.19679940537133],[121.61171102009013,25.196406475144762],[121.61068001217929,25.195119459861633],[121.61071606234697,25.194471409924351],[121.61130501789748,25.194148462620614],[121.61161806276463,25.193608421929117],[121.61193205884292,25.193356389280268],[121.61252302295154,25.193209400898304],[121.61208605174039,25.192565476931033],[121.61192202458476,25.191564419775297],[121.61156707059506,25.191313439060593],[121.61109201314379,25.190956434376012],[121.61140404501879,25.190345431399603],[121.61132101066333,25.189449409353127],[121.61119505399392,25.187906469011143],[121.61107402171666,25.18733347639521],[121.61044106129202,25.186799422043674],[121.61012404051706,25.186441471825667],[121.60984400401863,25.18565541509405],[121.60991901618668,25.184973441641837],[121.60975904930112,25.184434457928418],[121.60896501380698,25.183219484413957],[121.60817204940616,25.182362398563527],[121.60761800118389,25.181861415282921],[121.60725906234627,25.180966433605047],[121.60745002048996,25.179817451600414],[121.60744802220073,25.179316470753278],[121.60732500211789,25.178384400775563],[121.6071650019979,25.177918447954848],[121.60668801827626,25.177310423532656],[121.606054045439,25.176523463062772],[121.60569803072366,25.176346413851345],[121.60490999528987,25.176277408650524],[121.60427901659776,25.176243425281879],[121.60400101555325,25.175922417645396],[121.60403802059443,25.175312462664195],[121.60391704986672,25.174773400697827],[121.6034810226719,25.174202403723648],[121.60288601533171,25.173595478480198],[121.60253001292973,25.173167421800645],[121.60153805612192,25.171808389715146],[121.60118106035011,25.171342422911632],[121.60106000948211,25.170769419090579],[121.60078199524752,25.170376442978448],[121.60003104659117,25.16994845654893],[121.59967507530291,25.169590462997999],[121.59773504178398,25.167770447345031],[121.59725904214459,25.167090423578799],[121.59702007206533,25.166660443281859],[121.59693900331149,25.16615941401276],[121.59654198815572,25.165621444925254],[121.59614803100858,25.165623397453114],[121.59559606791859,25.165591402531664],[121.59393699709817,25.165058422312313],[121.59342399948996,25.164810463404113],[121.59302802532051,25.164380487091112],[121.5925540692883,25.164132469804201],[121.59208004215955,25.163955417555929],[121.59144901831066,25.163849414760431],[121.59093699811962,25.163888462758088],[121.58980306013353,25.163994471246514],[121.59029303748403,25.16197847782005],[121.59042306549618,25.16123344652479],[121.59058103516332,25.160343394421478],[121.59162503213587,25.158154459092483],[121.59180806737157,25.157648473303357],[121.59172601386229,25.157075469333684],[121.59195603328686,25.155707417127566],[121.5917970353064,25.155344467224264],[121.59145303794598,25.154961395357009],[121.59084107008043,25.154607478647158],[121.59060000670323,25.153597401751473],[121.59012104765523,25.153048465393312],[121.58972603777998,25.152808433555695],[121.58938201604741,25.152570443871916],[121.58940499730257,25.152211457671537],[121.5899070465304,25.152016422677956],[121.59180005820238,25.151001451237512],[121.59214601027561,25.150858400165951],[121.59298705106229,25.150708409725294],[121.59351305866657,25.150444469690957],[121.59385304469492,25.14986543491111],[121.59392901046276,25.148641469451345],[121.59392603084623,25.147991404686529],[121.59489805439699,25.147103416211426],[121.59552303992777,25.146116400723582],[121.59602000332114,25.144647420124251],[121.59598999145724,25.144193477587404],[121.59585702667447,25.143615458108194],[121.59606401140135,25.143161470281687],[121.59703598628715,25.142462417479759],[121.5973540041776,25.142097473879268],[121.59822201532529,25.140916430652009],[121.59856106031113,25.140219493543135],[121.5989300370121,25.140024410909415],[121.59995606929863,25.139661465754923],[121.60077102518947,25.139082484387263],[121.60174203605595,25.137927463022713],[121.60213900510398,25.137758465896006],[121.6032690667035,25.137129444867909],[121.60397804913669,25.136478460309622],[121.6041600274018,25.135875416140319],[121.60397300748343,25.13542248081383],[121.60404902311477,25.134844423557965],[121.60445600313885,25.133666408316614],[121.60463901595574,25.131530441046799],[121.60463705675441,25.130980422458823],[121.60529602776519,25.130616479175284],[121.60621703547486,25.130540398342493],[121.60703601907527,25.130609462291616],[121.60788602167078,25.13101144891484]]]},"properties":{"OBJECTID":5,"COUNTYNAME":"新北市","TOWNNAME":"萬里區","TOWNID":"F23","TRANSP":50,"CODE":" ","INDEXCODE":"1000128","Shape.STArea()":63054847.971618652,"Shape.STLength()":45952.48451118981}},{"type":"Feature","id":6,"geometry":{"type":"Polygon","coordinates":[[[121.40161793530048,25.107786435314114],[121.40128293150013,25.108685451200699],[121.40127694751885,25.109432432240801],[121.40146595582257,25.110030466967164],[121.40151701207333,25.110513461494978],[121.40129600156625,25.110983482428463],[121.40122398798756,25.111421481705463],[121.40090796631264,25.112300404480411],[121.40071298732457,25.112930440426702],[121.40055394873099,25.113244445054097],[121.4005190011323,25.113589442776266],[121.40091893018311,25.114710486341],[121.40103496429795,25.115858480060798],[121.40083995707373,25.116604434076887],[121.40098995408781,25.1175514370622],[121.40142599542027,25.118157454330024],[121.40208497155099,25.118275483110626],[121.40242095781092,25.118694415823175],[121.40414695194214,25.12006645783498],[121.40432797877172,25.121016449790645],[121.40473298454599,25.121448456371997],[121.40543299897779,25.12170442272545],[121.40595796361417,25.121829473136348],[121.40684295732351,25.122045450758375],[121.40744900772386,25.122003439650243],[121.40782193529942,25.121815414459096],[121.40832196217882,25.121355462592611],[121.40915694949707,25.121289418370502],[121.40967597466135,25.121132414705983],[121.41014198946176,25.121164447855648],[121.41107996426861,25.121642458066468],[121.41201900528779,25.122531462783883],[121.4131419315618,25.123007407097646],[121.41420192593313,25.123058441393869],[121.41461897260717,25.122998415076275],[121.41482899901682,25.122923428853095],[121.41503600077009,25.123060434651499],[121.4151509774636,25.123292439494698],[121.41491296297248,25.123419415980749],[121.41387794886261,25.12345246509426],[121.41322000641863,25.123797400289821],[121.41290799283307,25.124199421716209],[121.4123759170399,25.12454445663117],[121.41244199246383,25.125318414414252],[121.41351294838763,25.126603414047107],[121.4145239257895,25.128237448768445],[121.41537493312455,25.129438446934955],[121.41603593643748,25.12986744584094],[121.41675800934821,25.130066403588959],[121.41876698998358,25.130060475071016],[121.41967700574804,25.130200468523558],[121.42021098325773,25.130171422534833],[121.42045992574479,25.129798446787305],[121.42089893793761,25.129508446894963],[121.42155799607593,25.129651410991926],[121.42221893875771,25.130080483364058],[121.42281799657839,25.130995470809868],[121.4237649333969,25.131967451222533],[121.42486298252608,25.132050434943981],[121.42514094120664,25.130961469123989],[121.42548296350515,25.130186435817016],[121.42607698796948,25.129667458131841],[121.42811496985641,25.129347481537227],[121.42902393986995,25.128972405710588],[121.42990098187485,25.128739441930858],[121.43071793178846,25.128793408681535],[121.43115799251919,25.128995460024335],[121.43165996624417,25.128964474369972],[121.43344496017802,25.127984415659117],[121.43579592067128,25.12740643540366],[121.43635894365788,25.127060419773532],[121.43692094521725,25.126455453194151],[121.43901093033558,25.124847446069968],[121.44055092676261,25.124325442677989],[121.44158595607713,25.12318344327462],[121.44196499399304,25.122955423117794],[121.44271800842927,25.123160480133478],[121.44369495226798,25.122909442753286],[121.44482699778166,25.122885454218245],[121.44526497277599,25.123146431412337],[121.44576892592238,25.123149432580064],[121.44696795276107,25.12258440863328],[121.44873795012613,25.121475456960773],[121.44880393374075,25.121043407323768],[121.44868295426109,25.120527398446374],[121.44896795007681,25.120242486694703],[121.44937694837074,25.120186448934511],[121.44984799839406,25.120275485916185],[121.45063394560576,25.120365469407599],[121.45100997821422,25.120484405315565],[121.45163992769227,25.120344435811877],[121.45226592754676,25.120663415974196],[121.45260797366559,25.121325462755621],[121.45349099046145,25.121826476135347],[121.45331497827671,25.120919439659083],[121.45305196158928,25.119776444277285],[121.45306397021152,25.119261407561641],[121.45347494258999,25.118919487247094],[121.4540109896831,25.118780425119759],[121.4550809649978,25.118727478433282],[121.45542900677852,25.11844444182055],[121.45543195278782,25.117983412418752],[121.45522097352652,25.116894455243393],[121.45513097692802,25.116375480117096],[121.45573091950168,25.116092477291787],[121.45623895234563,25.115463401605734],[121.45690500364775,25.11472142714938],[121.45781694296677,25.1146984851116],[121.45766696980523,25.113807427368304],[121.45776599304521,25.113292474465627],[121.45900895877487,25.112686406129008],[121.45939592222025,25.113788447250958],[121.45950097410184,25.116399458866965],[121.45937496609294,25.118006472690617],[121.45934794428459,25.121435454155101],[121.45946892182111,25.123446459465317],[121.45873798320662,25.12469046693391],[121.45787893244612,25.125230446189999],[121.45733399318001,25.125536482046552],[121.45689698631428,25.126379417800312],[121.45462992614051,25.138125422518726],[121.45243795413444,25.14742141855605],[121.45048193704606,25.152705401153824],[121.44860294886416,25.155426454039056],[121.44466799701003,25.159450399130847],[121.4400609294923,25.163288433296763],[121.4357429808403,25.166016464413154],[121.43322795613587,25.167592436688786],[121.42831797126603,25.169441478506389],[121.42345296572992,25.171825471102572],[121.42035500597268,25.173746430476371],[121.41880295881798,25.169365423830971],[121.41672495414286,25.16928541361364],[121.41650599543981,25.169601405773118],[121.41609993053221,25.170117470051537],[121.41522198131703,25.17052145120541],[121.41484494988065,25.170409466622385],[121.41411992426508,25.169549416078361],[121.41355292888819,25.169007461656804],[121.41301793986871,25.168692406457367],[121.41188594368813,25.168294397259],[121.41065799360351,25.167609457574923],[121.40908194107932,25.165837469128494],[121.40829398692067,25.165007453639376],[121.40706596882093,25.163893409834248],[121.40674997157122,25.163548469261322],[121.40520396584674,25.161404463764896],[121.40233392925627,25.157712412040507],[121.3999169304558,25.15505146169691],[121.39991494289397,25.15469247737424],[121.39990297330749,25.154336408965765],[121.39877095242552,25.153851450809842],[121.39795192617034,25.152957441428427],[121.39659795658463,25.151735484633271],[121.39524294133055,25.15039144576091],[121.3949590096101,25.150047478348167],[121.39461297200275,25.149732480772542],[121.39140193086482,25.147332437238283],[121.39096198307018,25.146931450981754],[121.3904890053997,25.146896401219223],[121.39047597515483,25.146894454809757],[121.38951699791907,25.146820411651156],[121.38898293080719,25.146794460000727],[121.38860595646209,25.146538490685479],[121.38816393887437,25.146022466605391],[121.38728296146452,25.145363408360041],[121.38611893231044,25.144937472629032],[121.38401500141235,25.144772476128534],[121.38369996669657,25.144543412341381],[121.38363598856334,25.144200479517739],[121.38305493334838,25.14371640524466],[121.38261496946279,25.143457430627411],[121.38186096952833,25.143256485343819],[121.3814520019681,25.143228468523603],[121.38063595702862,25.14296844979382],[121.37972495796799,25.142711483993647],[121.37878296745208,25.142135403924598],[121.3769909950672,25.141618464716803],[121.37551495029891,25.140873446442058],[121.37372393677408,25.14044241591904],[121.37253000169336,25.14023948033671],[121.37139897467914,25.139551416366839],[121.37073995941493,25.139178449821433],[121.37014295962376,25.138776443605199],[121.36920096158836,25.138288435705565],[121.36693899518806,25.137483423880543],[121.36616195154112,25.137163472843515],[121.36649497941444,25.135792407224827],[121.36677797790084,25.135421427653569],[121.36702994039609,25.134818487815508],[121.36706298485836,25.134188455848363],[121.36747200904709,25.133672414255045],[121.36948597640404,25.131437446507434],[121.37052496121096,25.129033405075639],[121.37096596986051,25.12874644771539],[121.37128094955041,25.128029480209587],[121.37165796091031,25.127600480321526],[121.37212997835623,25.127285442888478],[121.37234995248477,25.126998394330897],[121.37257096530085,25.126455467353672],[121.37266592718805,25.126024461557119],[121.37291795437051,25.125595406095904],[121.37345193094829,25.12516744480315],[121.37427192790764,25.122125401188509],[121.37620095744295,25.12137048718974],[121.37689197400437,25.121426419729335],[121.37726899213959,25.121170481611294],[121.37714497457908,25.120740471431763],[121.37689500341492,25.120309444331173],[121.3769589628116,25.119907497370068],[121.37736799080639,25.119394417472979],[121.37805994620985,25.118993480139533],[121.37982199560072,25.117505424555659],[121.38035799104269,25.116504451480644],[121.38089195967875,25.116331429124951],[121.38142494854897,25.116477419340754],[121.38186594101313,25.116047409099487],[121.38221194459031,25.115791449873608],[121.3827459571135,25.115532482160756],[121.38312399351881,25.115190473337318],[121.38326695381569,25.114689452562548],[121.38367599123738,25.114663473446438],[121.38442893437426,25.114896449050356],[121.38508894212136,25.114987460422093],[121.38546698674691,25.115017453502119],[121.38600299751631,25.114793405012147],[121.38597498579732,25.114391415507221],[121.38581997640146,25.114073451607553],[121.38570093776229,25.113356420884934],[121.38545196970996,25.112808465960203],[121.3855189908484,25.112350433616559],[121.3859319809397,25.111949466168351],[121.38624897815626,25.111607432203446],[121.38593892793016,25.11106044416584],[121.38550593306609,25.110196416017523],[121.38522496590716,25.109822439590456],[121.38525995328436,25.109450455239372],[121.38648995824047,25.109169421471176],[121.38708799034899,25.109145475500274],[121.3874679474679,25.108803450589054],[121.38769293026618,25.108202449412122],[121.38785795833049,25.107341454024056],[121.38830297054201,25.106855428937756],[121.38868095298565,25.106772459837128],[121.38902898045977,25.106573448692131],[121.3897589667764,25.105716491465639],[121.38988798765756,25.105343439049523],[121.38979998759689,25.104569435908502],[121.39037296635767,25.103825465219508],[121.39043897798892,25.103366436269802],[121.3908529561205,25.102824424167302],[121.39095094717499,25.102365399150184],[121.39120601306331,25.102051428181376],[121.39127195874495,25.101651449211303],[121.39168395280767,25.10133741726451],[121.39178397821927,25.100648416477494],[121.39228995770699,25.100364478100218],[121.39232997484567,25.100990439249937],[121.39329598994532,25.100457427251357],[121.39325897970711,25.101059489937573],[121.39325592729601,25.101434470268153],[121.39315794109793,25.101892411583936],[121.39290096086648,25.102550487855638],[121.3927399745333,25.103306456897524],[121.39343196291816,25.102955481122475],[121.39343793486498,25.102237481402437],[121.39401094668155,25.101466417700514],[121.39454698926099,25.101327470112999],[121.39464598557514,25.100724447801731],[121.39531199204893,25.10021243734305],[121.39534696524463,25.099695435356448],[121.39563292452512,25.099410445938403],[121.39570395919472,25.098405409136504],[121.39523496474062,25.098000447128271],[121.39492398644568,25.097627476667689],[121.39533592309331,25.097255468791502],[121.39578094922609,25.096742430711267],[121.39612897922898,25.096457438995753],[121.39569094179943,25.096167431091413],[121.39616793660599,25.095626396098137],[121.3966089914978,25.095512451780447],[121.39695697971084,25.095315414768198],[121.39654993924634,25.095054473701996],[121.39674194664217,25.094595470469503],[121.39662400998031,25.093675464686271],[121.39653294832134,25.093332430628223],[121.39691100361047,25.093132412620459],[121.39672895077743,25.09244244710527],[121.3965759526175,25.091781487750573],[121.3965789781722,25.091379417223244],[121.39655096558421,25.091007407548769],[121.39617596405026,25.090631445069651],[121.39617893874367,25.090286444154479],[121.39621998019335,25.08913947348514],[121.39638094289225,25.088766417217279],[121.39635200749191,25.08836542770641],[121.39641997731862,25.087762460038171],[121.39626694540222,25.08724343763809],[121.39604994169174,25.08686948559895],[121.39523897403907,25.086090450230952],[121.39485998978027,25.086202433971305],[121.39441698419331,25.086514489805825],[121.39428594017535,25.087088439091641],[121.39409394878949,25.087547451277423],[121.39443795926019,25.087778488146753],[121.39440397846626,25.088121414785682],[121.39405593586143,25.08829243953527],[121.39386396852024,25.088664402914095],[121.39348595920552,25.088720482892057],[121.39279195806637,25.089001404001401],[121.39260994383211,25.08811045727029],[121.39295994089026,25.08765347524669],[121.39123095834105,25.087527482628179],[121.39087994340997,25.088128482018092],[121.38996600003821,25.088266417240909],[121.38987692692091,25.08769148650391],[121.39016593317427,25.086974468413967],[121.3913439436682,25.086696434108472],[121.39193196451861,25.086442424627016],[121.39233997000699,25.086531459909718],[121.39268995446456,25.086045495450378],[121.39300894490462,25.085586425830083],[121.39294897727017,25.085243571218282],[121.39304293138574,25.084554496789551],[121.39352197635203,25.084357573827127],[121.39355697637703,25.08392552679528],[121.39324594653405,25.083549575283385],[121.39321799043941,25.083091512566341],[121.39284499910917,25.082514560070408],[121.39244496179417,25.081480525227793],[121.39261397505197,25.080044560267101],[121.39299396020995,25.079817556553454],[121.39337092737682,25.079877499712179],[121.39383898191986,25.080367527791882],[121.39392797839415,25.080914547180814],[121.39423900049339,25.08134557456787],[121.39439092274492,25.082007537067916],[121.39473595768519,25.08215252991122],[121.39504693592902,25.082641534333362],[121.39538994681277,25.083017572931158],[121.39529094306923,25.083561560190414],[121.39550897794504,25.083879524618119],[121.3958879301269,25.083708502519144],[121.39576996748821,25.082675539910454],[121.39599497384673,25.082160552185652],[121.39687897220631,25.081706561517191],[121.39760398398413,25.081596534168348],[121.3983639870128,25.081027566629654],[121.3988349349044,25.08114657108726],[121.39873696334202,25.081546552654878],[121.39851196955817,25.082061530882559],[121.39807000099364,25.082258559095639],[121.39731095027447,25.082743563558452],[121.39721298376043,25.083172513581804],[121.39746195747857,25.083519564030713],[121.39735999818561,25.084436552664958],[121.39802298483265,25.084181511323251],[121.39846394782052,25.084099508948469],[121.39868199113464,25.084417569695646],[121.39867894428146,25.084789573317707],[121.39898999374209,25.085165513137504],[121.39976300206808,25.085730450295159],[121.39973696778381,25.086174481751581],[121.39951396705627,25.086545450763897],[121.39963293230696,25.087351425971139],[121.39985000519191,25.087666485537383],[121.40028996542586,25.087728410492645],[121.40082594566464,25.087616455655898],[121.40139194104154,25.087705481452954],[121.4018339922285,25.087478464308813],[121.40211396902599,25.08782542257919],[121.4020489450065,25.088168434884977],[121.40245594136177,25.088402434929122],[121.40295594488632,25.088718450125953],[121.40254399959601,25.089148444226282],[121.40203998124034,25.089231436802169],[121.4015059566289,25.089142416437703],[121.4011269953151,25.089283486696747],[121.40052795810716,25.089393443433668],[121.4003679904223,25.089766412895464],[121.40061600772218,25.09014045061144],[121.40039292885064,25.090569474590133],[121.40060997901642,25.091002456523018],[121.40076396482927,25.091433451638746],[121.40091795865574,25.09183644850534],[121.40154700097125,25.091869418074882],[121.401985932887,25.092014416523121],[121.40223495560195,25.092417418960679],[121.40260993785803,25.092708398547853],[121.40295298524431,25.093054452406353],[121.40313293121621,25.094117407151419],[121.40290795859482,25.094661475264765],[121.4029999328656,25.095006495194852],[121.40369193985769,25.095009482601128],[121.4040029629696,25.095415478326011],[121.40374799080753,25.095815447489098],[121.40365097349782,25.096158446082292],[121.40311197271373,25.096728466696391],[121.40235097710269,25.097414476959713],[121.40193997728366,25.09766840111368],[121.40177896719737,25.098097448226291],[121.40193200416233,25.09853042493307],[121.4023729816211,25.098590448183689],[121.40242900558438,25.099364442048831],[121.40179400298466,25.100020493494497],[121.40150895772391,25.10033547184074],[121.40112599189351,25.100966458448372],[121.40099599285881,25.101452478420573],[121.40143696328025,25.101426464596049],[121.40181695633395,25.101140477612653],[121.40206593963562,25.101428456157574],[121.4017169590532,25.101799417272289],[121.40187093821532,25.102146426420873],[121.4019599504897,25.102779477691307],[121.40167395737518,25.103179426963152],[121.40201898165222,25.103325486107416],[121.40242593432082,25.103526454231535],[121.40245294053582,25.104130413170616],[121.40216497127162,25.10470146496295],[121.40077296295217,25.105612460873864],[121.40042294507752,25.106069460499089],[121.40070398274607,25.106330453461002],[121.40174294418277,25.106221461213988],[121.40218299426743,25.106311466858347],[121.40160997542944,25.107253480644584],[121.40161793530048,25.107786435314114]]]},"properties":{"OBJECTID":6,"COUNTYNAME":"新北市","TOWNNAME":"八里區","TOWNID":"F28","TRANSP":50,"CODE":" ","INDEXCODE":"1000123","Shape.STArea()":37254750.721557617,"Shape.STLength()":42327.275132718481}},{"type":"Feature","id":7,"geometry":{"type":"Polygon","coordinates":[[[121.66616101610768,25.033704579796392],[121.66898599835423,25.033120545539852],[121.67030803358399,25.032728513059784],[121.67074702982329,25.032789553757038],[121.67148602327373,25.033172557470884],[121.67164702021056,25.033801503560859],[121.67202104976407,25.034120507672586],[121.67300603363921,25.034298531094649],[121.67349998645456,25.03453059718894],[121.67394299829917,25.034562527503304],[121.67470606081548,25.034604581178719],[121.67593805329837,25.03466650615017],[121.6765360500916,25.034614586348713],[121.67700704321548,25.034619567160064],[121.67781700929491,25.035256558465033],[121.67868500897784,25.036380564425588],[121.68043706279325,25.036998516983225],[121.68149899814989,25.037550553407428],[121.68277302703027,25.038908500709379],[121.68599104428465,25.040340536181311],[121.68655498770882,25.040374505336935],[121.68696203363832,25.040491528800715],[121.68768098757765,25.040811533213645],[121.69062206973238,25.041665548791009],[121.69181206217452,25.041847550268276],[121.69442098796996,25.041266561071382],[121.69620903043472,25.041281575708254],[121.69656499880843,25.040108519832437],[121.6964860421821,25.03844551491235],[121.69580503037469,25.037434499601265],[121.69574801916764,25.036805548483798],[121.69594006042793,25.036404589209262],[121.69644802431169,25.035750518124061],[121.69714404453144,25.035153526019311],[121.6978989900737,25.034872522373654],[121.69833800368542,25.034874520742505],[121.69909301794966,25.034623577310636],[121.7004170424489,25.03380457315648],[121.70130005485552,25.033264556622687],[121.70209101938481,25.032554584361012],[121.7027270206388,25.031528531724142],[121.70359906981312,25.032165541396626],[121.70547100717972,25.033098543702557],[121.70587698680983,25.033272588681651],[121.7077230266386,25.033717506829198],[121.70816105970935,25.033749548318426],[121.70903899933911,25.03378554262191],[121.71029300380506,25.033736573441132],[121.71145504108377,25.033460516677877],[121.71270904995579,25.033470575880489],[121.71305106709877,25.033703502405181],[121.71332899645375,25.03413554792213],[121.71344999373333,25.034649517005533],[121.71575606054013,25.036159500011152],[121.71606305432221,25.036907503191575],[121.71623698622878,25.038455545994875],[121.71676704633478,25.040310569006493],[121.71615005321667,25.041290542821816],[121.7161780580544,25.041664561860884],[121.71773503473187,25.042706538995962],[121.71817005506405,25.043199588536403],[121.71838201812932,25.043945509085123],[121.71937801367019,25.044755525294903],[121.72043298532589,25.045937509868391],[121.72074198772442,25.046484509816271],[121.72099003816248,25.046771498150076],[121.72126899435692,25.047061501154218],[121.72161099972473,25.047351562972352],[121.72301404244371,25.048220528190125],[121.72382904536276,25.048226585509873],[121.72492405575527,25.048320563090417],[121.72573603062658,25.048670522825539],[121.72614104611824,25.048930552650667],[121.72663999168797,25.049135513293226],[121.7270750370558,25.049540568691498],[121.72772198681831,25.05080557632358],[121.72899806330727,25.051902531997008],[121.72933799245909,25.052449537847398],[121.72992501329726,25.053110536663603],[121.72917100111512,25.053709515666878],[121.72821999990687,25.054876531096305],[121.72745506076538,25.05596355352187],[121.72625304519103,25.05767251502202],[121.72552798356688,25.058222576804518],[121.72305201383205,25.058204573652763],[121.72242500444487,25.058275527217766],[121.72198406693032,25.058500496038814],[121.72128900565799,25.059127575216095],[121.720277028642,25.060120505770026],[121.7194860049003,25.06094550465663],[121.71916806771905,25.06148957700545],[121.71827703485089,25.062944545042658],[121.71786505321741,25.063485551393523],[121.71745403358564,25.06388551442036],[121.71625402886744,25.064879502638682],[121.71590602622337,25.065219579984017],[121.71546098968948,25.065846510975458],[121.71511299843432,25.066189562930099],[121.7145139889478,25.066557570089955],[121.7138520323894,25.066983576336728],[121.71268603962956,25.067605551775532],[121.71209002758768,25.067687512783024],[121.71152603203252,25.067597583868313],[121.71114905063405,25.067651577397491],[121.71033399822549,25.067702508978908],[121.70967600575136,25.06761356438674],[121.70867703429622,25.067119502977921],[121.70823797633,25.06702851005582],[121.70673801739686,25.066444556952625],[121.70576501154558,25.06660951930073],[121.70513400102244,25.06700455417587],[121.70481605247267,25.067405592759112],[121.70431102379663,25.067744572447026],[121.70387304986666,25.067627555805977],[121.70268100019528,25.067704535291092],[121.70183700343813,25.067298530711742],[121.70139802301705,25.067293555373681],[121.70080405335308,25.067061529248505],[121.70011302236037,25.06714153176447],[121.69913698552772,25.067565523441562],[121.69799704893694,25.068731537769938],[121.69723804040692,25.069414513676605],[121.69666905283268,25.069812551294046],[121.69516104348872,25.069972563324068],[121.69255605540363,25.070097513971525],[121.69205305255672,25.070181558317852],[121.69063706995995,25.070627497591076],[121.68994205148022,25.071053539021371],[121.68924900943263,25.071363553571928],[121.68839700551321,25.071845594363079],[121.6875120242734,25.072414528322259],[121.68659603378865,25.073095566951462],[121.6862789982322,25.07337854114304],[121.68549002140362,25.073804555888884],[121.68479304032989,25.074516530734702],[121.68403602135943,25.074884514541971],[121.681378978193,25.076929555405265],[121.68059402335389,25.077010530271604],[121.68030802705221,25.077381569144144],[121.68024006198918,25.077925499730732],[121.67992101631388,25.078383546542447],[121.67951198270657,25.078522560485588],[121.67910006008145,25.078951506898132],[121.67918901825111,25.079440550709425],[121.67980999065595,25.080132567904261],[121.68070106329918,25.0822614278378],[121.68137203960772,25.08435943454203],[121.68197798429955,25.086803424837086],[121.68178501437849,25.087233452971589],[121.68140304115815,25.08786242930676],[121.68108604797023,25.088089434166296],[121.68058305691511,25.088200443071575],[121.67880303353679,25.087154491568466],[121.67755705767455,25.085941483417802],[121.67712204098974,25.085448418559587],[121.6765009969977,25.084700421012865],[121.6759410341832,25.084149427712266],[121.67559899457773,25.08374441944661],[121.67519398540661,25.083399463203776],[121.6743820483033,25.082906490107757],[121.67394301816579,25.082872465140781],[121.67299402439563,25.083497487363623],[121.67255200159471,25.083724498586637],[121.67170102522999,25.084062414266057],[121.66933403550286,25.085222473548185],[121.66892206259487,25.085563450091087],[121.66807099031116,25.085844466396157],[121.66711999841148,25.08667045472556],[121.66635302255621,25.087985414941905],[121.66572205127498,25.088326457903591],[121.66537303908736,25.088610452592107],[121.66473803776802,25.089265442387997],[121.66370102243567,25.08934447004863],[121.6627580079769,25.089337410440031],[121.66238204595969,25.089219453607008],[121.6620040068979,25.089245431240204],[121.66168601518589,25.089644474808601],[121.66092100670681,25.090731427627802],[121.66001001801558,25.09075344215259],[121.6583360480267,25.091545485898141],[121.65801805475579,25.091885473072104],[121.65737902574166,25.092945491400808],[121.65687499730171,25.093085407334318],[121.65618205931109,25.09319446304016],[121.65567600945425,25.093449428959104],[121.65607306585571,25.094745466598209],[121.65556499881478,25.095314437307767],[121.65487001953922,25.095656448962067],[121.6538599887356,25.09602142576373],[121.65354300031669,25.096307407813516],[121.65283899431721,25.097479459330629],[121.65223806321582,25.097933453847084],[121.65100702709204,25.098356439394262],[121.65072105704061,25.098698440067359],[121.65070697876185,25.100134432323266],[121.65044904983559,25.100735444066135],[121.64940400365117,25.101417441538938],[121.64908705524691,25.101702430929194],[121.64914603335092,25.102075418997359],[121.65017199777789,25.103289440147616],[121.65167901787602,25.103501413571305],[121.65205406207309,25.103732440705748],[121.65220306795339,25.104596463142521],[121.65191002805028,25.105626496335507],[121.65075599373482,25.107773451338787],[121.65056103102378,25.108374439360293],[121.65049001450431,25.109235468550665],[121.64998105025893,25.109805432732465],[121.6492530296541,25.110319462635928],[121.64893401661213,25.110776448105749],[121.64873905478703,25.111322458459874],[121.64750500028907,25.112146496643202],[121.64696098530938,25.11300443040572],[121.6462620430099,25.113659445456307],[121.64587400979983,25.114835408146028],[121.6458050366322,25.115467458404304],[121.64601998863941,25.115985484668116],[121.64604804235283,25.116357435325718],[121.64591201427081,25.117335479242577],[121.64593501357125,25.118224434643107],[121.64554602793831,25.119285481735652],[121.64620099240533,25.119920418110393],[121.64609406107132,25.121126394169949],[121.64571604991649,25.121211468685022],[121.64536802401788,25.121382461710798],[121.6449240157973,25.121781475803012],[121.64463699644551,25.122153434649356],[121.64466198810928,25.122755462944433],[121.64478401340359,25.123158420886664],[121.6447640085099,25.123741399199311],[121.64451204428033,25.12399946052518],[121.6444129979468,25.124887419547193],[121.64415904062952,25.125344464853463],[121.6433320206627,25.127374467096974],[121.64311102525464,25.127659468009025],[121.64263799950537,25.127943405785334],[121.64223004590698,25.128029408615507],[121.64185400179996,25.128055416509952],[121.64141206423729,25.12836945822102],[121.64103106812183,25.129140437593485],[121.64071501190837,25.129597492882539],[121.6401800194116,25.129796447952966],[121.63876503283932,25.13044846559405],[121.63826105616624,25.130789478000612],[121.63647202846076,25.130724415022399],[121.63562599926358,25.13063341968067],[121.63503103309472,25.130371425873228],[121.63408604515621,25.130883424283141],[121.63309600207857,25.131036463484101],[121.63289404670009,25.131403434175013],[121.63262301314511,25.132235418030927],[121.63214101076606,25.132627430985362],[121.63161000042852,25.132792488467867],[121.63123205404371,25.132931416388853],[121.63032503941234,25.133420477379442],[121.62976798881898,25.133790403807268],[121.62977104689779,25.134416452733344],[121.6295960238111,25.134967410743371],[121.62929503992606,25.135246413604847],[121.62868804667359,25.13538639529424],[121.62820505876715,25.135571466649704],[121.62808304915862,25.136011416275363],[121.62753506567378,25.137901457092475],[121.62695998819621,25.13932943959567],[121.62681101964405,25.139790450416136],[121.62620304392465,25.139726468836415],[121.62572302225736,25.139728408462037],[121.62458398751544,25.139988464989411],[121.62407705264469,25.139828439051954],[121.6231650320823,25.139576410077684],[121.62164099716701,25.13926544942143],[121.62091805951169,25.139015412533908],[121.62002899378311,25.138705467776155],[121.61910599819349,25.138397475793376],[121.6183730527874,25.138400448169627],[121.61801804202138,25.138519484110805],[121.61695399977604,25.138774464828579],[121.61690400554455,25.138431392477351],[121.61651506114418,25.138078455945823],[121.61608003713788,25.137297476095348],[121.61568001248318,25.136822425240162],[121.61392506736905,25.135493447613193],[121.61303706143447,25.134829455157444],[121.61245406075358,25.134533458212562],[121.61181799319102,25.134191455249098],[121.61128206066638,25.133522466084937],[121.61047103429269,25.133004399145456],[121.60968099339168,25.132852450523487],[121.60921201097477,25.132583426970118],[121.60861703699915,25.132014443096597],[121.60813304295841,25.131373391155424],[121.60788602167078,25.13101144891484],[121.60769003614216,25.130136474474689],[121.60706000820784,25.12892649239198],[121.60584401983176,25.127535439561399],[121.60489804285743,25.126905469678981],[121.60467100179173,25.126495414299576],[121.60432101636437,25.126049462053317],[121.60391105590358,25.125968437399919],[121.60250200952257,25.125993404972192],[121.60205304943021,25.125948452124842],[121.60163105348065,25.125661429660912],[121.60141605633565,25.125303407577437],[121.60122506913129,25.1239834567949],[121.60117005135872,25.123220473773923],[121.60078902480886,25.121708432836453],[121.60001205648905,25.120582440248036],[121.5991320668749,25.120317481203127],[121.59891399185014,25.12002945005727],[121.59873305892778,25.119136415972342],[121.59851702523132,25.118561430658271],[121.5977750613187,25.117005422082141],[121.59752700588123,25.116572409101281],[121.59753107307429,25.11611246326359],[121.59693900634518,25.115304423095189],[121.59569199842271,25.113860409961081],[121.5957290345855,25.113199436520382],[121.59627100172219,25.112601447980289],[121.59656604794941,25.1113114914825],[121.5977500582819,25.109309456600304],[121.59832104906815,25.108968487173179],[121.59914205135703,25.108774480695004],[121.59961704611914,25.108490407217264],[121.60005903923786,25.108378480388119],[121.60049902828361,25.108525494079373],[121.60119399531793,25.108301465914131],[121.60277103326878,25.108168478900115],[121.60356300248711,25.107714446201712],[121.60410006162498,25.107576480236048],[121.60457506153871,25.107378429907904],[121.60511100859762,25.107265461372748],[121.60558406802706,25.107270479130367],[121.60612005541429,25.107216467289685],[121.60656303523997,25.107076416849292],[121.60782501219826,25.106855474208022],[121.60928500599009,25.10571843750321],[121.60972900313922,25.105405490570352],[121.61131203860775,25.104613456764454],[121.6126370274101,25.104508405931547],[121.61405802661949,25.104142460463084],[121.61478502952777,25.103889443799432],[121.61526004488668,25.103634480029886],[121.61564105247952,25.103321411305583],[121.61650104311803,25.102322410535589],[121.61688698797093,25.101465418354667],[121.6171420364866,25.101151432423119],[121.61799799897126,25.100610464260182],[121.61844303647007,25.100154468758337],[121.6188560125028,25.099812440586962],[121.62063098995338,25.098561406627859],[121.6212010231818,25.098308460478048],[121.62161503287504,25.097850416145551],[121.62190200577129,25.097452482191621],[121.62304206844766,25.096856416286489],[121.62342000355876,25.096915415723704],[121.62493205958205,25.097013417038557],[121.62559602199985,25.096760424080902],[121.62601100474718,25.096160430283511],[121.62598399782952,25.095643470203544],[121.62560904289174,25.095238484100815],[121.62514103913335,25.094690428238454],[121.62492601070308,25.09408341742694],[121.62499402594011,25.093453471229182],[121.62547199072672,25.092826475459205],[121.62557203031803,25.092252453723653],[121.62618000573589,25.091222412799809],[121.62590104931247,25.090702442996832],[121.62600103657203,25.090072448850094],[121.62619200769953,25.0897574440828],[121.62647804910253,25.089501438727272],[121.62689000285742,25.089274438459352],[121.62730300783394,25.088933471308749],[121.62765099658814,25.088591441936487],[121.62793799718196,25.088220497941446],[121.6281320379927,25.087675410960372],[121.62816902535099,25.08707240735837],[121.62845807325859,25.08644449992515],[121.62833601420563,25.085954478056472],[121.62774406877922,25.085147465263269],[121.62733901017832,25.084656469913739],[121.62740604717131,25.084139465642423],[121.62778901216682,25.083652465593801],[121.62782405360488,25.083194455860461],[121.62767002423416,25.082734458073883],[121.62735905695081,25.082332458204071],[121.62695105658408,25.08212643973047],[121.62610104326853,25.082034404396577],[121.62566198551676,25.081801511693094],[121.62538106742309,25.08151458991949],[121.62491303548322,25.080936553480079],[121.62450607100382,25.080673530374618],[121.62422402801448,25.080442493965791],[121.62400999586899,25.079752515588424],[121.62436103462345,25.079209573156987],[121.62490398974963,25.078573552814561],[121.62490500764308,25.078209519377555],[121.62468898928843,25.077777588583736],[121.62434402927799,25.077516561667988],[121.6239670376743,25.077342539063299],[121.62352104802838,25.076931537437069],[121.62326804710227,25.076600503488415],[121.62300199318769,25.076100525230473],[121.6229120584706,25.075584545686088],[121.6227580585175,25.075124542692585],[121.62219602272829,25.074573527057876],[121.6212809982096,25.074597589543629],[121.62091104063634,25.07367656405383],[121.62194403739741,25.072484501584203],[121.6212879895578,25.071641519214324],[121.62135199311322,25.070033574046782],[121.62160903453713,25.069547570421854],[121.62110604142717,25.069429584879583],[121.62057601527061,25.068766548406821],[121.62016800571028,25.068533507479351],[121.61966504961381,25.068501581233992],[121.61922799121426,25.068067574660819],[121.61891501267993,25.06783656864474],[121.61863301088994,25.067605520444136],[121.61812999836094,25.067514527339011],[121.61759600719806,25.067309547941949],[121.61769604597536,25.066767575888878],[121.61795205746149,25.066251503187864],[121.61786300598358,25.065676555978385],[121.61783703097296,25.065044553983462],[121.61742604738646,25.065242555915241],[121.61715701719507,25.065835514388226],[121.61668805808044,25.065782562992183],[121.61654602870405,25.064979495961566],[121.61645603030804,25.064490501488532],[121.61619103069019,25.063830509577087],[121.61851601127917,25.06301250681679],[121.61965599406543,25.062330582417626],[121.62095800782242,25.061165565264584],[121.62149906328553,25.060535530408121],[121.62185006104946,25.0599925175222],[121.62284604437693,25.057648516534606],[121.62402906322056,25.055647536030943],[121.62406406955293,25.055216540831406],[121.62343701391154,25.054869584215478],[121.62302607186498,25.055094577576728],[121.62270701519276,25.055551521231532],[121.62232606737896,25.055923568131004],[121.6216910302182,25.05640656637831],[121.62102803539933,25.05660155838369],[121.62052601603402,25.056454508366151],[121.62085502747649,25.054794524984988],[121.62085999131851,25.054221544756622],[121.62058200734586,25.053644587493071],[121.61657506043377,25.050977529204019],[121.61623204254091,25.050518578749326],[121.61684301484301,25.047676563661515],[121.61816406698745,25.045443549309596],[121.61960604501512,25.043340502333152],[121.62189400621681,25.04031657259215],[121.62289499175166,25.039979575454936],[121.6241070081682,25.039380567084098],[121.62607000320671,25.03810357170093],[121.62752502432814,25.037366546378596],[121.6293570021774,25.036747548043955],[121.62995905869292,25.036264569998075],[121.63015606266143,25.035405541568071],[121.63059805900393,25.035207563429807],[121.63125701104821,25.035527543332684],[121.63238803422887,25.03579351360251],[121.63286006213919,25.035823563394903],[121.6332380466108,25.035895531247125],[121.63395900609541,25.036017504778997],[121.63436706106386,25.036135577353065],[121.63615206132923,25.036953548989],[121.63665205019758,25.037129551355406],[121.63721706349476,25.037249553419699],[121.63772104168841,25.037168567238027],[121.63854202806039,25.036827546117408],[121.63908006415053,25.036488544756846],[121.63971003655061,25.036321513250336],[121.64117002734731,25.034784561387728],[121.64522100436365,25.031948589193913],[121.6456009940273,25.031608522718258],[121.64698604159668,25.031360540134287],[121.64994906797915,25.030440574513641],[121.65036298135823,25.029811522184353],[121.6509010631755,25.029414514409261],[121.65175098094592,25.029276535897338],[121.65794100652484,25.029100556893251],[121.66034802201831,25.030238524996065],[121.66069106015701,25.030469588668446],[121.66174904529187,25.031483520522087],[121.66233803240178,25.032204543342569],[121.66264801071277,25.032639533088201],[121.66314605282373,25.033101568609219],[121.66342504967972,25.033504547213223],[121.66370499141152,25.033794569630988],[121.66423502812729,25.034142522070095],[121.6648300454531,25.034261566232395],[121.66616101610768,25.033704579796392]]]},"properties":{"OBJECTID":7,"COUNTYNAME":"新北市","TOWNNAME":"汐止區","TOWNID":"F25","TRANSP":50,"CODE":" ","INDEXCODE":"1000111","Shape.STArea()":70990489.721984863,"Shape.STLength()":49685.540675262222}},{"type":"Feature","id":8,"geometry":{"type":"Polygon","coordinates":[[[121.81691903842052,25.041819506113992],[121.81735201408965,25.041895493697709],[121.81797898202723,25.04186550798352],[121.81885804732393,25.042378536286989],[121.81948499561766,25.042578504152971],[121.82020804946023,25.043265567257045],[121.82137201390645,25.045439541903985],[121.82190605309567,25.04583754843895],[121.82269004327244,25.045865532615032],[121.82312804596607,25.045835562759578],[121.823598028104,25.045805514533157],[121.82400501911212,25.045489507186431],[121.82425503159413,25.045204535946162],[121.82509999503993,25.044743545444597],[121.82572803155803,25.044943556242277],[121.82651098142752,25.044769551629837],[121.82710698994633,25.044910511080118],[121.82735798740278,25.045198574639315],[121.82820504279189,25.04528151753421],[121.82923797696235,25.044964551929745],[121.82964601038785,25.044964518981455],[121.83008498438102,25.045077551187386],[121.83049203999504,25.044905537074811],[121.83180603852715,25.044016548119401],[121.83252701202399,25.043984512003384],[121.8333740298217,25.044269589614622],[121.83387500119495,25.044354529688157],[121.8341270032379,25.044813563434449],[121.8341280388215,25.045183555602666],[121.83478901122159,25.045755510072407],[121.83469599381898,25.046444548928907],[121.83494899697338,25.04715855572238],[121.83394801581147,25.048163543882048],[121.8340119764345,25.048822542249372],[121.83404603539225,25.049966546700205],[121.83351600572534,25.051027581470951],[121.83323504000951,25.051399508600834],[121.83295499664371,25.052344562811772],[121.83214197345066,25.053120518402867],[121.83201803489874,25.053893519188652],[121.83180101649245,25.054695568701554],[121.83076800640738,25.055642588901069],[121.83054999183308,25.05595952599969],[121.83045703193183,25.056587533421695],[121.83124404645227,25.057876571349802],[121.83115097751612,25.058391529360819],[121.83065103977549,25.059051515109733],[121.83077798152576,25.059824560831771],[121.83065502931365,25.060540575377264],[121.83043602226714,25.060941510621181],[121.83056396782787,25.062058531168397],[121.82981401211359,25.062946529261222],[121.82981598402819,25.063434509372282],[121.82981699377177,25.063777587703761],[121.82963099698947,25.064638507690539],[121.83019602002292,25.06532351053793],[121.83095203718796,25.066553572274525],[121.83126599637154,25.066897509303679],[121.83161201884752,25.067326508150195],[121.83192701385204,25.068040535978795],[121.83239898139237,25.0687285733339],[121.83252602442296,25.069357516608218],[121.83230804156753,25.069958493025943],[121.83185703221817,25.070473578517042],[121.83221698559937,25.071220572460593],[121.83268902341518,25.071820579024124],[121.83403905001916,25.072648500696179],[121.8343839884993,25.073048516775813],[121.83523299964632,25.073619583945085],[121.83604803219156,25.073761528277622],[121.83651897038942,25.07393258638168],[121.83774401678116,25.074961510435966],[121.83975703109077,25.076990411861708],[121.84000902741542,25.07753241505943],[121.84019799375064,25.077847427361441],[121.84060596335529,25.078276418282623],[121.84098502209811,25.079163481791028],[121.84057999147335,25.080540467637345],[121.84102002683115,25.080768461520453],[121.84227702110201,25.081826436184173],[121.84268500219406,25.082025462888662],[121.84347203943413,25.083169405454832],[121.84378804460702,25.084228474221476],[121.84378900020137,25.084630409495482],[121.84470005484258,25.085371434224964],[121.84498402901367,25.086087397835175],[121.84558301057714,25.087116487131006],[121.84599105393727,25.08748849416256],[121.84746997057282,25.08923347735012],[121.84813500335608,25.089448448458239],[121.84947600006177,25.088971466049539],[121.84994703780404,25.088969487014928],[121.8512960026334,25.089081474059014],[121.85170402069612,25.089338436669145],[121.85173902127204,25.0906854668888],[121.85186501896312,25.091027459361385],[121.85224199540872,25.091456404187628],[121.85246300711863,25.09177140470095],[121.85274704255463,25.092487438830961],[121.85284402218264,25.093489416243234],[121.85319199879004,25.09471943944185],[121.85334998293349,25.095063428305952],[121.85404104587225,25.095664435485631],[121.85491000750693,25.095776451469636],[121.85586997707298,25.096111461960231],[121.85617496768229,25.096403397366217],[121.85670900228358,25.096774457225873],[121.85724400998815,25.097344417561008],[121.85765197566789,25.097401458272653],[121.85799500014033,25.0968844871763],[121.8582450133276,25.0965134124875],[121.85923002041919,25.096568472311397],[121.86074303383938,25.096024408482727],[121.86185201633138,25.096476432830681],[121.86244801810226,25.095911495014541],[121.86398200433692,25.095726412795536],[121.86432599941519,25.095466467630267],[121.86482798655082,25.095466429824988],[121.86535997667127,25.095264432123557],[121.86667700913101,25.095033458221994],[121.86733196878453,25.094113436187708],[121.86780204968638,25.093912423777173],[121.86820999446059,25.09391247066651],[121.8694230219768,25.094435423643379],[121.87002405067953,25.094401481425344],[121.87143200465839,25.093872441523569],[121.87278800219347,25.093929482063263],[121.8732290115144,25.094529446949338],[121.87370002064523,25.094842488534191],[121.87483701520691,25.095158462516363],[121.87556804500188,25.094960488806414],[121.87733803959759,25.094749421971795],[121.87809097392541,25.094918499769815],[121.87846798461881,25.095060440850677],[121.87887602250554,25.095288434010644],[121.87966197805655,25.09611945579756],[121.8801649949683,25.096375497604914],[121.88101401508142,25.097147444765493],[121.88145299825314,25.097345445793128],[121.8818630254557,25.097918477740922],[121.88245899234764,25.098088465882086],[121.88318103198883,25.098574410760328],[121.88366801847421,25.098657456391368],[121.8842040174207,25.098915456840018],[121.8852319667084,25.099160404657106],[121.88650103761762,25.099863450702095],[121.88710603815942,25.100254480610332],[121.88765102525528,25.100441449718254],[121.88827301937725,25.100509396649969],[121.88975398613306,25.100454488297647],[121.89027803798496,25.100515446507298],[121.89047701361652,25.100845400892911],[121.8909230391435,25.10099648058813],[121.89144601412568,25.101011485397478],[121.89183000935934,25.100792413588344],[121.89230199373104,25.100575408707407],[121.89331003645931,25.100720487281141],[121.89432001809732,25.101021449453029],[121.8948640389296,25.101117481993814],[121.89526801066872,25.101141414453991],[121.89575301867347,25.101184429944041],[121.89611998020318,25.101504445221863],[121.89648004218364,25.102042437949997],[121.89685702017279,25.102299447970051],[121.8970589787527,25.102999467276991],[121.89725001794837,25.103305460265883],[121.89677397511554,25.104333427078856],[121.89642299000107,25.105007442923291],[121.89570404282806,25.106686471171077],[121.8954900262612,25.107101439995027],[121.89538600174804,25.107686476888126],[121.89507199419394,25.107947485604488],[121.89483700141949,25.108280430399621],[121.89484098219803,25.108804419940547],[121.89505701471849,25.110069431679459],[121.89549402839201,25.110436418389387],[121.89610097242765,25.111035484996773],[121.8966070025995,25.111355464515039],[121.89710801988151,25.112377431907202],[121.89763000550339,25.113570455799561],[121.89790899753535,25.113854425467586],[121.89898400617832,25.113670406345605],[121.89972397714291,25.113602445146924],[121.90092497792573,25.114439491953284],[121.90155003718363,25.114769475073437],[121.90178899274339,25.115045458328005],[121.90206099970928,25.115791452060947],[121.90268303784642,25.115778446986017],[121.90311802840013,25.115830416971779],[121.90339600365024,25.116105440276453],[121.90395101888132,25.116409482943123],[121.90491004686048,25.116609486628182],[121.90547504073376,25.116723485705194],[121.90599102934725,25.116999407992648],[121.90636796347289,25.117320407150853],[121.90689202180867,25.117326408415444],[121.90754497744072,25.117556428170158],[121.90798902797943,25.117382434631107],[121.9082110107649,25.11678746191085],[121.90870398823377,25.116595486168972],[121.90934696859613,25.116780409884193],[121.91038797010819,25.117358427229814],[121.91146604233043,25.117640437366724],[121.91222702786929,25.117626461853089],[121.91279902219966,25.117523450672415],[121.91328301926465,25.117620414098447],[121.91387796587752,25.117966420625756],[121.91430602673043,25.118403447393366],[121.91479196855272,25.118662461734694],[121.91531702600768,25.118846459964693],[121.91603903857026,25.118977432354157],[121.91646604089111,25.119306406337529],[121.91683198800339,25.119431441928651],[121.91786102825286,25.119713442584189],[121.91864197477996,25.119805484379274],[121.91933598891154,25.120162494389817],[121.91985304267116,25.120563477131725],[121.92120798434843,25.121148409582634],[121.92118497841577,25.121394484686874],[121.920832010623,25.121444436839283],[121.92155601825887,25.12225240444225],[121.92175803279564,25.122273445295523],[121.92195598534504,25.121906474773574],[121.9223470267353,25.121927435817593],[121.92261402062317,25.122315436351009],[121.9227930182892,25.122809426978044],[121.92285800820321,25.123000422964843],[121.92330103257724,25.123182481688126],[121.92335602383221,25.123893476369464],[121.92304198663562,25.123963420148389],[121.92294404974254,25.124317484664175],[121.92308697706579,25.124901454103757],[121.92344202036068,25.125323484127986],[121.92362303279465,25.125988469180623],[121.92382397534278,25.127203418732037],[121.92445403484292,25.127529488223015],[121.92495998340226,25.127733433246025],[121.92502403946126,25.127974462285543],[121.92442597045533,25.128768438938952],[121.92403900504198,25.129161409504643],[121.92387602232246,25.129229416711475],[121.92326903328707,25.128969486377045],[121.92267496419511,25.128697453873404],[121.92172801247814,25.128256442370564],[121.9208550248003,25.127700404591753],[121.92035101862763,25.127601421994925],[121.9194050141777,25.127549433066399],[121.91868603010023,25.127393451719698],[121.91798101472966,25.127408477277779],[121.91728797197214,25.127264421616541],[121.91657997698519,25.126902433274346],[121.91578300269771,25.126368467889531],[121.91552696571412,25.126101455822337],[121.91535798501644,25.125684473626194],[121.91530701759942,25.125111405662988],[121.91492698894089,25.124723445877333],[121.91469797619288,25.124427474005287],[121.9137400258119,25.124261478606332],[121.91337502202772,25.124298485127866],[121.91302303138558,25.12434543562463],[121.91251902241099,25.124200471455033],[121.91196303685246,25.12393946003769],[121.91162101321738,25.123679476896751],[121.91142996725247,25.123428476804563],[121.91088801644887,25.123316427918869],[121.9104779785366,25.123048460808668],[121.91019101827224,25.122690435850348],[121.90968502563901,25.122418452514925],[121.90916798434489,25.122225443656095],[121.90846200244501,25.122128466523559],[121.90800299170617,25.122027462759061],[121.90741102267427,25.12159942866888],[121.90724896523146,25.121584441968871],[121.90706097711798,25.121678411472121],[121.90701203019449,25.121861448477116],[121.90718998391186,25.122102408545231],[121.90725498151778,25.122410419188046],[121.90704201429408,25.12242345110711],[121.90681296857143,25.122264424747353],[121.90653501310562,25.122047458000601],[121.90612901940038,25.121672458853517],[121.90581496637738,25.121686485151528],[121.90546399100923,25.121938446884759],[121.90541698798515,25.122385451220403],[121.90523997748076,25.1222494848639],[121.90505103706742,25.122216424384057],[121.90500102127552,25.122354407401684],[121.90514898235314,25.122520439715764],[121.90511698314688,25.122674480109207],[121.90467697543654,25.122676446850786],[121.9046779890697,25.122825405390909],[121.90481798262159,25.123032473344988],[121.90504497601601,25.123157490653025],[121.90509804813172,25.123511429442281],[121.90473405181146,25.123651430454046],[121.90441801691514,25.123342427449533],[121.90399896841497,25.123060499028529],[121.90342898690241,25.122605414613908],[121.90293900771655,25.122642438485503],[121.90252101842927,25.122313458717493],[121.90216997002889,25.121911479150089],[121.90167099141821,25.121401438311345],[121.90131498149076,25.121013498341345],[121.90102401605058,25.120796410476444],[121.90068201045395,25.120432470970446],[121.90026602202079,25.120397441705695],[121.90006604399643,25.120653442470964],[121.89958898033112,25.120565423196979],[121.89944702430087,25.120268431542275],[121.89911697934036,25.119995431157552],[121.89882896623239,25.119800454587086],[121.89824799219323,25.11988540715712],[121.89785698117579,25.119865478938674],[121.89754199889747,25.119740454044965],[121.89722697783242,25.119731426970844],[121.89672500338075,25.119951416606995],[121.89631103202039,25.120080412166157],[121.896086010223,25.120322471713198],[121.896076995626,25.120803471214153],[121.89568800045031,25.121003441076173],[121.89529603786318,25.120775413005116],[121.89516800181595,25.120467411463981],[121.89457397531937,25.120400487154875],[121.89431303346025,25.120654401854718],[121.89412401851339,25.120610406264447],[121.89413299420082,25.12029046617393],[121.89385598285931,25.120325455629278],[121.89355603123937,25.120533471776021],[121.89341599877882,25.120432478985244],[121.89336403103118,25.120168447165668],[121.89315100136866,25.120296487333327],[121.89319003062438,25.120501463264475],[121.89292603584271,25.120503419370255],[121.89287297482119,25.120056466383762],[121.89273402265864,25.120012431937592],[121.89247101617266,25.120230438066983],[121.89206898538201,25.12031446601155],[121.89161197676309,25.119799432419171],[121.8912850188502,25.119928433201512],[121.89153999348827,25.120384450475299],[121.89110199248834,25.120719430076019],[121.89062596493011,25.120345440190054],[121.89016601050272,25.120065444366499],[121.88983899471401,25.12008545471982],[121.89013200935906,25.120542432374325],[121.88999603987693,25.120944464933974],[121.88964698568972,25.121456486889176],[121.88972600739528,25.121989408030668],[121.88913404068086,25.121947458636775],[121.88890897238376,25.122097419808675],[121.88890402174329,25.122102406516731],[121.88855904573707,25.122476445467271],[121.88787396220866,25.122532471717722],[121.88722504744132,25.122565426016191],[121.88664598763005,25.12256943352212],[121.88595499203883,25.122733463779277],[121.88562699064373,25.123094481649165],[121.8852540377535,25.123311404316155],[121.88497703731886,25.123416433706524],[121.88456204279085,25.123441472554454],[121.88426099599548,25.123558486454925],[121.88471502366154,25.124298457368653],[121.88426700583928,25.124291457932593],[121.88383596901959,25.124041424779115],[121.88313297694403,25.123939440399695],[121.88274900687422,25.123501403029799],[121.88199701156651,25.123465434552937],[121.88170198694147,25.123715469858844],[121.88128998705129,25.123758465534703],[121.88078903120825,25.123657424315024],[121.88047102828097,25.123931429201299],[121.88012798712874,25.123518439595195],[121.87962303054793,25.12341941142784],[121.87921098194983,25.123399471472784],[121.87918102670261,25.123406420721423],[121.87880200426891,25.123485408919649],[121.87848402586931,25.123672453427233],[121.87830299310583,25.12404540984592],[121.87795996853377,25.123738401123518],[121.87779602127199,25.123195407183157],[121.87679798231029,25.122973440022413],[121.87605397380877,25.123196418914628],[121.87603296414048,25.123657450228503],[121.87571698357054,25.123882411765049],[121.87546201100598,25.124222481934403],[121.8748299800701,25.124702456028398],[121.87457598639321,25.125042431378869],[121.87441499720566,25.125440449162994],[121.87406803813401,25.12558046383451],[121.87353902337624,25.125373478129269],[121.87335604367358,25.1249704506012],[121.87276302474406,25.124793463085663],[121.87256896551486,25.125248463373904],[121.87216300890044,25.125244445936993],[121.87207399583498,25.124872455684471],[121.87182599665377,25.124582478917329],[121.87148700567093,25.124207442842359],[121.87139701185686,25.123835457840041],[121.87086799931862,25.123572417381812],[121.87052198154718,25.123739481953539],[121.87032805136072,25.12422345902775],[121.86997399726994,25.125243413146961],[121.86922302398989,25.124924414102455],[121.86910604578195,25.124322453429745],[121.86830601366859,25.123172395968933],[121.86788498077409,25.122933454797266],[121.86737302666999,25.122534413347772],[121.86670804549836,25.122427424755088],[121.86589500268195,25.122547482122116],[121.86501798628203,25.122667441689877],[121.86366801740112,25.122931451317235],[121.86294697639583,25.123483400762815],[121.86264404098861,25.123776423466545],[121.86253703562352,25.124136470004679],[121.86246101217077,25.124793460677463],[121.86245703443342,25.125136475594498],[121.86235802470912,25.125536466686956],[121.86197902533235,25.126008419276815],[121.86145000805796,25.125496421483721],[121.86123600563363,25.125037489118093],[121.86072997578746,25.125460424836707],[121.86073597734935,25.12497448620352],[121.86025204555003,25.124266493346656],[121.85977302512318,25.124364426172029],[121.85943002906826,25.124217449554656],[121.85899204555479,25.124183415098006],[121.85861402254285,25.124350461666257],[121.85764503062708,25.124196462395581],[121.85698497041462,25.124362424676498],[121.85657599247696,25.124556469642894],[121.85566401264528,25.124803422022168],[121.85522503967391,25.124828428881514],[121.85437301137397,25.125334430575691],[121.85399700448346,25.125356460983451],[121.85361798227042,25.125582459005781],[121.85283100546793,25.125916436765184],[121.85213997553173,25.126051418001513],[121.85151302658468,25.126072438272505],[121.85110201804846,25.126381407558835],[121.85063198602482,25.12640739900187],[121.84934197895431,25.126851416685454],[121.84902496266041,25.127103404777113],[121.84836701172776,25.12712542179581],[121.84795702547559,25.127321427989521],[121.84623700159959,25.127074491833916],[121.84536001386302,25.127063429421138],[121.84463502453738,25.127399431846541],[121.84407199024051,25.127334487541233],[121.84359897272803,25.127501407216375],[121.84278603737442,25.127407435609939],[121.84255997265539,25.12786240387878],[121.84224299442461,25.128229407210313],[121.84127503740702,25.12795547374969],[121.8409630397277,25.128259426274056],[121.84067205045089,25.128538427671767],[121.84030200041192,25.128001438599753],[121.83968800282663,25.128040407995602],[121.83930000123823,25.127997456994528],[121.83895105788075,25.128306406462126],[121.83862799387339,25.128096426590485],[121.83814103108917,25.127920414022089],[121.83716400110156,25.128366441046584],[121.83663303393517,25.128191480045182],[121.83631701589179,25.12841347143134],[121.8358519906689,25.128014421412008],[121.83544298536155,25.128152426123865],[121.8350620223593,25.12848446281313],[121.83446901279811,25.128279436787825],[121.83387401141654,25.12821542813089],[121.83394202619621,25.127849478619613],[121.83401005400867,25.127422412964329],[121.83366802298285,25.127210460543566],[121.83307700338793,25.126862479726249],[121.83248000886314,25.127253433985199],[121.83190799404996,25.127563418734908],[121.83131704580248,25.127129408097584],[121.83031302385537,25.127202470058315],[121.82965300340251,25.127343404172112],[121.82914702718459,25.127646438406199],[121.82851997326566,25.127668445525178],[121.82830502057281,25.127328457164737],[121.82872302831996,25.126534412509073],[121.82901101524835,25.126049417972229],[121.82914201916147,25.125681414443907],[121.82968598272767,25.124791408403361],[121.82778698738031,25.123172476027413],[121.8276949795529,25.122870440673235],[121.82765500677752,25.12287544400716],[121.82609800502226,25.123016399032384],[121.82600498858294,25.122660466892228],[121.82606103344854,25.121920454956669],[121.82536401705474,25.121483478751667],[121.82488205355418,25.121486439651182],[121.82431100373225,25.121819418375075],[121.82379904980002,25.121849442194634],[121.82259197960043,25.121801437347347],[121.82202102926684,25.121560459516157],[121.82151704132966,25.121414476295655],[121.82100897805175,25.121539445064361],[121.8205440198881,25.121763490163893],[121.81993602283252,25.122405436348721],[121.819776002731,25.122902443434416],[121.81970402585326,25.123282484369973],[121.8197620010277,25.123683485563024],[121.81975100616741,25.124487452012659],[121.81996202175665,25.125111409741731],[121.81904803164178,25.125499448184573],[121.81894997480812,25.125843437415796],[121.81938299780232,25.126249403748691],[121.81940998578533,25.126592424721458],[121.81890598936091,25.126730468689747],[121.81927797907483,25.127134413526345],[121.81861203547363,25.127677460197962],[121.81827397822747,25.129555458018043],[121.81870799611775,25.129961406875548],[121.81956901186602,25.131179467110154],[121.82000103086332,25.131836428906205],[121.82031003470877,25.132211485772061],[121.82071100689579,25.132701414676408],[121.82036101237526,25.133071429768599],[121.82073204364309,25.133475489196275],[121.8209140062488,25.133934483794217],[121.82093204213156,25.134000467880735],[121.82108198294532,25.134087475870633],[121.82159300808058,25.134337451895664],[121.82217102546089,25.133961451996178],[121.82208001019848,25.133490402753957],[121.8225210173788,25.133409410615585],[121.82283701796813,25.133154393510086],[121.82336703364859,25.133418434069146],[121.82400700084592,25.133561408470481],[121.82421500852541,25.133853404576083],[121.82454698749439,25.134321396379619],[121.82507902223576,25.134410435265668],[121.82523005083172,25.13481343741061],[121.82554004335974,25.135103426280189],[121.82632003490693,25.13539945700591],[121.82600303162043,25.135651397777096],[121.82527800659412,25.135987421124799],[121.82493501702882,25.135840453125926],[121.8245580000556,25.13586440756135],[121.82421600117037,25.135658461259109],[121.82318298823179,25.135894438002421],[121.82221301382073,25.135322446986066],[121.82143499542394,25.135220410537993],[121.82099497705018,25.134936456086194],[121.82021297601167,25.134814483262844],[121.81887900987098,25.133712444745505],[121.81759400897487,25.133610476820266],[121.81722001527476,25.133436483986138],[121.81602599156307,25.133594477544502],[121.81561603380462,25.133818468606023],[121.8153290531868,25.1341944572351],[121.81519802003258,25.134565437441442],[121.81469998824262,25.134265451200442],[121.81360802550135,25.13374148015431],[121.81330298184375,25.133133453570498],[121.81261399341237,25.133010475601605],[121.81237199013083,25.133336472455337],[121.81169899654289,25.133430445909923],[121.81148402794366,25.133057479182487],[121.81110703465737,25.133109471491192],[121.81057799059556,25.132816413307946],[121.81013800706235,25.132841469781102],[121.80963204170392,25.133207457735498],[121.80903302321212,25.133429399694158],[121.80862604372901,25.133312442757948],[121.808067019543,25.132875453418645],[121.80698799840138,25.133806485691956],[121.80682704268798,25.134120467043079],[121.8066660308924,25.134489434999917],[121.80634798062769,25.134773486721027],[121.8056229859064,25.135020477958328],[121.80530499570479,25.135390474853175],[121.80480700946462,25.135041433714612],[121.80432999269068,25.135522452994778],[121.80331097419999,25.134316433831156],[121.80315903226561,25.133972459983902],[121.80404302159127,25.133521471690994],[121.80427499569163,25.132608428424241],[121.80519998131544,25.131475471775151],[121.80562002208568,25.130592453211833],[121.80563099754245,25.129733426201238],[121.80542003868909,25.129072419050107],[121.80476797534837,25.128550403073145],[121.80411201016518,25.128341434655912],[121.80381202463316,25.127309487571907],[121.80445097647466,25.126457431979926],[121.80502399622272,25.125804437767407],[121.80506199921048,25.125348477347753],[121.80472201993805,25.124944486215263],[121.80416399046445,25.124450407813523],[121.80345799915264,25.123269423790237],[121.80334999391533,25.12227443232527],[121.80281600394905,25.121988408608789],[121.80190298510635,25.121303489081846],[121.80127599575135,25.121705479099816],[121.80024101633407,25.121907443638804],[121.79970798593105,25.122082403943701],[121.79936405331995,25.122282436279459],[121.79892504259927,25.122428436053465],[121.79832799196394,25.122370448895374],[121.79826300546191,25.121167471817756],[121.79832500220148,25.120537483138524],[121.79848001477741,25.119847416173108],[121.79866699348912,25.119246454162965],[121.79790003621714,25.117352425324228],[121.79781397737639,25.116657426062773],[121.79759702579722,25.115756453958305],[121.79768700326854,25.115177428365133],[121.79712003840238,25.113862485156154],[121.79636600171858,25.11369048025573],[121.79586401051996,25.113490483470894],[121.79542403867117,25.112976414918361],[121.79492098225973,25.112634489980802],[121.79438703258236,25.112664441990031],[121.79379199364602,25.112895418181264],[121.79335302466518,25.112981457947551],[121.79278805110908,25.112954426768901],[121.79228602918903,25.112810475280529],[121.79137497468723,25.112727401151979],[121.79052702192109,25.112242495506855],[121.78996301935598,25.112443402074323],[121.78795999785919,25.115054472413323],[121.78670803274919,25.116920465677008],[121.78648900974646,25.117291436371683],[121.78617697931163,25.118008417769076],[121.78580098828435,25.118324425973295],[121.78523503281322,25.11809746604392],[121.78404105273668,25.116952464619636],[121.78344397873705,25.116666438699379],[121.78306802557725,25.116695413266569],[121.78234698274686,25.11718441191644],[121.78087300206583,25.117647409395289],[121.77958598503554,25.117649491282624],[121.77899005297,25.11796646292678],[121.77833198951275,25.117994473838611],[121.77773603322922,25.118284438785246],[121.776982989849,25.118771410336748],[121.77638702233585,25.118659426829574],[121.77585404501203,25.118745453547259],[121.77554000374178,25.119033492630258],[121.77529003425552,25.119434485562305],[121.77507098459552,25.119807432547194],[121.77463199908836,25.12003543603555],[121.77369099227606,25.120295406562104],[121.7731889856359,25.120296399042083],[121.77249802238343,25.119868433649962],[121.77221405434774,25.119296427961356],[121.77174303593253,25.118895474885942],[121.77149203361732,25.118465402125544],[121.77148998826227,25.117892457300222],[121.77123901377024,25.117349421885919],[121.77048397495966,25.116834482726095],[121.76982204457865,25.115172412376264],[121.76881599991619,25.114114438221325],[121.76793702569954,25.113915493325369],[121.76743505258855,25.113487419525725],[121.76689997761794,25.112657482599666],[121.76642898087154,25.112657471492074],[121.76517499642466,25.113318439461064],[121.76423404439933,25.113435422332987],[121.76316699316408,25.113464476436334],[121.76269599793267,25.113266477212761],[121.76194203117868,25.112635460510205],[121.76099999826735,25.112351467944141],[121.75983903449605,25.112639480061283],[121.75918006509079,25.112528456160753],[121.7582999876025,25.111697453536014],[121.75763401819671,25.110928459943288],[121.75732805018234,25.110181461739558],[121.75695198176963,25.110151423793006],[121.75622802505951,25.110547414639242],[121.75488297312819,25.110396446248075],[121.75381497921683,25.110733413500377],[121.75268705238368,25.110698420998478],[121.75192704917907,25.110874450545015],[121.75153000406014,25.110490396341458],[121.7506500403001,25.109610425816896],[121.75069398473507,25.109253471795409],[121.75307500565999,25.109238422254325],[121.75342200193607,25.109011478698001],[121.75445801241816,25.108674412669117],[121.75508401224275,25.108707433948201],[121.75549201511949,25.108651453858428],[121.75599501830062,25.108484485151855],[121.75643800560097,25.107883439267887],[121.75687399773823,25.10728740930389],[121.75727701532136,25.106861463078264],[121.7576930638166,25.106480497651084],[121.75764302345786,25.106058478743137],[121.75740599931315,25.105299473842866],[121.7576560140679,25.104399492710598],[121.75781698556359,25.103938472722465],[121.75828999667249,25.103538448631994],[121.75791602266384,25.103249448300609],[121.75773201169385,25.102875431841891],[121.7575150069303,25.102588440516904],[121.75704303918059,25.102757424987207],[121.7568919763893,25.102184430092954],[121.757020014706,25.10178244976451],[121.75818999393033,25.101352407569713],[121.75925701837706,25.100862474151278],[121.75966399676408,25.100804407382014],[121.75982102429001,25.100489409400694],[121.75919103355446,25.099116492925685],[121.75934704686389,25.098370473284561],[121.75915799138649,25.097683464846838],[121.75931400886303,25.09696741002751],[121.75928199253202,25.09633547945274],[121.75859003689321,25.095476422064031],[121.75840098540756,25.095161480404514],[121.75833699333624,25.094331444320883],[121.75843005244525,25.093615448307784],[121.7587739803606,25.092210455334428],[121.75896103580619,25.091780464151533],[121.75964999760397,25.090605467887656],[121.75968104274779,25.090259421999331],[121.75908100501462,25.088744417949897],[121.75901797690537,25.087913481894624],[121.75945603367268,25.087281490582644],[121.75951803414598,25.086794439455247],[121.75907698908769,25.085363496827796],[121.75895099194392,25.084846433102239],[121.75910598677009,25.084045430578481],[121.75938698686029,25.083298405614965],[121.75954304626332,25.082697468757473],[121.75973005806361,25.081493448136285],[121.76082500984366,25.079373419928846],[121.7612940235424,25.078569544528914],[121.76163901702138,25.078310547074896],[121.7624549958454,25.078509505778868],[121.76443100515483,25.078621497887859],[121.76512099230453,25.078620565004989],[121.76628098924841,25.078704501467239],[121.76687801728504,25.078732568972583],[121.76756701464124,25.078530549906468],[121.76816300742941,25.078470500312179],[121.77001198324761,25.07729450597218],[121.77113901069333,25.076175513574857],[121.77188903974596,25.074513512900118],[121.77223397359538,25.074082582229778],[121.77251499803495,25.073823539793615],[121.77317399963661,25.07345056260522],[121.77464405152165,25.071127501964384],[121.77578404314475,25.070123526903632],[121.77658702417163,25.07060958112007],[121.77696404760137,25.070695548644725],[121.77774800213072,25.071092493578728],[121.77837604579614,25.07118057356082],[121.77890805636594,25.07083450706023],[121.77962998701638,25.071004517934202],[121.78113601325845,25.071259527901734],[121.78204798932111,25.071421565445249],[121.78333196806086,25.071947586408829],[121.78416501273294,25.072229572731104],[121.78480702082142,25.072571523740542],[121.78512105041224,25.072800542851663],[121.78552901867047,25.072942572956137],[121.78662898495141,25.074142518776029],[121.78694300174529,25.074370549887334],[121.78741405079046,25.074514572963139],[121.78791600671451,25.07468653020895],[121.78819902741759,25.075027570764352],[121.78832503596283,25.075401504938394],[121.78923402031496,25.075600527988438],[121.79088302404799,25.076081560355473],[121.79211999777915,25.076300496683906],[121.7933820202251,25.076763513219142],[121.79435004748528,25.077064494763],[121.79511498061582,25.077327562767334],[121.79582404517159,25.077192563445248],[121.79673202787194,25.076503514174441],[121.79770399805466,25.076187531228474],[121.79808000214226,25.075957530091895],[121.79842401277793,25.075611522330856],[121.79917502390782,25.074749565087789],[121.79958097924373,25.074034584860268],[121.80017503079932,25.073315499516795],[121.80083099446895,25.07231250616897],[121.8011119937545,25.071595559827266],[121.80261302534872,25.069158573704879],[121.80348797509453,25.067867534212141],[121.8039580403772,25.06752452676816],[121.8045220080285,25.067465590067705],[121.80499204217134,25.067207518750564],[121.80580399007235,25.066002490658168],[121.80577202709273,25.065201563525846],[121.8054570438827,25.06474254614459],[121.80463999139637,25.063713557610374],[121.80451400479909,25.06331256044227],[121.80507705155483,25.062738531735508],[121.80517003554188,25.062394499807564],[121.80507500764455,25.061851581727289],[121.80491802801335,25.061536525317472],[121.80501104809352,25.061134518048981],[121.80501003265175,25.060504497895899],[121.80541598773382,25.0597865128534],[121.80566501206994,25.059214563146096],[121.80585304481828,25.058642564846174],[121.80613399291276,25.058324501437024],[121.80663502055008,25.058037553423492],[121.80720000502032,25.058066542783841],[121.80770203946379,25.05866655868968],[121.80807904348529,25.058838585810253],[121.80898896758933,25.059321536143059],[121.81024396861068,25.05969253673814],[121.81268803627674,25.059173582431164],[121.8132830448863,25.058856574526029],[121.81425301581105,25.058081574463134],[121.81447199308255,25.057421556554022],[121.81428100974864,25.056390547143749],[121.81365000003423,25.054645522600882],[121.81352204522744,25.053242553348792],[121.8137060478789,25.051582540927768],[121.81408097784305,25.051094561578463],[121.81420500108473,25.050751514071852],[121.81426604935636,25.050006502520684],[121.81470398979475,25.04943250573416],[121.81511100824413,25.048830592098714],[121.81529799503909,25.048429500115216],[121.81535904463188,25.047968526726489],[121.81532600921213,25.046881575613387],[121.81526199822027,25.04650958158231],[121.81500997807171,25.04593756596929],[121.8147900043532,25.045651568709701],[121.81572700365075,25.044046556316086],[121.81625798687608,25.043271519134084],[121.81675901511854,25.042698519457382],[121.81691903842052,25.041819506113992]]]},"properties":{"OBJECTID":8,"COUNTYNAME":"新北市","TOWNNAME":"瑞芳區","TOWNID":"F18","TRANSP":50,"CODE":" ","INDEXCODE":"1000112","Shape.STArea()":71288263.395629883,"Shape.STLength()":63009.697363635125}},{"type":"Feature","id":9,"geometry":{"type":"Polygon","coordinates":[[[121.38022896257733,25.06476156826588],[121.38024593801835,25.06546551301177],[121.38011898389699,25.065894540049587],[121.38080995898017,25.066010504982366],[121.38137498681363,25.06601150137454],[121.38275495922539,25.065899510306121],[121.38290995957544,25.06653149980578],[121.38268897564326,25.066901543863313],[121.38312698015103,25.067331550049687],[121.38299995641755,25.068020516814435],[121.38242799146822,25.068477519248802],[121.38293496958019,25.068763505978644],[121.38268093782496,25.069680526420001],[121.38230497380015,25.069936551632178],[121.38183399038071,25.070077544151943],[121.38136298376935,25.070135535681111],[121.3809540023269,25.070449544464466],[121.38048401452342,25.070649568973728],[121.38007594639527,25.070704506106928],[121.37963695821843,25.070647588150301],[121.37910298844321,25.070675576737546],[121.3787889274749,25.071017500552863],[121.37806695870219,25.07127449865887],[121.37727998222621,25.071986542803206],[121.3771539761666,25.072332500109617],[121.37752997179582,25.07261857331298],[121.37800100391092,25.072190577942585],[121.37844099576836,25.07193258388553],[121.3801669623511,25.071851516658423],[121.38073097206093,25.071908566525998],[121.38123295836922,25.071737543296525],[121.38179797453634,25.071596499530894],[121.38223695243124,25.07156855624584],[121.38273095399602,25.071569541413336],[121.38324496706288,25.071486500504026],[121.38406195619199,25.071547500517301],[121.38450496692728,25.071294538370466],[121.3849839576516,25.070520497794355],[121.38555196693785,25.070237506579133],[121.38576994113828,25.070525507575731],[121.38569899901248,25.071444578480993],[121.38585297538036,25.071848575980194],[121.38572494826786,25.072191557275939],[121.38600495077392,25.072594520145998],[121.38637999616834,25.072857555897556],[121.38713398141489,25.072691531758586],[121.38784692940007,25.07250656702427],[121.38795792478678,25.072262584348135],[121.38698493993957,25.071969506708506],[121.38714699436797,25.071395569241595],[121.38746500374039,25.070968561530794],[121.387470937977,25.070306531566491],[121.38772495838607,25.07002155161771],[121.38835593122317,25.069767544449014],[121.38848698665605,25.069193586309527],[121.38852499757837,25.068390530859297],[121.388276972771,25.06795750904606],[121.38918995996433,25.067905553050693],[121.389754959607,25.067995534349453],[121.38981494378702,25.068397529255677],[121.38974600796379,25.069144503741789],[121.39026398271682,25.069359568893574],[121.39138101072496,25.069239524059387],[121.39206998229075,25.069617560677866],[121.39206598548985,25.070136562313284],[121.3922199826555,25.070510586772571],[121.39250196749926,25.07073953505876],[121.39309593384411,25.071088569355116],[121.39350196195547,25.071549503372324],[121.39491194381249,25.072191516247447],[121.39541295091018,25.072510532280536],[121.39581800263872,25.072943564446138],[121.39616300076489,25.073088554473181],[121.39651098616764,25.072862535438144],[121.39685794285815,25.072721562656838],[121.39711298789986,25.072377513703117],[121.39698997545592,25.072032571760158],[121.39699693154863,25.071170547545258],[121.39687493376684,25.070710579489436],[121.39662897208339,25.06999152202954],[121.39625594318917,25.069472543163556],[121.3955709525433,25.068578512781837],[121.3962969866346,25.068353555734102],[121.3966779985733,25.067925552286912],[121.39642993463949,25.067493552881167],[121.39573994685668,25.067230575953424],[121.39510998557741,25.067225569279422],[121.39489396805605,25.066736575598604],[121.39612500294848,25.066256567809283],[121.39726198090621,25.065716579199172],[121.39792299195186,25.065665507262608],[121.39836297401244,25.065754530531311],[121.39870997803982,25.065613566012857],[121.39908793134076,25.065558545052646],[121.39971793038866,25.065475501226867],[121.40003392049063,25.065276550694623],[121.40019695642106,25.064646523475627],[121.40060699696512,25.064534543798953],[121.40051497111327,25.064189508189575],[121.40014099752777,25.063754512163843],[121.40020895115406,25.063181533587425],[121.40061797620982,25.063184579960467],[121.40118300118286,25.06338855802829],[121.40181094345064,25.063506574471141],[121.40240796419205,25.063568523200829],[121.40284697241404,25.063657535887138],[121.40303294753225,25.064004560343637],[121.40366099479499,25.064178554046219],[121.40369893258418,25.063404579554831],[121.40379895696174,25.062744551218877],[121.40470800851661,25.063093577918718],[121.40533597535737,25.063243551698982],[121.40564798747251,25.063531532152833],[121.40583299956262,25.064050560144878],[121.40566900103006,25.064795544256938],[121.40532193737974,25.06496552085315],[121.40408696624522,25.065906552342771],[121.40339394252034,25.066016511093189],[121.40335994955689,25.066418578561173],[121.40285396615486,25.066672587236464],[121.40256897310742,25.06692851763809],[121.40288092671589,25.06721858398268],[121.40318893007982,25.068023490072342],[121.40454194342816,25.067945511480549],[121.4055779855393,25.068239563097254],[121.40598392291346,25.068615507215121],[121.40623300241306,25.068874586608928],[121.40607197649223,25.069333518234551],[121.40587599943527,25.070250492791025],[121.40486999346666,25.070244575420581],[121.40427193842713,25.07012657857635],[121.40363798229167,25.070753565419501],[121.40307296581882,25.070635549770191],[121.40215296763745,25.071606496546408],[121.4015459760713,25.071632518343954],[121.40184299963558,25.071002568850218],[121.40203896159177,25.07016857450142],[121.4017899590924,25.069880493025448],[121.40115795693674,25.070107581880279],[121.40068893773403,25.069815576999186],[121.40050296694646,25.069500509558154],[121.40028495726177,25.069211546492053],[121.39953700816429,25.068374572744389],[121.39887894740087,25.068053558430559],[121.39843695257119,25.068252580200934],[121.3988439629635,25.068513506187379],[121.39915496493174,25.068887554699607],[121.39914999314995,25.069519502057549],[121.39936399414889,25.070238540117696],[121.39938799254647,25.071186533876915],[121.39916396262144,25.071586577185279],[121.39937894300023,25.072277537507265],[121.39912294778368,25.072706547770935],[121.39924395815478,25.07331153201072],[121.39952399784465,25.073741547811807],[121.3994259822765,25.074202572308774],[121.39945298707568,25.074689531355514],[121.39894600509383,25.075173588461531],[121.39866092575365,25.075488548448856],[121.39805496398421,25.076169517677386],[121.3985299308068,25.076470544444362],[121.39918995862669,25.076051534953312],[121.40021399192824,25.07547552882469],[121.4009259920946,25.075502501104847],[121.40199796467945,25.075192521121981],[121.40253297810519,25.075225565077091],[121.40309699507949,25.075429537695999],[121.40397893607992,25.075291521046719],[121.40451399808831,25.075267576575389],[121.40511095552186,25.075414570806597],[121.40548699758313,25.075616523825182],[121.40623600433192,25.075732563971027],[121.40720596478901,25.075729553217219],[121.40798592751148,25.075612564464009],[121.40864995411104,25.075867509057922],[121.40818598252665,25.076295506248474],[121.40786596674255,25.077039557307554],[121.40736497645644,25.076690516623021],[121.40667493001017,25.07645757058847],[121.40598298035712,25.076511553563993],[121.4053509510927,25.076763569049206],[121.4052219648601,25.07719552247702],[121.40484592200008,25.077049540657466],[121.40462794656743,25.076702518986135],[121.4043469758435,25.076443524172237],[121.40384596513191,25.076181520894259],[121.40267899379849,25.076547568623099],[121.40321199963851,25.076866546802624],[121.40361895936692,25.077070577333597],[121.40364298087673,25.077989586093828],[121.40392199515298,25.078449574713815],[121.40498194439684,25.079547502065079],[121.40488497123215,25.079920581891415],[121.40506996587675,25.080351564407373],[121.40409595685813,25.080229535546199],[121.40340294504072,25.080342559936664],[121.40332293612414,25.080877571021951],[121.403298945488,25.081518510454256],[121.40323295712352,25.081890509159539],[121.40302995301163,25.082399570511608],[121.40250197963655,25.082775533927848],[121.40240397448422,25.083263537648264],[121.40265200859784,25.083695537463893],[121.40261700008391,25.084068536035296],[121.40209997170759,25.084342524409195],[121.40276998598895,25.084613559363035],[121.40276695475964,25.084986559603319],[121.40331296541086,25.085226511542825],[121.40387098071143,25.085127564970946],[121.40346194839083,25.084675509484178],[121.40368399639289,25.08439048864863],[121.40396996593503,25.084019531613681],[121.40425499476784,25.083763510177313],[121.40510900505522,25.083221507358907],[121.4057709649398,25.083111536384894],[121.40681299671202,25.082630506564719],[121.40735198791721,25.082202497440999],[121.40792399438499,25.081374501567439],[121.40833598777658,25.081118578331875],[121.40884500344002,25.08043358454324],[121.40940395612472,25.081240496123566],[121.40930499935178,25.081754512388731],[121.40969697020235,25.082606504628217],[121.41158098011674,25.080964511789034],[121.41433693444169,25.079112579879268],[121.41494992772704,25.08250856953708],[121.41314897939129,25.081506500655713],[121.41126400246318,25.082685499062528],[121.41014198245729,25.083253553141695],[121.40957195686195,25.083738551427277],[121.40928600909629,25.084081533636205],[121.40906100913364,25.084682580754958],[121.40902495314816,25.085226503159095],[121.40930499519887,25.085688458791608],[121.40926998897925,25.086031478924326],[121.40904692874059,25.086375472558839],[121.40869997741251,25.086575422973223],[121.40825595564748,25.086917488748174],[121.4085049749832,25.08729142200886],[121.40846797614424,25.087923455826967],[121.4081819977749,25.088436459945214],[121.40915200518064,25.089104464396542],[121.41087597942607,25.089830410699445],[121.41065293073517,25.090203477122888],[121.410459968224,25.0906034504542],[121.41013698126825,25.091663448063368],[121.41003898333153,25.092121488953271],[121.40962893627999,25.09223548851854],[121.40878092485687,25.092086405958472],[121.40962195964335,25.09303944302874],[121.409493977948,25.093382455042438],[121.40889094078631,25.094038449391665],[121.40863597439521,25.094409431217475],[121.40847500908507,25.094868452429093],[121.40815895595013,25.095096491472372],[121.40787295566571,25.095382413165972],[121.40765000395328,25.095694432898352],[121.40704897399921,25.096151419162123],[121.40764597331668,25.096183453834282],[121.40875493108877,25.095242475662587],[121.409354967738,25.09493148350246],[121.40998696862843,25.094475486654087],[121.41055900881568,25.093961423516255],[121.41097396396017,25.093188475126272],[121.41173894907564,25.09269445515951],[121.41229099366412,25.09368646835161],[121.41219293616415,25.094174490312248],[121.41225096324858,25.094747487225568],[121.41227999931975,25.095092411499831],[121.41262300038127,25.095439439385288],[121.41249294466955,25.095897469651128],[121.41242595299866,25.096356422288331],[121.4119239980634,25.096181487030275],[121.41142496310006,25.095661435896606],[121.41124000702429,25.095201479564491],[121.41092800723081,25.094999452531916],[121.41051699504997,25.095196431989169],[121.4102319805986,25.095481459857972],[121.41003697601073,25.096256421837101],[121.40987601090467,25.096685464761283],[121.40965195596827,25.097085434250303],[121.40980600871129,25.097545490493125],[121.40989597287506,25.098062414785097],[121.40944995344174,25.098776483924567],[121.40928893508922,25.099120483241091],[121.4090639380024,25.099780402644782],[121.40868795816243,25.099546424600586],[121.40850300517236,25.099086452403945],[121.40803296275915,25.098825451401762],[121.40765292934445,25.099197406466836],[121.40749196497528,25.099655442347817],[121.406858930891,25.100111418797365],[121.40710794402729,25.100426480304925],[121.40729098033705,25.101145411009863],[121.40675294729843,25.101544434968396],[121.40638398774635,25.102123472129037],[121.40583897135748,25.101768407222355],[121.40562193955262,25.101251475130287],[121.40505794436342,25.10104543297312],[121.40461901176251,25.100814403497264],[121.4039869296618,25.101240499276731],[121.40376192220009,25.101755485182363],[121.40375299425789,25.102845488120625],[121.40396897820663,25.103420403375562],[121.40382994516287,25.104737488749958],[121.40332395665448,25.105311480787307],[121.40341295523721,25.105916457049048],[121.40290093741767,25.107146421142545],[121.4025519815101,25.107402436320701],[121.40211093392546,25.107487414627709],[121.40161793530048,25.107786435314114],[121.40160997542944,25.107253480644584],[121.40218299426743,25.106311466858347],[121.40174294418277,25.106221461213988],[121.40070398274607,25.106330453461002],[121.40042294507752,25.106069460499089],[121.40077296295217,25.105612460873864],[121.40216497127162,25.10470146496295],[121.40245294053582,25.104130413170616],[121.40242593432082,25.103526454231535],[121.40201898165222,25.103325486107416],[121.40167395737518,25.103179426963152],[121.4019599504897,25.102779477691307],[121.40187093821532,25.102146426420873],[121.4017169590532,25.101799417272289],[121.40206593963562,25.101428456157574],[121.40181695633395,25.101140477612653],[121.40143696328025,25.101426464596049],[121.40099599285881,25.101452478420573],[121.40112599189351,25.100966458448372],[121.40150895772391,25.10033547184074],[121.40179400298466,25.100020493494497],[121.40242900558438,25.099364442048831],[121.4023729816211,25.098590448183689],[121.40193200416233,25.09853042493307],[121.40177896719737,25.098097448226291],[121.40193997728366,25.09766840111368],[121.40235097710269,25.097414476959713],[121.40311197271373,25.096728466696391],[121.40365097349782,25.096158446082292],[121.40374799080753,25.095815447489098],[121.4040029629696,25.095415478326011],[121.40369193985769,25.095009482601128],[121.4029999328656,25.095006495194852],[121.40290795859482,25.094661475264765],[121.40313293121621,25.094117407151419],[121.40295298524431,25.093054452406353],[121.40260993785803,25.092708398547853],[121.40223495560195,25.092417418960679],[121.401985932887,25.092014416523121],[121.40154700097125,25.091869418074882],[121.40091795865574,25.09183644850534],[121.40076396482927,25.091433451638746],[121.40060997901642,25.091002456523018],[121.40039292885064,25.090569474590133],[121.40061600772218,25.09014045061144],[121.4003679904223,25.089766412895464],[121.40052795810716,25.089393443433668],[121.4011269953151,25.089283486696747],[121.4015059566289,25.089142416437703],[121.40203998124034,25.089231436802169],[121.40254399959601,25.089148444226282],[121.40295594488632,25.088718450125953],[121.40245594136177,25.088402434929122],[121.4020489450065,25.088168434884977],[121.40211396902599,25.08782542257919],[121.4018339922285,25.087478464308813],[121.40139194104154,25.087705481452954],[121.40082594566464,25.087616455655898],[121.40028996542586,25.087728410492645],[121.39985000519191,25.087666485537383],[121.39963293230696,25.087351425971139],[121.39951396705627,25.086545450763897],[121.39973696778381,25.086174481751581],[121.39976300206808,25.085730450295159],[121.39898999374209,25.085165513137504],[121.39867894428146,25.084789573317707],[121.39868199113464,25.084417569695646],[121.39846394782052,25.084099508948469],[121.39802298483265,25.084181511323251],[121.39735999818561,25.084436552664958],[121.39746195747857,25.083519564030713],[121.39721298376043,25.083172513581804],[121.39731095027447,25.082743563558452],[121.39807000099364,25.082258559095639],[121.39851196955817,25.082061530882559],[121.39873696334202,25.081546552654878],[121.3988349349044,25.08114657108726],[121.3983639870128,25.081027566629654],[121.39760398398413,25.081596534168348],[121.39687897220631,25.081706561517191],[121.39599497384673,25.082160552185652],[121.39576996748821,25.082675539910454],[121.3958879301269,25.083708502519144],[121.39550897794504,25.083879524618119],[121.39529094306923,25.083561560190414],[121.39538994681277,25.083017572931158],[121.39504693592902,25.082641534333362],[121.39473595768519,25.08215252991122],[121.39439092274492,25.082007537067916],[121.39423900049339,25.08134557456787],[121.39392797839415,25.080914547180814],[121.39383898191986,25.080367527791882],[121.39337092737682,25.079877499712179],[121.39299396020995,25.079817556553454],[121.39261397505197,25.080044560267101],[121.39244496179417,25.081480525227793],[121.39284499910917,25.082514560070408],[121.39321799043941,25.083091512566341],[121.39324594653405,25.083549575283385],[121.39355697637703,25.08392552679528],[121.39352197635203,25.084357573827127],[121.39304293138574,25.084554496789551],[121.39294897727017,25.085243571218282],[121.39300894490462,25.085586425830083],[121.39268995446456,25.086045495450378],[121.39233997000699,25.086531459909718],[121.39193196451861,25.086442424627016],[121.3913439436682,25.086696434108472],[121.39016593317427,25.086974468413967],[121.38987692692091,25.08769148650391],[121.38996600003821,25.088266417240909],[121.39087994340997,25.088128482018092],[121.39123095834105,25.087527482628179],[121.39295994089026,25.08765347524669],[121.39260994383211,25.08811045727029],[121.39279195806637,25.089001404001401],[121.39348595920552,25.088720482892057],[121.39386396852024,25.088664402914095],[121.39405593586143,25.08829243953527],[121.39440397846626,25.088121414785682],[121.39443795926019,25.087778488146753],[121.39409394878949,25.087547451277423],[121.39428594017535,25.087088439091641],[121.39441698419331,25.086514489805825],[121.39485998978027,25.086202433971305],[121.39523897403907,25.086090450230952],[121.39604994169174,25.08686948559895],[121.39626694540222,25.08724343763809],[121.39641997731862,25.087762460038171],[121.39635200749191,25.08836542770641],[121.39638094289225,25.088766417217279],[121.39621998019335,25.08913947348514],[121.39617893874367,25.090286444154479],[121.39617596405026,25.090631445069651],[121.39655096558421,25.091007407548769],[121.3965789781722,25.091379417223244],[121.3965759526175,25.091781487750573],[121.39672895077743,25.09244244710527],[121.39691100361047,25.093132412620459],[121.39653294832134,25.093332430628223],[121.39662400998031,25.093675464686271],[121.39674194664217,25.094595470469503],[121.39654993924634,25.095054473701996],[121.39695697971084,25.095315414768198],[121.3966089914978,25.095512451780447],[121.39616793660599,25.095626396098137],[121.39569094179943,25.096167431091413],[121.39612897922898,25.096457438995753],[121.39578094922609,25.096742430711267],[121.39533592309331,25.097255468791502],[121.39492398644568,25.097627476667689],[121.39523496474062,25.098000447128271],[121.39570395919472,25.098405409136504],[121.39563292452512,25.099410445938403],[121.39534696524463,25.099695435356448],[121.39531199204893,25.10021243734305],[121.39464598557514,25.100724447801731],[121.39454698926099,25.101327470112999],[121.39401094668155,25.101466417700514],[121.39343793486498,25.102237481402437],[121.39343196291816,25.102955481122475],[121.3927399745333,25.103306456897524],[121.39290096086648,25.102550487855638],[121.39315794109793,25.101892411583936],[121.39325592729601,25.101434470268153],[121.39325897970711,25.101059489937573],[121.39329598994532,25.100457427251357],[121.39232997484567,25.100990439249937],[121.39228995770699,25.100364478100218],[121.39178397821927,25.100648416477494],[121.39168395280767,25.10133741726451],[121.39127195874495,25.101651449211303],[121.39120601306331,25.102051428181376],[121.39095094717499,25.102365399150184],[121.3908529561205,25.102824424167302],[121.39043897798892,25.103366436269802],[121.39037296635767,25.103825465219508],[121.38979998759689,25.104569435908502],[121.38988798765756,25.105343439049523],[121.3897589667764,25.105716491465639],[121.38902898045977,25.106573448692131],[121.38868095298565,25.106772459837128],[121.38830297054201,25.106855428937756],[121.38785795833049,25.107341454024056],[121.38769293026618,25.108202449412122],[121.3874679474679,25.108803450589054],[121.38708799034899,25.109145475500274],[121.38648995824047,25.109169421471176],[121.38525995328436,25.109450455239372],[121.38522496590716,25.109822439590456],[121.38550593306609,25.110196416017523],[121.38593892793016,25.11106044416584],[121.38624897815626,25.111607432203446],[121.3859319809397,25.111949466168351],[121.3855189908484,25.112350433616559],[121.38545196970996,25.112808465960203],[121.38570093776229,25.113356420884934],[121.38581997640146,25.114073451607553],[121.38597498579732,25.114391415507221],[121.38600299751631,25.114793405012147],[121.38546698674691,25.115017453502119],[121.38508894212136,25.114987460422093],[121.38442893437426,25.114896449050356],[121.38367599123738,25.114663473446438],[121.38326695381569,25.114689452562548],[121.38312399351881,25.115190473337318],[121.3827459571135,25.115532482160756],[121.38221194459031,25.115791449873608],[121.38186594101313,25.116047409099487],[121.38142494854897,25.116477419340754],[121.38089195967875,25.116331429124951],[121.38035799104269,25.116504451480644],[121.37982199560072,25.117505424555659],[121.37805994620985,25.118993480139533],[121.37736799080639,25.119394417472979],[121.3769589628116,25.119907497370068],[121.37689500341492,25.120309444331173],[121.37714497457908,25.120740471431763],[121.37726899213959,25.121170481611294],[121.37689197400437,25.121426419729335],[121.37620095744295,25.12137048718974],[121.37427192790764,25.122125401188509],[121.37345193094829,25.12516744480315],[121.37291795437051,25.125595406095904],[121.37266592718805,25.126024461557119],[121.37257096530085,25.126455467353672],[121.37234995248477,25.126998394330897],[121.37212997835623,25.127285442888478],[121.37165796091031,25.127600480321526],[121.37128094955041,25.128029480209587],[121.37096596986051,25.12874644771539],[121.37052496121096,25.129033405075639],[121.36948597640404,25.131437446507434],[121.36747200904709,25.133672414255045],[121.36706298485836,25.134188455848363],[121.36702994039609,25.134818487815508],[121.36677797790084,25.135421427653569],[121.36649497941444,25.135792407224827],[121.36616195154112,25.137163472843515],[121.36362899234533,25.136048493819846],[121.36322094843914,25.135934460358911],[121.36271800954822,25.135847482380658],[121.36237293024952,25.135618445946719],[121.36208994192762,25.135302397608207],[121.36177594541849,25.134872486142758],[121.36033196168891,25.13418248901926],[121.35577700707266,25.132575410656518],[121.35483494770011,25.132087486299948],[121.35404898972801,25.131800434959111],[121.35158798234207,25.130393445716688],[121.34774994066456,25.129027475617551],[121.34770500305827,25.129014489376772],[121.34718197292568,25.128927406076613],[121.34531794540389,25.128438423792549],[121.34431296190915,25.128122494462076],[121.3438400062762,25.12803545901566],[121.34314897451485,25.128007447411729],[121.3405680033656,25.127431476569782],[121.34008399513206,25.127163431535411],[121.33884597562853,25.126512478994258],[121.33799800867506,25.126254466450639],[121.33595900622802,25.125559455530603],[121.33529696478229,25.12544745749344],[121.33425996197627,25.125188412724786],[121.33388396541258,25.125017432243091],[121.33328694556937,25.124931474730619],[121.33284698421953,25.124758465947348],[121.33215598034158,25.124615468384803],[121.3313029423291,25.124470470787784],[121.32766398019236,25.123894478010588],[121.32656398371896,25.123806425509489],[121.32467896966124,25.123546468062028],[121.32411394871032,25.123344472139856],[121.32294796836051,25.123011394091531],[121.32226696204992,25.122895419187106],[121.32182201758046,25.122900447615031],[121.32072799399802,25.122776419355549],[121.31997394969476,25.122631407522796],[121.3182449607784,25.122571488393309],[121.3176479594236,25.122484458295528],[121.31714497763609,25.122540423678483],[121.31710096563583,25.12254042935896],[121.31072999838493,25.122703450728345],[121.30654598862475,25.12306844375901],[121.30506800976713,25.123064455422071],[121.30453301285254,25.123241432907896],[121.30360400580577,25.123451464553817],[121.30288400304622,25.123543404094459],[121.30237499792301,25.123577487224921],[121.30132500811686,25.123654478692689],[121.30015692947607,25.123550490628311],[121.29927693781767,25.123401478115301],[121.29882593581922,25.123241393446818],[121.29811895812823,25.122764462025408],[121.29767896121797,25.122822416846908],[121.29726998825208,25.122791454855008],[121.29688998196958,25.123241412295169],[121.29686196208561,25.122647446496451],[121.29626699758747,25.122043416300698],[121.29579498863987,25.121986493840112],[121.29582997136053,25.121297407703246],[121.29471195219317,25.120359445765921],[121.2939260006592,25.119812400985122],[121.29181599740572,25.118279470595102],[121.28942801480839,25.117672434914091],[121.2874159376169,25.11743942852193],[121.28601394892533,25.117374412333099],[121.28352898801785,25.117254413434058],[121.28363698706536,25.116913450349646],[121.28354495757164,25.116340451362092],[121.28354596238033,25.115995455066813],[121.28367400005749,25.115652473703754],[121.28383496937282,25.114735446924399],[121.28380494001905,25.114304444397312],[121.28358597864761,25.114018465337107],[121.2836509883699,25.113586486449581],[121.28390395345087,25.113157489980534],[121.28390902477082,25.112126443797283],[121.28331394327105,25.111319479914261],[121.28290696669021,25.1106454277989],[121.28236798248065,25.109752412696665],[121.2828569855165,25.109006488970561],[121.28493397908817,25.108343486377944],[121.28560998987361,25.107938481905546],[121.28654197649728,25.106832445608255],[121.28686797582543,25.106660440651719],[121.28987995748955,25.106697465920934],[121.29032199213913,25.105888422144432],[121.2904609929566,25.105185410010229],[121.29174797363517,25.102675422198246],[121.29203194848998,25.102447427176138],[121.29304598602978,25.102352425140801],[121.2936660086246,25.102882463082427],[121.29404299707566,25.102969484545643],[121.29473496322068,25.102941474360115],[121.29514900487898,25.102861458520572],[121.29533400848858,25.102391411795743],[121.29580096878763,25.102413410130335],[121.29602299044269,25.103087443561144],[121.29658799386347,25.103345432589599],[121.29724699852429,25.103748448424003],[121.29787397152317,25.104266447992153],[121.29859694852823,25.104269408973011],[121.29976298483049,25.1035544032448],[121.30014299336436,25.1028674164961],[121.30027195316251,25.102092475485374],[121.30099596910512,25.101721444909856],[121.30143798903609,25.101350441580081],[121.30159801430747,25.100776411599956],[121.30134798060762,25.100201411224443],[121.30147700364699,25.099456435174531],[121.30151097128906,25.098797428045273],[121.30148098393447,25.098339437843759],[121.30302798818678,25.096707454336936],[121.30343699077663,25.096650456675466],[121.30381501046337,25.096537446394581],[121.3044130025112,25.096251449019793],[121.30504100785693,25.096396422797522],[121.3055119835031,25.096599431843817],[121.30620194861578,25.096990400257411],[121.30692695353746,25.097201443424087],[121.30733495292398,25.096687482927152],[121.30830997754326,25.096546409478819],[121.30871892699248,25.096375458129479],[121.30934796016966,25.096205472432171],[121.30988294892546,25.096206436856932],[121.3102899686199,25.096408478178788],[121.31076200296229,25.096407490096428],[121.31167600714507,25.09575141505989],[121.31318499954232,25.095439439011528],[121.31422499589718,25.094811447040591],[121.31457095603653,25.094668409889653],[121.31513696551977,25.094584409400309],[121.31567295970102,25.094213442223673],[121.31715100717008,25.093900407545519],[121.3176579416281,25.093650483790277],[121.3179389694908,25.093096495018219],[121.318505993317,25.09284048641079],[121.31913492552798,25.092841481300884],[121.31966797148408,25.093102440731965],[121.32098897252874,25.092474413352747],[121.32491700031446,25.092481489828362],[121.3256719717246,25.092024407247358],[121.32655300222389,25.091740486453901],[121.32803196531128,25.090998476231597],[121.32932498014584,25.089682427441868],[121.33011498312747,25.088367488214857],[121.33042993684205,25.088079480740902],[121.33090096767185,25.087995454880449],[121.33200397752273,25.087080421821458],[121.33382793943278,25.086222444507602],[121.33472794651676,25.085661518625951],[121.33570694723392,25.085255539831611],[121.33631297070799,25.085082514847183],[121.33694298437213,25.084683548793027],[121.33772995026244,25.083968550867347],[121.33829697209553,25.083626502458401],[121.33870500079647,25.08353953139823],[121.33939596274082,25.08362850902045],[121.34030295707231,25.083777576287549],[121.34152998174588,25.08394856615012],[121.34322598861021,25.08375052669226],[121.34353897872764,25.084009575598152],[121.34416797466831,25.083638555209323],[121.34454593416467,25.08343849404562],[121.34498495101208,25.083410559332741],[121.34564394138556,25.083470523164728],[121.3465239415938,25.083498538378326],[121.34686999903782,25.083326543991195],[121.34712193130065,25.08289652166054],[121.34771895917312,25.082642489482563],[121.34825397037133,25.082212545625136],[121.3494789661345,25.082158561104169],[121.35029698591924,25.081530549400462],[121.35039297765053,25.081070570207679],[121.34979796195471,25.080697529313266],[121.34923194528848,25.081011544138505],[121.34866694649561,25.081011523759173],[121.34829098239553,25.080781527166337],[121.3457179841005,25.080430540888287],[121.34493294183116,25.080230559685614],[121.34289292930995,25.079995578704946],[121.34314498050539,25.079625521461526],[121.34377394380104,25.079483565795538],[121.34512399438069,25.079513577782595],[121.34556398212851,25.079456567559248],[121.34590995076748,25.079256501578897],[121.34628699042621,25.079030531779786],[121.34663097313077,25.079345551709675],[121.34811692541146,25.078800517640786],[121.34751399662304,25.07845855004684],[121.34694901204438,25.078085529121882],[121.3460369674047,25.07854154645732],[121.34550294915371,25.078483563840198],[121.34538001119083,25.077795563042649],[121.34556996939385,25.077366519672083],[121.345947001192,25.077193547076565],[121.34660692928574,25.077052504027385],[121.34654497707287,25.076650583076272],[121.3455719605923,25.076763549769826],[121.34516296821546,25.076936506362223],[121.34487994641013,25.077191515252103],[121.34459496949104,25.077792506173282],[121.34421894954689,25.077506526217814],[121.34412698093539,25.07699055938528],[121.34466400520557,25.075903564031567],[121.3458619491518,25.075410502920462],[121.34438498977744,25.074956529292894],[121.34363298568435,25.074975512297033],[121.34312793306806,25.075183534445678],[121.34268794044836,25.075412541489438],[121.34196295157443,25.076269537557796],[121.34161699576369,25.07649857755812],[121.34133499099035,25.076268536296379],[121.34136898607493,25.075638501922526],[121.34056795117621,25.076116530102926],[121.34083697717165,25.075150533905408],[121.3406199817144,25.074205505250593],[121.34071601015023,25.073717545038853],[121.34118798079754,25.073375514111198],[121.34256894257902,25.073490523515801],[121.34253898761595,25.072947496475642],[121.34401397912727,25.073094512425239],[121.34555201480306,25.073411555505949],[121.34636694416567,25.073529573167988],[121.34774800779284,25.073619523311987],[121.34850095751266,25.073820549537164],[121.34896994398136,25.074221500811309],[121.34928300586733,25.074710497446727],[121.34987396641345,25.076342564823822],[121.35034494779556,25.076086561277421],[121.35053692657131,25.07525551711554],[121.35019295764759,25.07451152648331],[121.35025698483645,25.07416855001253],[121.34997597916046,25.073738517850526],[121.34997793190487,25.073392522515199],[121.35066793134757,25.073452567490175],[121.35135695143518,25.073969565858707],[121.35173200687979,25.074284512375687],[121.35226698696572,25.074001537399681],[121.35320995792497,25.073629556480192],[121.35364999937734,25.073373527639628],[121.35289696617755,25.073198521712783],[121.35239395462919,25.073569557990954],[121.35132800588005,25.073109518391497],[121.35085794561923,25.07279452991094],[121.35070400344431,25.071876546626299],[121.35020395740098,25.071216530670263],[121.34973398596739,25.071158575278062],[121.34929296249859,25.071473569728749],[121.34900496962959,25.072097518811074],[121.34866494568928,25.071615533675406],[121.34866592445543,25.071271520397101],[121.34841599874882,25.070868502900527],[121.34747601023616,25.070410498547524],[121.34678593302289,25.070321555748837],[121.34813795547514,25.069722564254558],[121.3490469694475,25.06986950694046],[121.34961300303868,25.069725505287703],[121.3502410019799,25.069469497853142],[121.35083900757566,25.068985567078162],[121.3515009428195,25.0682405480078],[121.35190998203196,25.067985505001815],[121.35241197419077,25.067812586390673],[121.35240994096127,25.068500513088864],[121.35372800243672,25.068590557633225],[121.35394898763894,25.068131538020761],[121.35404398981245,25.067788574369679],[121.35517601555506,25.067103536342756],[121.35533493307936,25.066645558704614],[121.35517998162098,25.06595755343054],[121.35541299519188,25.06562057747394],[121.35584097503967,25.065356536832816],[121.35637398167152,25.065312553349258],[121.35850793928208,25.065316534685206],[121.35932297522299,25.065594556647802],[121.36139294532519,25.065799538403226],[121.36258394491226,25.066315539666359],[121.36584495349211,25.066897503218996],[121.36669197549233,25.066784539502027],[121.36760398693272,25.066154573733542],[121.36838797863913,25.066243551641428],[121.36879592496317,25.066072539158583],[121.36854593666807,25.065671535785235],[121.36788895177888,25.065183520651889],[121.36767099220877,25.064637534903415],[121.36779796688839,25.064122566075795],[121.36867895016793,25.063265511490258],[121.36930799841608,25.062695566279423],[121.37003095827677,25.062124563762197],[121.37050199560002,25.06186850821565],[121.37109992392654,25.061209527599484],[121.37235395545129,25.061668575546168],[121.37247695274262,25.062327571900088],[121.37362696278318,25.062692530679254],[121.37391596192471,25.063876494779944],[121.37378897923864,25.064220560672535],[121.37320796714293,25.064745530236564],[121.37416397039723,25.064537520107251],[121.37454095274663,25.064538562189387],[121.37482200814114,25.064795533469699],[121.37472597187389,25.065425554548316],[121.37503899414303,25.065684537416594],[121.37783100294742,25.065575527166896],[121.38022896257733,25.06476156826588]]]},"properties":{"OBJECTID":9,"COUNTYNAME":"新北市","TOWNNAME":"林口區","TOWNID":"F02","TRANSP":50,"CODE":" ","INDEXCODE":"1000117","Shape.STArea()":53560252.459411621,"Shape.STLength()":68951.401426640819}},{"type":"Feature","id":10,"geometry":{"type":"Polygon","coordinates":[[[121.46609694470497,25.064737513001905],[121.46660591850207,25.065244523852698],[121.46631692350651,25.066199526016977],[121.4676469534176,25.068933560311446],[121.46846797071706,25.068479521543306],[121.46893294106211,25.068482568601141],[121.46956898293517,25.068428545565855],[121.46991193984108,25.068745551238788],[121.46989796033579,25.070438531667254],[121.47008394710689,25.071995525759576],[121.47091993211573,25.072396564868139],[121.4710419578395,25.072856570068112],[121.4725629669388,25.072921531200624],[121.47133100515475,25.073458523616207],[121.47087897607121,25.073701555467924],[121.47056592793814,25.073989498990443],[121.46989093269246,25.075259570123137],[121.46954900613019,25.075903515714725],[121.4682289626713,25.076300540504256],[121.4678469659105,25.076344537296524],[121.46758696770411,25.076453531212731],[121.46694998478196,25.077022551455787],[121.46601498033104,25.077404533713295],[121.46463196293912,25.077957559326624],[121.46440096176818,25.077994567102159],[121.46338696724506,25.077839555904827],[121.46247895618987,25.078315505442589],[121.46197092362031,25.078545518321462],[121.46095996357818,25.078979516709357],[121.46027695411134,25.079543518176802],[121.45948795790774,25.080126522928616],[121.45905494245606,25.080285501618299],[121.45819699733931,25.08064155683401],[121.45725394469648,25.081339506160951],[121.45691794833196,25.081708562396766],[121.45636096134653,25.082307548096242],[121.45573297506985,25.082018566360293],[121.45549198802553,25.082125575947448],[121.45492900391534,25.08377951431072],[121.45486395725504,25.084499499495781],[121.45462595641465,25.085457474245349],[121.45457097204428,25.0862924634202],[121.45454694292293,25.087443467330289],[121.4546379381968,25.088524398328154],[121.45479600047561,25.089674489967642],[121.45573193307298,25.092290468806791],[121.45658492783846,25.093174476367285],[121.45718393399525,25.093613436900771],[121.45776501103316,25.094112470764316],[121.45781596267624,25.094796430904559],[121.45817894914242,25.096526444686113],[121.45819192115692,25.097309476703046],[121.45818397533881,25.097853409542115],[121.45825295910947,25.098108451799963],[121.45906398814924,25.098290496953283],[121.45992392596646,25.098761479422322],[121.46050396851346,25.098952455396006],[121.46091898656356,25.099144471899876],[121.46108694125714,25.100146433478596],[121.46119797977394,25.101209424498315],[121.46156893155435,25.102253457515964],[121.46214098542801,25.102838478092607],[121.4603989519992,25.102992415721747],[121.45985799572487,25.103350472494615],[121.45874497343161,25.104893437189109],[121.45804595452988,25.105807437187138],[121.45717398890666,25.10866940868333],[121.45719994301874,25.109357417987258],[121.45738594973903,25.10967548810375],[121.45750893533561,25.110020452010218],[121.45763096572917,25.110480466053396],[121.45900895877487,25.112686406129008],[121.45776599304521,25.113292474465627],[121.45766696980523,25.113807427368304],[121.45781694296677,25.1146984851116],[121.45690500364775,25.11472142714938],[121.45623895234563,25.115463401605734],[121.45573091950168,25.116092477291787],[121.45513097692802,25.116375480117096],[121.45522097352652,25.116894455243393],[121.45543195278782,25.117983412418752],[121.45542900677852,25.11844444182055],[121.4550809649978,25.118727478433282],[121.4540109896831,25.118780425119759],[121.45347494258999,25.118919487247094],[121.45306397021152,25.119261407561641],[121.45305196158928,25.119776444277285],[121.45331497827671,25.120919439659083],[121.45349099046145,25.121826476135347],[121.45260797366559,25.121325462755621],[121.45226592754676,25.120663415974196],[121.45163992769227,25.120344435811877],[121.45100997821422,25.120484405315565],[121.45063394560576,25.120365469407599],[121.44984799839406,25.120275485916185],[121.44937694837074,25.120186448934511],[121.44896795007681,25.120242486694703],[121.44868295426109,25.120527398446374],[121.44880393374075,25.121043407323768],[121.44873795012613,25.121475456960773],[121.44696795276107,25.12258440863328],[121.44576892592238,25.123149432580064],[121.44526497277599,25.123146431412337],[121.44482699778166,25.122885454218245],[121.44369495226798,25.122909442753286],[121.44271800842927,25.123160480133478],[121.44196499399304,25.122955423117794],[121.44158595607713,25.12318344327462],[121.44055092676261,25.124325442677989],[121.43901093033558,25.124847446069968],[121.43692094521725,25.126455453194151],[121.43635894365788,25.127060419773532],[121.43579592067128,25.12740643540366],[121.43344496017802,25.127984415659117],[121.43165996624417,25.128964474369972],[121.43115799251919,25.128995460024335],[121.43071793178846,25.128793408681535],[121.42990098187485,25.128739441930858],[121.42902393986995,25.128972405710588],[121.42811496985641,25.129347481537227],[121.42607698796948,25.129667458131841],[121.42548296350515,25.130186435817016],[121.42514094120664,25.130961469123989],[121.42486298252608,25.132050434943981],[121.4237649333969,25.131967451222533],[121.42281799657839,25.130995470809868],[121.42221893875771,25.130080483364058],[121.42155799607593,25.129651410991926],[121.42089893793761,25.129508446894963],[121.42045992574479,25.129798446787305],[121.42021098325773,25.130171422534833],[121.41967700574804,25.130200468523558],[121.41876698998358,25.130060475071016],[121.41675800934821,25.130066403588959],[121.41603593643748,25.12986744584094],[121.41537493312455,25.129438446934955],[121.4145239257895,25.128237448768445],[121.41351294838763,25.126603414047107],[121.41244199246383,25.125318414414252],[121.4123759170399,25.12454445663117],[121.41290799283307,25.124199421716209],[121.41322000641863,25.123797400289821],[121.41387794886261,25.12345246509426],[121.41491296297248,25.123419415980749],[121.4151509774636,25.123292439494698],[121.41503600077009,25.123060434651499],[121.41482899901682,25.122923428853095],[121.41461897260717,25.122998415076275],[121.41420192593313,25.123058441393869],[121.4131419315618,25.123007407097646],[121.41201900528779,25.122531462783883],[121.41107996426861,25.121642458066468],[121.41014198946176,25.121164447855648],[121.40967597466135,25.121132414705983],[121.40915694949707,25.121289418370502],[121.40832196217882,25.121355462592611],[121.40782193529942,25.121815414459096],[121.40744900772386,25.122003439650243],[121.40684295732351,25.122045450758375],[121.40595796361417,25.121829473136348],[121.40543299897779,25.12170442272545],[121.40473298454599,25.121448456371997],[121.40432797877172,25.121016449790645],[121.40414695194214,25.12006645783498],[121.40242095781092,25.118694415823175],[121.40208497155099,25.118275483110626],[121.40142599542027,25.118157454330024],[121.40098995408781,25.1175514370622],[121.40083995707373,25.116604434076887],[121.40103496429795,25.115858480060798],[121.40091893018311,25.114710486341],[121.4005190011323,25.113589442776266],[121.40055394873099,25.113244445054097],[121.40071298732457,25.112930440426702],[121.40090796631264,25.112300404480411],[121.40122398798756,25.111421481705463],[121.40129600156625,25.110983482428463],[121.40151701207333,25.110513461494978],[121.40146595582257,25.110030466967164],[121.40127694751885,25.109432432240801],[121.40128293150013,25.108685451200699],[121.40161793530048,25.107786435314114],[121.40211093392546,25.107487414627709],[121.4025519815101,25.107402436320701],[121.40290093741767,25.107146421142545],[121.40341295523721,25.105916457049048],[121.40332395665448,25.105311480787307],[121.40382994516287,25.104737488749958],[121.40396897820663,25.103420403375562],[121.40375299425789,25.102845488120625],[121.40376192220009,25.101755485182363],[121.4039869296618,25.101240499276731],[121.40461901176251,25.100814403497264],[121.40505794436342,25.10104543297312],[121.40562193955262,25.101251475130287],[121.40583897135748,25.101768407222355],[121.40638398774635,25.102123472129037],[121.40675294729843,25.101544434968396],[121.40729098033705,25.101145411009863],[121.40710794402729,25.100426480304925],[121.406858930891,25.100111418797365],[121.40749196497528,25.099655442347817],[121.40765292934445,25.099197406466836],[121.40803296275915,25.098825451401762],[121.40850300517236,25.099086452403945],[121.40868795816243,25.099546424600586],[121.4090639380024,25.099780402644782],[121.40928893508922,25.099120483241091],[121.40944995344174,25.098776483924567],[121.40989597287506,25.098062414785097],[121.40980600871129,25.097545490493125],[121.40965195596827,25.097085434250303],[121.40987601090467,25.096685464761283],[121.41003697601073,25.096256421837101],[121.4102319805986,25.095481459857972],[121.41051699504997,25.095196431989169],[121.41092800723081,25.094999452531916],[121.41124000702429,25.095201479564491],[121.41142496310006,25.095661435896606],[121.4119239980634,25.096181487030275],[121.41242595299866,25.096356422288331],[121.41249294466955,25.095897469651128],[121.41262300038127,25.095439439385288],[121.41227999931975,25.095092411499831],[121.41225096324858,25.094747487225568],[121.41219293616415,25.094174490312248],[121.41229099366412,25.09368646835161],[121.41173894907564,25.09269445515951],[121.41097396396017,25.093188475126272],[121.41055900881568,25.093961423516255],[121.40998696862843,25.094475486654087],[121.409354967738,25.09493148350246],[121.40875493108877,25.095242475662587],[121.40764597331668,25.096183453834282],[121.40704897399921,25.096151419162123],[121.40765000395328,25.095694432898352],[121.40787295566571,25.095382413165972],[121.40815895595013,25.095096491472372],[121.40847500908507,25.094868452429093],[121.40863597439521,25.094409431217475],[121.40889094078631,25.094038449391665],[121.409493977948,25.093382455042438],[121.40962195964335,25.09303944302874],[121.40878092485687,25.092086405958472],[121.40962893627999,25.09223548851854],[121.41003898333153,25.092121488953271],[121.41013698126825,25.091663448063368],[121.410459968224,25.0906034504542],[121.41065293073517,25.090203477122888],[121.41087597942607,25.089830410699445],[121.40915200518064,25.089104464396542],[121.4081819977749,25.088436459945214],[121.40846797614424,25.087923455826967],[121.4085049749832,25.08729142200886],[121.40825595564748,25.086917488748174],[121.40869997741251,25.086575422973223],[121.40904692874059,25.086375472558839],[121.40926998897925,25.086031478924326],[121.40930499519887,25.085688458791608],[121.40902495314816,25.085226503159095],[121.40906100913364,25.084682580754958],[121.40928600909629,25.084081533636205],[121.40957195686195,25.083738551427277],[121.41014198245729,25.083253553141695],[121.41126400246318,25.082685499062528],[121.41314897939129,25.081506500655713],[121.41494992772704,25.08250856953708],[121.41433693444169,25.079112579879268],[121.41158098011674,25.080964511789034],[121.40969697020235,25.082606504628217],[121.40930499935178,25.081754512388731],[121.40940395612472,25.081240496123566],[121.40884500344002,25.08043358454324],[121.40833598777658,25.081118578331875],[121.40792399438499,25.081374501567439],[121.40735198791721,25.082202497440999],[121.40681299671202,25.082630506564719],[121.4057709649398,25.083111536384894],[121.40510900505522,25.083221507358907],[121.40425499476784,25.083763510177313],[121.40396996593503,25.084019531613681],[121.40368399639289,25.08439048864863],[121.40346194839083,25.084675509484178],[121.40387098071143,25.085127564970946],[121.40331296541086,25.085226511542825],[121.40276695475964,25.084986559603319],[121.40276998598895,25.084613559363035],[121.40209997170759,25.084342524409195],[121.40261700008391,25.084068536035296],[121.40265200859784,25.083695537463893],[121.40240397448422,25.083263537648264],[121.40250197963655,25.082775533927848],[121.40302995301163,25.082399570511608],[121.40323295712352,25.081890509159539],[121.403298945488,25.081518510454256],[121.40332293612414,25.080877571021951],[121.40340294504072,25.080342559936664],[121.40409595685813,25.080229535546199],[121.40506996587675,25.080351564407373],[121.40488497123215,25.079920581891415],[121.40498194439684,25.079547502065079],[121.40392199515298,25.078449574713815],[121.40364298087673,25.077989586093828],[121.40361895936692,25.077070577333597],[121.40321199963851,25.076866546802624],[121.40267899379849,25.076547568623099],[121.40384596513191,25.076181520894259],[121.4043469758435,25.076443524172237],[121.40462794656743,25.076702518986135],[121.40484592200008,25.077049540657466],[121.4052219648601,25.07719552247702],[121.4053509510927,25.076763569049206],[121.40598298035712,25.076511553563993],[121.40667493001017,25.07645757058847],[121.40736497645644,25.076690516623021],[121.40786596674255,25.077039557307554],[121.40818598252665,25.076295506248474],[121.40864995411104,25.075867509057922],[121.41013095298396,25.075474553429871],[121.41065097968084,25.075281511429456],[121.41178297805202,25.074373591359695],[121.41207193219941,25.0740315799085],[121.41419296430477,25.072628525895464],[121.4147319697495,25.072200578523276],[121.41552895486265,25.070858533724927],[121.41578294252312,25.070484565740493],[121.41650793979974,25.070374547857671],[121.41714095744153,25.069948585944285],[121.41748796487998,25.069807564157802],[121.41855900212947,25.06958353316071],[121.4197910023653,25.068902503414435],[121.42035694892422,25.068905505538698],[121.4208279679408,25.069024541570506],[121.42217894011198,25.069232515226901],[121.42387695531141,25.069242571545306],[121.42453798777706,25.069103538104535],[121.42566997285046,25.069111584702153],[121.43019896723868,25.069139519736087],[121.43101792912509,25.068971546739935],[121.43158700277445,25.06860250174131],[121.43184396885788,25.06797153748597],[121.43217498419357,25.067454560432758],[121.43195296893749,25.066181580301407],[121.43237295364543,25.066065510943396],[121.43289099583167,25.06609749946146],[121.43358997863189,25.066409578511198],[121.43437198811003,25.066524573637441],[121.43498691837442,25.066536495202172],[121.43585699780486,25.06612358149636],[121.43671096229248,25.065017546250424],[121.43768999296009,25.064419558698013],[121.43863096125541,25.065026516831001],[121.43893695407581,25.065774560242282],[121.43877597733402,25.066262520843566],[121.43915795582096,25.067065504541553],[121.43961693020346,25.067244550852454],[121.44056192204266,25.067047534847699],[121.44058795859463,25.06765258867053],[121.44099595600488,25.067797552683132],[121.44165693632839,25.067717581273101],[121.442350966874,25.067347580995939],[121.44266292349475,25.06763557024583],[121.44303594430083,25.068211513756658],[121.44305493485697,25.068721505539571],[121.44343699495366,25.068833583889308],[121.44380698944553,25.068909588429815],[121.44419297586717,25.069023545375071],[121.44497794020172,25.069113565976622],[121.44510795108511,25.066266514659016],[121.44518894168299,25.064427508617623],[121.44528296434476,25.063995562961946],[121.44604295628189,25.0636755441598],[121.44694095544227,25.063115576372585],[121.44759493716482,25.062668573928331],[121.4479609503617,25.06241952800119],[121.44831896309289,25.062156518957156],[121.44913897703961,25.061571574104587],[121.45008896886145,25.060860550281852],[121.45064198292805,25.060824568020497],[121.45097397275245,25.061175514524283],[121.4509250072928,25.061446535038947],[121.45078998911937,25.061661565234576],[121.45086497678624,25.06188751111905],[121.45127596587815,25.062382589352115],[121.45157397174684,25.062719537525702],[121.45204797132108,25.063294507651676],[121.45275098937823,25.064138564538329],[121.45333196920789,25.063702505804027],[121.45354293406852,25.063645510739292],[121.45437995535447,25.063647555187302],[121.45574892359359,25.06527455052105],[121.45808898141796,25.067696509282033],[121.45872994359461,25.068416561742964],[121.45902895304273,25.068749543200479],[121.45964598648875,25.069492519226106],[121.46004493549944,25.069943541278167],[121.46019298913049,25.069987502521574],[121.4620369407135,25.068943532739571],[121.46280992916408,25.068474514491157],[121.46366095109499,25.067975534361643],[121.46424596284943,25.06754952232993],[121.46475297383273,25.065520575559198],[121.46609694470497,25.064737513001905]]]},"properties":{"OBJECTID":10,"COUNTYNAME":"新北市","TOWNNAME":"五股區","TOWNID":"F03","TRANSP":50,"CODE":" ","INDEXCODE":"1000115","Shape.STArea()":34377294.130737305,"Shape.STLength()":36495.707481220226}},{"type":"Feature","id":11,"geometry":{"type":"Polygon","coordinates":[[[121.95241898991483,24.988237550458919],[121.95288900297653,24.988182532528366],[121.9532979791978,24.987926575411649],[121.95389198724452,24.988273516693592],[121.95552203186587,24.988310552529477],[121.95627702631434,24.987941586651676],[121.95690304095632,24.987944510818835],[121.95806598623236,24.987348555933963],[121.95850596995405,24.987322529757314],[121.95881697621425,24.987781510445163],[121.95925497150401,24.987898583751889],[121.95969200173768,24.988215552385896],[121.96028700963635,24.988446550759235],[121.96060099989512,24.988248517384395],[121.96125898156916,24.988308549129261],[121.96173100890064,24.988052527521866],[121.96235897076279,24.987969557592347],[121.96295499055599,24.987857534284394],[121.96348995466326,24.987375570417981],[121.96371099187087,24.98703358208255],[121.96383899194056,24.986633515045146],[121.96403101308211,24.985860517632005],[121.96488199118343,24.985035578812404],[121.96627101027485,24.983153526000297],[121.96674499070468,24.982556552818846],[121.96724496568021,24.982700567397846],[121.96749399276435,24.983131581456661],[121.96752297156173,24.983503541964822],[121.96748701204456,24.984504589126264],[121.96782996278078,24.984763552857252],[121.96801597954835,24.985137569265731],[121.96826601636175,24.985394512854999],[121.96848398586442,24.985768585194066],[121.96882902950789,24.985626579892607],[121.96923601307969,24.985799530274722],[121.96992799002165,24.985174580829337],[121.97055501223763,24.98523550477066],[121.97071399299028,24.984778529022901],[121.97106003562301,24.984607531860036],[121.97146700544701,24.984810554283129],[121.97206398200612,24.984499581806499],[121.97240603713826,24.984986516264485],[121.97227899366904,24.985328533905122],[121.97331001334545,24.985992503691335],[121.97365396235121,24.986251548138068],[121.97387096484842,24.986595553080118],[121.97393001597662,24.98733956425221],[121.97433797003947,24.987228549467655],[121.97449301396819,24.987600590581188],[121.97481797414129,24.987812527031299],[121.97499498266495,24.98748851683067],[121.97543500746741,24.98728952667776],[121.9755899645403,24.987690548277964],[121.97574503454673,24.988063583528422],[121.97530496335877,24.98820449980477],[121.97536500661977,24.988720540757807],[121.97573996221945,24.988921578781309],[121.97621103311835,24.988868561257405],[121.97627197399216,24.989238505728917],[121.97608197279732,24.989553584969343],[121.97639295630512,24.989869527311807],[121.97641999671775,24.990871597895282],[121.9770429858532,24.991503561013101],[121.97754398608103,24.991762534788769],[121.97823199781635,24.991938581743444],[121.97889096560699,24.99202552877599],[121.97948900065097,24.991486570481786],[121.97992898527163,24.991344544543075],[121.98011801893087,24.991002566745117],[121.98046198370486,24.991146554789164],[121.98096397793408,24.991179541202587],[121.98133999609293,24.991409551379874],[121.98196702689378,24.991355574316348],[121.9825010211149,24.991241535853014],[121.9830630180643,24.991504527741316],[121.98378297758917,24.991905500651402],[121.98374897598173,24.992334585532106],[121.98432600745413,24.992689548397653],[121.98496602115678,24.993371557406483],[121.9850569947784,24.994000511327236],[121.98546400048851,24.994088554326684],[121.98571000531894,24.994948592803343],[121.98614600630439,24.995494534335069],[121.98645798505623,24.99586751348793],[121.98676998613018,24.996097555431284],[121.98777296750772,24.996217579755399],[121.98795799205428,24.996703513013166],[121.98852101942303,24.996907518562065],[121.98908297425965,24.997395560867435],[121.98955296304214,24.997399573326042],[121.99017901582127,24.997686577330001],[121.990648953725,24.99777553552217],[121.99152903252077,24.998113557073456],[121.99164897885949,24.998685511477458],[121.99216101490582,24.99902753299915],[121.99253098877975,24.999090517021777],[121.99289999868921,24.999112520767429],[121.99352498611694,24.999643557867401],[121.99399895522616,24.999845513463633],[121.99442502616442,24.999931588419411],[121.99531998071723,25.000015532938203],[121.99563402256118,25.0002345328156],[121.99587603336469,25.000334572322846],[121.995859998123,25.001325546996203],[121.9959250043588,25.001676587465624],[121.99630199227522,25.001988512206093],[121.9966030080454,25.002130592526356],[121.99701301836787,25.002190584970489],[121.99761999738423,25.002408523776314],[121.99815498766765,25.002415591501173],[121.99850401076309,25.0023605211017],[121.99930703255137,25.002407591431822],[121.99977999344395,25.002381573537061],[122.00065496897494,25.002750547083089],[122.00123403327169,25.002859584082611],[122.00188499619642,25.002636534188905],[122.00233498777793,25.002578516903188],[122.0027789941655,25.002630509629373],[122.00321900479986,25.002730563211756],[122.00381202332797,25.002819557899532],[122.00412201538977,25.002566564665454],[122.00448501320687,25.002814560363053],[122.00489700138442,25.002965520876504],[122.00484999041521,25.003363534197099],[122.0050460346441,25.003668548989971],[122.00509898067192,25.00414958783858],[122.00516696878005,25.004773523829613],[122.0053440028728,25.005090572014101],[122.00539600886258,25.005435566588506],[122.00543100161292,25.006694498604968],[122.00559598662845,25.007057595683957],[122.0056430234164,25.00757559997373],[122.00533796930982,25.008485544670389],[122.00522596649969,25.009000562629975],[122.00526296889022,25.009751551657708],[122.00608597852867,25.00972153221511],[122.00589503077428,25.010704557717915],[122.00544103604406,25.011037525209247],[122.0056059973283,25.011376497080619],[122.00533501829699,25.011694518292618],[122.00545000805494,25.012120592947142],[122.00534197898693,25.012520556851292],[122.00497000784915,25.012872553521394],[122.00494899809952,25.01333151750066],[122.0053139603245,25.013816575171163],[122.00558302329635,25.014173545173236],[122.00589299036761,25.014466588870071],[122.00607297057344,25.015022509255392],[122.00576201220137,25.015180538105973],[122.00550303567086,25.015399505861222],[122.00522800920903,25.01580457184404],[122.00471604319767,25.015652560431775],[122.00422996301346,25.015218512297725],[122.00380002380022,25.014934585801306],[122.0032159679705,25.014649529540652],[122.00315096083791,25.014252550025514],[122.0026010017351,25.014090585453403],[122.00223000082929,25.014350569994047],[122.00197201386219,25.014782503884426],[122.00162004228027,25.015595537816168],[122.00105698086008,25.016197543460255],[122.00006899997953,25.016720533912039],[121.99987504580119,25.017168553876445],[121.99982398283537,25.018119582177665],[121.99960203608626,25.018664580774011],[121.99940400445568,25.019033555018083],[121.99946697664852,25.019595592763547],[121.99824801385982,25.019784527244575],[121.99805502556067,25.020536531347084],[121.99779804087999,25.020407528696733],[121.99767897120992,25.019659510667488],[121.99722101336715,25.019145534674667],[121.99661103637952,25.018614517725439],[121.99655797823668,25.018217530796477],[121.99626096822108,25.017777585716576],[121.99626998768545,25.017425507778714],[121.99599397455722,25.017115519066159],[121.99570200063188,25.01645858783024],[121.99471502480539,25.015314531462614],[121.99366496125592,25.014492564185893],[121.99310502449249,25.014002536756994],[121.99279000567745,25.013607575371097],[121.99241297784619,25.013099550666002],[121.99161296756046,25.01274158286169],[121.99092202674414,25.012565532589587],[121.99023097525479,25.013003572428762],[121.9901730320438,25.013328534636155],[121.98997602563058,25.013698574424208],[121.9897800165473,25.01400656045244],[121.98978200838846,25.014358565295137],[121.98998499664388,25.014765566244709],[121.99004996827027,25.015123558494771],[121.98978603586366,25.015613573070002],[121.98978995858594,25.016073542813533],[121.98985103220581,25.016718580185035],[121.98986900713167,25.017370576634892],[121.98966895425859,25.018155572210805],[121.98963800111,25.018900522638933],[121.98967796871229,25.019319531058176],[121.98998298413198,25.02002659311443],[121.98996296351369,25.020536560958067],[121.9897169678603,25.020953588744707],[121.98940402291893,25.020652585748298],[121.98899199673606,25.020714562164343],[121.98867797439031,25.021085542978401],[121.98830697957668,25.021302527372629],[121.98773201022188,25.021204512375835],[121.98726604935851,25.021367594621633],[121.98701102031706,25.022127577402777],[121.98628398570695,25.022224578973088],[121.98584899297532,25.022340587005736],[121.98535303564778,25.022689575884812],[121.98497798189996,25.022522502613477],[121.98463797359223,25.022752539547689],[121.98434002577356,25.022968576328619],[121.98385502068525,25.023084557713464],[121.98407002723425,25.023492558421371],[121.98366297572021,25.023966535600664],[121.98331098689424,25.024354555097482],[121.98290097833036,25.024447550779868],[121.982464040355,25.024348515335298],[121.98218898367102,25.024043550778472],[121.98182101747014,25.024170568355764],[121.98127500104189,25.024435542462587],[121.98105404304134,25.024766546119821],[121.98064296542934,25.024746495857837],[121.98039096251553,25.02445257532364],[121.98005597988536,25.024637521680472],[121.97961399632948,25.024582561673064],[121.97898096356879,25.024953556586308],[121.97903498193993,25.025488573972101],[121.97855700407398,25.025595550355778],[121.97774002652235,25.024855550151624],[121.9771480020175,25.02541053072942],[121.97699597722647,25.025820525582276],[121.97698601646788,25.026172509280041],[121.9765630326761,25.026299522723974],[121.97633701572565,25.025984551994533],[121.97589997084818,25.025861574183619],[121.97554598910035,25.026034541181293],[121.97518404030919,25.025910514070251],[121.97462096201987,25.025756578850086],[121.97415398728857,25.025839532597093],[121.97370404635731,25.025718524041849],[121.97330100297046,25.025878527678067],[121.97292704290389,25.025847568738708],[121.97254101483725,25.025883589791306],[121.97212797668469,25.025676566393152],[121.97183302712709,25.025396544260332],[121.9715280172782,25.025705585510597],[121.97118103720015,25.025416507188567],[121.97059002635106,25.025034587539917],[121.9698450071713,25.024585595665517],[121.96921797272205,25.024474569303365],[121.96883302208252,25.024231499629295],[121.96832802494649,25.024049530159875],[121.96780303949291,25.023842592566769],[121.96691903203272,25.023591579260678],[121.96582702995804,25.022690500380833],[121.96418701927097,25.022376581909196],[121.96408802168848,25.022749560800669],[121.96280501120455,25.022094558553231],[121.962268033051,25.022097581383697],[121.96174502257853,25.022182586630837],[121.96147499402453,25.021938576823565],[121.96050497220516,25.022131557758428],[121.96009701154287,25.022181599456754],[121.95968700550193,25.02206650709978],[121.95917502514742,25.021941516600737],[121.95877797924662,25.02186254572241],[121.95824197315993,25.021958544009646],[121.95730702466402,25.021720525365271],[121.95677298461885,25.022050533901101],[121.95646998580048,25.022485582789596],[121.9559990184477,25.022696534712328],[121.95560401701906,25.022849565425968],[121.95514297204069,25.022749519733651],[121.95456599328344,25.022450503428626],[121.95409401641831,25.022615500245255],[121.9536129655786,25.022548531408908],[121.9531609681613,25.022551518759993],[121.95271296994896,25.022509519207681],[121.95242897982583,25.022136567542177],[121.95189200758203,25.022140549491876],[121.95106798002021,25.022073510353628],[121.95045098591795,25.021916561114239],[121.95023803956063,25.021441591728724],[121.95019603057173,25.020941592923847],[121.95019600750008,25.020654571905695],[121.95018096394294,25.020291549105472],[121.94998397875443,25.020073509722032],[121.94942996924686,25.019986574710572],[121.94825903752569,25.019917585604794],[121.9477350230067,25.019895553345002],[121.94724097145493,25.019941592930302],[121.94687496352329,25.020242586965619],[121.94645196331055,25.020486510537211],[121.9463940221995,25.020944532514008],[121.94554203930832,25.021568591964648],[121.94504301189183,25.02207753075314],[121.94471900723994,25.022444524863417],[121.94420598017312,25.022895589352895],[121.94359503796484,25.023368585974019],[121.94303004024401,25.02368355820979],[121.94249196702904,25.02412250379157],[121.94152403414421,25.024851546222592],[121.94058604449522,25.025949565397717],[121.94018097358402,25.026394522147591],[121.93949102918158,25.026672539088427],[121.9391169661466,25.026940523761798],[121.93870500073785,25.027435523875305],[121.93830096537762,25.02793257895906],[121.93802000053843,25.02829954004466],[121.9373940507945,25.028738569166997],[121.93710804789616,25.029153520218546],[121.93680402966763,25.029478565915067],[121.93655000796744,25.030166502050726],[121.93639901972273,25.030257562097763],[121.93624596307458,25.029937566573285],[121.93579499165836,25.030227505110147],[121.93544899683729,25.031008573687156],[121.93487397641032,25.031573573966501],[121.93426997482635,25.03233558054718],[121.93372604125574,25.032797560722294],[121.93327597035046,25.03318851553982],[121.93263496271587,25.034162555632687],[121.9324679804356,25.034409537948644],[121.93233500933077,25.035015554247526],[121.93197301803009,25.03552350239644],[121.93180096515201,25.03607450016721],[121.93145401387339,25.036787578275302],[121.93050800005574,25.038179557492633],[121.92960298809091,25.039928516862009],[121.92955196916712,25.041510527820275],[121.92917603374967,25.041766581975629],[121.92907797352892,25.042136544493225],[121.92923496136542,25.04277451741283],[121.92967497066795,25.043275537844007],[121.93002001217643,25.043410514150473],[121.93054703318023,25.043678522008506],[121.93067996521495,25.0443525734205],[121.93063596792253,25.044988537249171],[121.93033299936617,25.045773562062124],[121.93001396645846,25.045978513660465],[121.9295850327116,25.045798560926706],[121.92937403283803,25.046280550821269],[121.92933498457613,25.047781494886852],[121.92882202633153,25.049802570753812],[121.92903801214275,25.050381556388231],[121.92900503519165,25.051103497574818],[121.92936696964979,25.05156656671895],[121.92989297362186,25.051924588717007],[121.93032799725179,25.05192149888116],[121.93062600105114,25.052048558033903],[121.93061500234715,25.052335547768966],[121.93021298508376,25.052430520001071],[121.929939029957,25.052729535350707],[121.93010399928887,25.052958557730033],[121.93074399386775,25.052724493107629],[121.93074902429282,25.053390580042141],[121.93104202920527,25.053925582922901],[121.93122403708591,25.054635519108832],[121.93167700196855,25.05468052602146],[121.9316409650326,25.054953496800621],[121.93137698465705,25.055013568884331],[121.93124097387494,25.05522054142051],[121.93155700925179,25.055482551894517],[121.93158498279962,25.055906533792029],[121.93099400485433,25.055932536889831],[121.93090904113855,25.056253573524565],[121.93063102201982,25.056198527323104],[121.93067904181771,25.055900561141598],[121.93034100297956,25.056006507691126],[121.93036303364954,25.056683497890869],[121.9301839834896,25.057014519405524],[121.92930103283588,25.056687523913929],[121.92896304229529,25.056886564572999],[121.92852303012421,25.056911525048893],[121.92749897094704,25.057994554412414],[121.92726797469119,25.057366540279368],[121.92599601839729,25.057281581718897],[121.92600101646248,25.057935562342998],[121.92691999274467,25.057997539314805],[121.9269749767838,25.058559573582926],[121.92642304671087,25.058768506574349],[121.92650099362702,25.059101527719619],[121.92692896634908,25.059223545374856],[121.92759700476843,25.059255580667664],[121.92765702172903,25.058887559807232],[121.92810998651809,25.058943498781694],[121.92822803973084,25.059400514344148],[121.92878498843297,25.059888532900036],[121.92935104413893,25.059817559143479],[121.93001898369296,25.060019572681391],[121.93055996645629,25.060038580799642],[121.93103901355077,25.06009353928448],[121.93105300297108,25.060321502575945],[121.93080597212831,25.060896551028605],[121.93100799915226,25.060976526909684],[121.93137203087861,25.060847575908369],[121.9316250246053,25.060995508328922],[121.9316389735568,25.061155572042516],[121.93136502417374,25.061660546058484],[121.93153198971594,25.062131502556792],[121.93202196086435,25.062926535099926],[121.93219796954243,25.063627578253598],[121.93193397105445,25.06373350624462],[121.93155700683906,25.063676547399844],[121.9312350049222,25.063699527461136],[121.93085399237053,25.06401754098815],[121.9301650061837,25.064148527028461],[121.92970596640075,25.064385518666985],[121.92909702424863,25.065005506880876],[121.92863702474527,25.065299555350336],[121.92817301038637,25.065485548036865],[121.92768401704268,25.065763518090094],[121.92708196935827,25.066008520751755],[121.92644896990817,25.066455508577441],[121.92589098360602,25.067016573729429],[121.92473602282081,25.068786571162896],[121.92470400990997,25.0695315200349],[121.9242160088548,25.069889555271246],[121.92408101734807,25.070291537074262],[121.92353000891431,25.070708554680916],[121.92362002527531,25.070924493087997],[121.92477796568208,25.070964513276145],[121.92475502494989,25.071239569981074],[121.92425201285309,25.071310501343554],[121.92420203833278,25.071448591678589],[121.9245079742976,25.071927531154596],[121.92420700209203,25.072067549231718],[121.92371600198126,25.072036555380386],[121.92304802508612,25.071868540955517],[121.92270698145026,25.071733525715189],[121.92237997580503,25.071690497039775],[121.92212901541792,25.071793552875025],[121.92253498913804,25.072215539615033],[121.922335985487,25.072618535190394],[121.92291599027638,25.072752519746466],[121.92337104213807,25.073002585372965],[121.92337199719414,25.073207525291984],[121.92312102474382,25.073220550375538],[121.92260397731573,25.073108560972081],[121.92216199302456,25.072824563029364],[121.92150700209041,25.072841544601506],[121.92114096887614,25.072729507977328],[121.92071396950446,25.072765564466916],[121.920679043665,25.073133514405885],[121.92032797179917,25.073296574970104],[121.92030699457582,25.073937536815922],[121.91951995557771,25.0747095615076],[121.91926304543665,25.075207446474369],[121.91935003843672,25.075536441809962],[121.91931601941211,25.076039454041666],[121.9181580343196,25.075990463415849],[121.91771504535203,25.075614459757993],[121.91728401210946,25.075285420639517],[121.91670501834174,25.075243496186562],[121.91619001887646,25.075418480144091],[121.91569198777569,25.076050481023337],[121.91581403346002,25.077334456958159],[121.91533296489287,25.078632470134078],[121.91566100262942,25.078711423659005],[121.91574004276467,25.07918041876302],[121.9154010329521,25.079309442856871],[121.91553097155007,25.079904438361609],[121.91608402008424,25.079819404826882],[121.91619597101975,25.079591470663289],[121.91791595570362,25.079052415388503],[121.91808402991131,25.079441481881307],[121.91660199176714,25.079931411551794],[121.91685903140255,25.080697411979859],[121.91670404546286,25.081788467275697],[121.91641996500287,25.082464460683209],[121.91625800696673,25.082718431333646],[121.91591798407936,25.082766486895128],[121.91572798953148,25.082550441534458],[121.91571299518664,25.082193456985987],[121.91552202593834,25.081978401334066],[121.91514503592778,25.081969452155949],[121.91479299085761,25.082039421380646],[121.91459300332545,25.082248488820088],[121.91481197925845,25.082887441725077],[121.9146750248164,25.08310748274334],[121.91460204669966,25.083519452941839],[121.91480503242717,25.083713475498413],[121.91485897975157,25.08420645996453],[121.91458596707399,25.084702456607932],[121.91404997129955,25.085380440486144],[121.91401402814539,25.08573747352008],[121.9141050109972,25.085998472399211],[121.91438500239931,25.086409427520366],[121.91464097601457,25.087119468804829],[121.91465803326261,25.087588479493558],[121.91453396915189,25.087991457006385],[121.91385704607158,25.088236415710703],[121.91419900159342,25.088634453662625],[121.91451899011543,25.089309431978684],[121.91482401938011,25.089754458542647],[121.91489397951915,25.09068340512837],[121.91549998616136,25.090930481376002],[121.91604503241639,25.091421416561907],[121.91606199046325,25.092084452328752],[121.91619004722141,25.092314424076854],[121.91646699009702,25.092599456594272],[121.91652401054088,25.093239480843852],[121.91676396827231,25.093387429858183],[121.91725401796538,25.093257455607045],[121.91744400213788,25.0933264246523],[121.91743399460202,25.093739455988846],[121.91796201600847,25.093666487166363],[121.91797597748926,25.093837485849608],[121.91777602689463,25.093999428253756],[121.91736101531833,25.09413940857171],[121.91717397842977,25.094289454203786],[121.91732597405597,25.09447340795878],[121.91881100103917,25.094416459155017],[121.91892503384743,25.094553429706817],[121.9183759924417,25.095085445216164],[121.91845199588572,25.095222475514856],[121.91872903376365,25.095255428353465],[121.91904296881135,25.095125466271057],[121.91925702361596,25.095101478166828],[121.91932201330692,25.095306474916988],[121.91919797407085,25.095537463340516],[121.91959101119296,25.095914488158314],[121.91944198731758,25.096258490054932],[121.91923096810751,25.096581473567891],[121.91860202929757,25.096643432957269],[121.91822500323421,25.096691457389102],[121.91842997529508,25.097125429397675],[121.91805203697439,25.097127416021891],[121.91796496408534,25.097381467456234],[121.9186259749553,25.098121415877362],[121.91832504246773,25.098272421091242],[121.91798300220582,25.098022463898481],[121.91760598337831,25.098116442280553],[121.91751896725511,25.098300437767666],[121.91752098042133,25.098516469140094],[121.91733399870797,25.09879344699219],[121.91813102143639,25.099294455437864],[121.91866703729838,25.098625474664686],[121.91893299543229,25.098794470686009],[121.91861098628591,25.099552411292919],[121.91935501940921,25.09974443683252],[121.91937104802258,25.100191420498096],[121.91974996615218,25.100430413633937],[121.91989200994786,25.100865416131413],[121.9200109802688,25.101598415213594],[121.92049897594735,25.101656413247365],[121.91992698283181,25.102239413614129],[121.91991702451207,25.102537403917822],[121.92024496244164,25.102627457252158],[121.9205620211155,25.102901487550145],[121.92096603589729,25.103059419677173],[121.92113902757357,25.103468413425471],[121.92173001342306,25.103815486271657],[121.92242103213447,25.103902470558282],[121.9229310041088,25.103829418558323],[121.92412000093567,25.1032554782437],[121.92452598479771,25.103665463128969],[121.92340101330315,25.104659454864827],[121.92380804988518,25.105229408630432],[121.92353503566196,25.105779484506829],[121.92305197661921,25.10626145594069],[121.92314602991084,25.106762483405682],[121.92357100885081,25.107260454327168],[121.92405803566072,25.106751468798226],[121.92423500377723,25.106773482644293],[121.92433604186334,25.106887426246324],[121.92367602910714,25.107751488191351],[121.92372703326255,25.107855453398937],[121.92383996972472,25.107888421489282],[121.92420198146797,25.107484396103025],[121.92464201672161,25.107425418864523],[121.92479397778376,25.107514478066896],[121.92386801937749,25.108301480318588],[121.92339298101268,25.108740410380697],[121.92280703051001,25.109385441793741],[121.92299900672127,25.109889467044816],[121.92325501155347,25.110276451776464],[121.92316800909235,25.110506417297053],[121.92316999894956,25.110793411483652],[121.92342299789821,25.110940434908841],[121.92338897964252,25.111399469957906],[121.92335704562004,25.112132407747541],[121.9229459948541,25.112731480210577],[121.92249397609717,25.11291647532763],[121.92205897233019,25.113580426986701],[121.92175697548866,25.11376945648092],[121.9212669901794,25.11384248219473],[121.92032904129093,25.112952415326959],[121.91880199445487,25.112515435091453],[121.91791702258594,25.111936422094185],[121.91729003862926,25.11222641456499],[121.91720397652217,25.112617417083978],[121.91649997679154,25.112703478421963],[121.91640603417514,25.112071439734599],[121.91534999736129,25.112215463677881],[121.91536499997014,25.112617406422483],[121.91615999342669,25.112669461498932],[121.91591102527951,25.113027444320107],[121.91509198835226,25.113009486090952],[121.91490103540521,25.112758400868731],[121.91395699507314,25.112854419772034],[121.91340404645159,25.112995429075877],[121.9130539703537,25.113342465900821],[121.91295799499204,25.113756467057037],[121.91320001312394,25.114154477084039],[121.91383298286286,25.114644434695133],[121.91464397987107,25.115339497437866],[121.91498600349931,25.115635404612007],[121.91555397806211,25.115918463436095],[121.91607200128475,25.116050405942627],[121.91651599100079,25.116496471934141],[121.91714899242685,25.117063418110941],[121.91755202201662,25.117061466717132],[121.91784196148316,25.11714047248126],[121.91790699690519,25.117359467703743],[121.91831001282134,25.117368435773194],[121.91844701502424,25.117182415110015],[121.91857204242299,25.117147413623773],[121.9188520234494,25.117489486958021],[121.91928096875682,25.11769447168113],[121.91955998267535,25.117875478387774],[121.91985502619002,25.118010429743052],[121.92011599305918,25.118228473384935],[121.92039503312385,25.118499485057917],[121.92034597486345,25.11871845617264],[121.9198670053224,25.118561454755714],[121.91938899453741,25.118632483821905],[121.91937796328281,25.118885445626152],[121.92017804021599,25.119762448883908],[121.92120798434843,25.121148409582634],[121.91985304267116,25.120563477131725],[121.91933598891154,25.120162494389817],[121.91864197477996,25.119805484379274],[121.91786102825286,25.119713442584189],[121.91683198800339,25.119431441928651],[121.91646604089111,25.119306406337529],[121.91603903857026,25.118977432354157],[121.91531702600768,25.118846459964693],[121.91479196855272,25.118662461734694],[121.91430602673043,25.118403447393366],[121.91387796587752,25.117966420625756],[121.91328301926465,25.117620414098447],[121.91279902219966,25.117523450672415],[121.91222702786929,25.117626461853089],[121.91146604233043,25.117640437366724],[121.91038797010819,25.117358427229814],[121.90934696859613,25.116780409884193],[121.90870398823377,25.116595486168972],[121.9082110107649,25.11678746191085],[121.90798902797943,25.117382434631107],[121.90754497744072,25.117556428170158],[121.90689202180867,25.117326408415444],[121.90636796347289,25.117320407150853],[121.90599102934725,25.116999407992648],[121.90547504073376,25.116723485705194],[121.90491004686048,25.116609486628182],[121.90395101888132,25.116409482943123],[121.90339600365024,25.116105440276453],[121.90311802840013,25.115830416971779],[121.90268303784642,25.115778446986017],[121.90206099970928,25.115791452060947],[121.90178899274339,25.115045458328005],[121.90155003718363,25.114769475073437],[121.90092497792573,25.114439491953284],[121.89972397714291,25.113602445146924],[121.89898400617832,25.113670406345605],[121.89790899753535,25.113854425467586],[121.89763000550339,25.113570455799561],[121.89710801988151,25.112377431907202],[121.8966070025995,25.111355464515039],[121.89610097242765,25.111035484996773],[121.89549402839201,25.110436418389387],[121.89505701471849,25.110069431679459],[121.89484098219803,25.108804419940547],[121.89483700141949,25.108280430399621],[121.89507199419394,25.107947485604488],[121.89538600174804,25.107686476888126],[121.8954900262612,25.107101439995027],[121.89570404282806,25.106686471171077],[121.89642299000107,25.105007442923291],[121.89677397511554,25.104333427078856],[121.89725001794837,25.103305460265883],[121.8970589787527,25.102999467276991],[121.89685702017279,25.102299447970051],[121.89648004218364,25.102042437949997],[121.89611998020318,25.101504445221863],[121.89575301867347,25.101184429944041],[121.89526801066872,25.101141414453991],[121.8948640389296,25.101117481993814],[121.89432001809732,25.101021449453029],[121.89331003645931,25.100720487281141],[121.89230199373104,25.100575408707407],[121.89183000935934,25.100792413588344],[121.89144601412568,25.101011485397478],[121.8909230391435,25.10099648058813],[121.89047701361652,25.100845400892911],[121.89027803798496,25.100515446507298],[121.88975398613306,25.100454488297647],[121.88827301937725,25.100509396649969],[121.88765102525528,25.100441449718254],[121.88710603815942,25.100254480610332],[121.88650103761762,25.099863450702095],[121.8852319667084,25.099160404657106],[121.8842040174207,25.098915456840018],[121.88366801847421,25.098657456391368],[121.88318103198883,25.098574410760328],[121.88245899234764,25.098088465882086],[121.8818630254557,25.097918477740922],[121.88145299825314,25.097345445793128],[121.88101401508142,25.097147444765493],[121.8801649949683,25.096375497604914],[121.87966197805655,25.09611945579756],[121.87887602250554,25.095288434010644],[121.87846798461881,25.095060440850677],[121.87809097392541,25.094918499769815],[121.87733803959759,25.094749421971795],[121.87556804500188,25.094960488806414],[121.87673697776209,25.093206490334122],[121.87727398225023,25.092486459366025],[121.87698296914368,25.091627502271937],[121.87681704490082,25.09067145462425],[121.87667199431334,25.089101461151429],[121.87654798302259,25.088565439329461],[121.87640301772696,25.086444427143604],[121.87655803555583,25.085672487889209],[121.87690101832533,25.085268422744068],[121.87727698756662,25.085212475387987],[121.87755797002464,25.084781420795593],[121.87787002101314,25.084064432269237],[121.87830704285176,25.083490436358531],[121.87849300618653,25.082830440132714],[121.87820904506077,25.082200477900955],[121.87808004458549,25.080885442428738],[121.87823498085595,25.080426416415779],[121.87823403487612,25.079882453979881],[121.87798200357238,25.07956741130851],[121.87776098037827,25.079023489412027],[121.87772705177797,25.078106486434677],[121.87763103262697,25.077735433815931],[121.87731502706957,25.077048441620246],[121.87715696851109,25.076505495016217],[121.87793401898458,25.074384528073704],[121.87843399728756,25.073839505462264],[121.87918500664854,25.073378588939608],[121.87959100160283,25.072861549573062],[121.88009204296249,25.07248849749454],[121.8808750337425,25.07228450460601],[121.88140796220169,25.072484574208225],[121.88203499385186,25.072454579350996],[121.88253598496264,25.072338566066605],[121.88284897746053,25.072079570742915],[121.8832229870455,25.071449511264106],[121.88328100491121,25.069702522272909],[121.88398401908694,25.068529499347626],[121.88412300491085,25.068027505951186],[121.88466000474905,25.067647553378322],[121.8848449713616,25.067174532065586],[121.88499600850901,25.066735561791205],[121.88535597061173,25.066304563703312],[121.8856239771345,25.06602353465335],[121.88574998323068,25.065402527715374],[121.88589903988709,25.065006560523983],[121.8862379909794,25.064552569649717],[121.88659997147342,25.064176530216383],[121.88691404678266,25.063810537645868],[121.88721401934013,25.062951585035879],[121.8873279706481,25.062361521390017],[121.88742700893775,25.06157156807954],[121.88763603396475,25.061150496978549],[121.88783398466951,25.06086057539666],[121.8878669781064,25.060516590517643],[121.88784599029152,25.059158553589036],[121.88788698426825,25.058345565272436],[121.88785704342162,25.057731542561537],[121.88804097362683,25.057164529728883],[121.88854302799828,25.056602575718038],[121.88894103307248,25.056397503204227],[121.88922998621419,25.055623563075223],[121.88921202716317,25.054811569969957],[121.89034696628556,25.053883581040115],[121.89058997791045,25.053507539476481],[121.89062204075111,25.053024506203798],[121.89021797818305,25.052492531741734],[121.88980600043659,25.052334557139197],[121.88939099759411,25.051962546560066],[121.88911600865487,25.051383562752125],[121.88894898178675,25.050881504761456],[121.88901499794332,25.050377585158689],[121.88883297305509,25.049586511662444],[121.88882998055753,25.049148559952457],[121.88887197438882,25.048613545768358],[121.88930102864798,25.047774573974255],[121.88973603034246,25.047545543722102],[121.89058300079024,25.04775751124799],[121.89100704227405,25.047797582347574],[121.89191200120821,25.047629552332552],[121.89254502442695,25.047477502228269],[121.89352002249008,25.047182548507717],[121.89442498238097,25.047208517606883],[121.89503697654898,25.047333581485375],[121.89550601633455,25.047233520953675],[121.89560900545922,25.04673859491044],[121.89620499467412,25.046168545783118],[121.89689304085515,25.045467573533582],[121.89720800772882,25.044964506406018],[121.89719903607133,25.043655519585979],[121.89715803405777,25.042940521900835],[121.89685600869652,25.041870575081159],[121.89643499767038,25.040658521174475],[121.89649201153333,25.040202500857127],[121.89683104158291,25.039899546225001],[121.89689804189787,25.039524544328],[121.89733301525561,25.038791513172814],[121.89670802067188,25.037729569270436],[121.89572297033691,25.036480546195648],[121.89546202200157,25.036032583800711],[121.89532501981424,25.035027544797362],[121.89485901275708,25.033894564988639],[121.894512978538,25.033264574218911],[121.89415697521804,25.032826564542148],[121.89416504962725,25.032271535932999],[121.89427601486135,25.031422558708162],[121.89421502219268,25.03107053653126],[121.89367004045532,25.030527586702565],[121.89287397449611,25.029428553119683],[121.89231603260299,25.028628540608178],[121.89219500891657,25.028189581328164],[121.89287099337888,25.027266511846769],[121.89354401679014,25.026115567943272],[121.89364704126159,25.025536586419783],[121.89390097689331,25.025041559889036],[121.89380198672983,25.024260559023496],[121.89344804361453,25.024114527845782],[121.89295702764134,25.024417593282873],[121.8923209889707,25.024421588793523],[121.89181298779896,25.024081555286021],[121.89080504766095,25.022921567132158],[121.89036504427048,25.022366510172549],[121.89017297905373,25.021638515068314],[121.88980304606616,25.021008541308163],[121.88861498490348,25.020898549888262],[121.8881770147508,25.02060052184946],[121.88812802533475,25.020174571918162],[121.88808699554936,25.019423562472419],[121.88877903662701,25.019075537260928],[121.88951902262458,25.019008532834558],[121.88995198023702,25.018780587098469],[121.89066596028597,25.018326523030492],[121.8911049754597,25.017262572359648],[121.89111203713847,25.016576553674195],[121.89067404147221,25.016183542862592],[121.89000304276531,25.016070551633483],[121.88949396951068,25.015462545523853],[121.88873598573869,25.014889534377218],[121.88796804192249,25.01448755357589],[121.88749703036073,25.014362523117381],[121.88700203722486,25.01406456572996],[121.88642498852739,25.014036591538378],[121.88591097969113,25.01429758528834],[121.88579599148009,25.014638567362223],[121.88493603052396,25.014666527062762],[121.88426202720713,25.014178574960123],[121.88320401202687,25.013960579686554],[121.88217201039839,25.013698572344687],[121.88119597960257,25.013550511909756],[121.88059099142181,25.013524572762403],[121.87998702317016,25.013684518528979],[121.87987904083609,25.013039523304727],[121.87981000019879,25.012671561914619],[121.87930098123529,25.011846575638316],[121.87787303951603,25.010256501281074],[121.87783402761727,25.009826527181353],[121.87856303575347,25.00675251188607],[121.87782300129672,25.006540556585971],[121.87761397797588,25.006171527598216],[121.87636102960749,25.004404535401722],[121.8760550106058,25.003882580233604],[121.8757099882816,25.003117553055972],[121.8758780110785,25.00280959857437],[121.87566902590744,25.00235252537534],[121.87509698038788,25.001985541478707],[121.87505801822977,25.001527580663975],[121.87512201774673,25.001159551992192],[121.875020984843,25.000636577667347],[121.87491505078951,25.000179552320784],[121.87450803393557,24.999967511605494],[121.87443603840129,24.999227586495824],[121.87449999337353,24.998831585889469],[121.8736830162775,24.998224523735264],[121.87340100548248,24.997651496723741],[121.87230699350397,24.996073587971971],[121.87208803791296,24.99572952921303],[121.87143203498375,24.994410595730002],[121.87130697504737,24.994009548880832],[121.87118303205069,24.993407530290408],[121.87052596953913,24.99257352559032],[121.86974297800789,24.992199530949325],[121.86883400371192,24.991881530971348],[121.86833298490043,24.99168158571446],[121.86780097431459,24.991048524005102],[121.86755099931307,24.990390534485574],[121.86676797441037,24.990158554288897],[121.86636097346727,24.989756533902007],[121.86611104146719,24.989067568151583],[121.86561101948276,24.988122565257811],[121.86536102273035,24.987749517440438],[121.86479799913324,24.987174511051435],[121.86404804243128,24.985768512425423],[121.8642680434217,24.985252505046446],[121.86502204467298,24.984796515425835],[121.86527299312212,24.984452512719397],[121.8651180291713,24.983708560455923],[121.86486801204676,24.983190591942659],[121.86455497781834,24.982962539257191],[121.86430501901239,24.982616566703342],[121.86330198217992,24.982272529083112],[121.86267600583932,24.981754581008847],[121.86258298764862,24.981152549928574],[121.86270900820347,24.980749508992602],[121.86277299357126,24.980234597357931],[121.86277398096752,24.979862523104469],[121.8624620447397,24.979002541507885],[121.86243204969179,24.978286577621027],[121.86202500170523,24.977941510789151],[121.8620900003052,24.977081514007413],[121.86221604406937,24.976622578789438],[121.86196700050677,24.976077521792945],[121.86206197345706,24.975591600262295],[121.86237704217702,24.974991530715357],[121.86156104961405,24.974901542763224],[121.86140598960496,24.974444511890233],[121.86106203885518,24.973525587838861],[121.86119303407894,24.97114857232145],[121.86147704702505,24.970347541171762],[121.86144603731248,24.969343556766127],[121.86154304630004,24.968341543440108],[121.86182601553691,24.968025523112921],[121.86192101616072,24.967625550807572],[121.86113901916318,24.966592604308126],[121.8608580299276,24.965902530928197],[121.86104903451489,24.964556533451091],[121.86136303239242,24.96415753914437],[121.86131398155253,24.963693575463413],[121.86265100387315,24.963272591072048],[121.86368800400976,24.962241556222679],[121.86406500318597,24.962072517224101],[121.86553801493132,24.962246529744768],[121.86723197856227,24.96184952178362],[121.86942802268852,24.961452554365156],[121.87058899478632,24.960882561905979],[121.87146799232924,24.960769528323233],[121.87193799417992,24.960884507262605],[121.87265796984664,24.961374514339081],[121.87378601776213,24.961604544253337],[121.8743819982467,24.96166452025976],[121.87522898372229,24.961666594561642],[121.87576202021678,24.961523510043804],[121.87620099979745,24.961525531127066],[121.87688999115156,24.96204252459259],[121.87770403834745,24.962559572132676],[121.87833101024901,24.962704578608339],[121.87936597736736,24.962707588606023],[121.8801500135593,24.963023568665793],[121.88074604460175,24.963283589548396],[121.88140397452692,24.963485556200105],[121.88184303628459,24.963715527434807],[121.88215598225314,24.963945524996124],[121.88340998243469,24.964319554056001],[121.8837800328661,24.964412524960579],[121.88468901535067,24.964389508794113],[121.88566199672415,24.964279541385306],[121.88606898622085,24.964225563739941],[121.88754599833328,24.963802527749053],[121.88833201670079,24.96326353769426],[121.88864497311366,24.963493522232202],[121.88867302245787,24.964066576410683],[121.88939096966986,24.964728509671342],[121.89023699040665,24.964876583213936],[121.8905810378121,24.96502151432632],[121.89142701649843,24.965084529352456],[121.89214699806746,24.965346561189229],[121.892897005725,24.965750516465736],[121.8934929888178,24.965839573890506],[121.89452500663631,24.966246532610473],[121.89502496583475,24.966534514780761],[121.89574403045215,24.966994522793861],[121.8969050239476,24.966945563156003],[121.89743599724397,24.967262507875194],[121.89943099683254,24.969448575092848],[121.8994579944744,24.970364527461584],[121.89980000355141,24.971024529553368],[121.90089101702866,24.972376560736251],[121.90213999926253,24.97344356337241],[121.90298098176581,24.974390534535321],[121.90345103971129,24.974536561698105],[121.90388897571982,24.974624554727054],[121.90429703611788,24.974626578550705],[121.90458103930773,24.97428556467451],[121.90546297023957,24.973459507968045],[121.90649399391599,24.974294523083941],[121.90664600291882,24.975239512349845],[121.90695803058951,24.975558574491014],[121.90752101162418,24.975673515152529],[121.90849302399525,24.975735562664934],[121.9090590254193,24.975451589355028],[121.90946902863719,24.975083514655719],[121.91025399880513,24.9747725594477],[121.91066098696666,24.974916528028452],[121.91100098929668,24.975891511829154],[121.9109959640377,24.976751508688029],[121.91174600224728,24.97724159038728],[121.91240098089611,24.977932597379791],[121.91268199534359,24.978163544637564],[121.914309998622,24.978685594234861],[121.91493399815049,24.97926157414642],[121.91621800935783,24.979439568856836],[121.91662600159617,24.97944157157044],[121.91750701794682,24.978761529895376],[121.91813401127685,24.978935535599273],[121.91851001908358,24.978964542614346],[121.9191700076187,24.978653580446181],[121.92073199375784,24.979750559581358],[121.92117100168292,24.979636521436394],[121.92170799999676,24.978895563882904],[121.92217998336136,24.978669556316937],[121.92315099841335,24.978703527830707],[121.92424602624202,24.979281500875047],[121.92474799079203,24.979427539614875],[121.92581301747744,24.979489537945749],[121.92687800756778,24.979808562977649],[121.92693899695145,24.980153535591079],[121.92734699125619,24.980098529979642],[121.92797399277447,24.979957573488999],[121.92835203262689,24.979788543234303],[121.92875897326303,24.979790519207107],[121.92894504077802,24.980134520753193],[121.92919502554044,24.98039452256771],[121.92953896992684,24.980624577465221],[121.93007101516895,24.980684550051148],[121.93066504513523,24.981001520932256],[121.93245201093274,24.981051552637044],[121.9328289717118,24.981042519066765],[121.93361304544224,24.980874536694962],[121.93405000254465,24.981248562278481],[121.93454397465652,24.982767574290655],[121.93491803365502,24.983283555955339],[121.93598399488727,24.983290576831003],[121.93749004418548,24.982983518132162],[121.93780299145328,24.983184590279336],[121.93798702011478,24.983901564080472],[121.93864098107322,24.984704584776438],[121.93964598219192,24.9843665363619],[121.94033602082797,24.984313510896524],[121.9408669838658,24.984659554314511],[121.94098996434727,24.985146587396091],[121.9413330374725,24.985577519146609],[121.94220902387852,24.98586955435967],[121.94248997112656,24.9861565892387],[121.9429600183217,24.98630050961285],[121.94352103710283,24.986791535508676],[121.94386300943162,24.987335592918953],[121.94404901285056,24.987823571926313],[121.94464299425609,24.988083519424503],[121.9451760107013,24.988084561874203],[121.94602497833459,24.987661502294287],[121.94656098761673,24.987005515528608],[121.94753496972515,24.986724577249305],[121.94831796835449,24.986755531959783],[121.94988296509406,24.987623569788969],[121.9502569742519,24.987910537902376],[121.95060002358119,24.988311570538507],[121.95157302345955,24.988145539666302],[121.95201201240468,24.988063557975625],[121.95241898991483,24.988237550458919]]]},"properties":{"OBJECTID":11,"COUNTYNAME":"新北市","TOWNNAME":"貢寮區","TOWNID":"F21","TRANSP":50,"CODE":" ","INDEXCODE":"1000126","Shape.STArea()":98972916.909301758,"Shape.STLength()":75972.057962145787}},{"type":"Feature","id":12,"geometry":{"type":"Polygon","coordinates":[[[121.49141101220957,25.094600479245518],[121.48923806540982,25.096801425028826],[121.48885905748307,25.097116424640827],[121.48766002484075,25.097711409875792],[121.48538400175214,25.099332434504547],[121.48329999496686,25.100469467743601],[121.46214098542801,25.102838478092607],[121.46156893155435,25.102253457515964],[121.46119797977394,25.101209424498315],[121.46108694125714,25.100146433478596],[121.46091898656356,25.099144471899876],[121.46050396851346,25.098952455396006],[121.45992392596646,25.098761479422322],[121.45906398814924,25.098290496953283],[121.45825295910947,25.098108451799963],[121.45818397533881,25.097853409542115],[121.45819192115692,25.097309476703046],[121.45817894914242,25.096526444686113],[121.45781596267624,25.094796430904559],[121.45776501103316,25.094112470764316],[121.45718393399525,25.093613436900771],[121.45658492783846,25.093174476367285],[121.45573193307298,25.092290468806791],[121.45479600047561,25.089674489967642],[121.4546379381968,25.088524398328154],[121.45454694292293,25.087443467330289],[121.45457097204428,25.0862924634202],[121.45462595641465,25.085457474245349],[121.45486395725504,25.084499499495781],[121.45492900391534,25.08377951431072],[121.45549198802553,25.082125575947448],[121.45573297506985,25.082018566360293],[121.45636096134653,25.082307548096242],[121.45691794833196,25.081708562396766],[121.45725394469648,25.081339506160951],[121.45819699733931,25.08064155683401],[121.45905494245606,25.080285501618299],[121.45948795790774,25.080126522928616],[121.46027695411134,25.079543518176802],[121.46095996357818,25.078979516709357],[121.46197092362031,25.078545518321462],[121.46247895618987,25.078315505442589],[121.46338696724506,25.077839555904827],[121.46440096176818,25.077994567102159],[121.46463196293912,25.077957559326624],[121.46601498033104,25.077404533713295],[121.46694998478196,25.077022551455787],[121.46758696770411,25.076453531212731],[121.4678469659105,25.076344537296524],[121.4682289626713,25.076300540504256],[121.46954900613019,25.075903515714725],[121.46989093269246,25.075259570123137],[121.47056592793814,25.073989498990443],[121.47087897607121,25.073701555467924],[121.47133100515475,25.073458523616207],[121.4725629669388,25.072921531200624],[121.47418693103128,25.072586520179168],[121.47475191945149,25.072674551119942],[121.47509595145345,25.072879582615677],[121.4754079967564,25.073167514187936],[121.4755309697865,25.073570530705936],[121.47571600067232,25.073971545314944],[121.47698598672353,25.076247559977897],[121.47691993863253,25.076735506536011],[121.47716796145407,25.077079537197861],[121.47830993408276,25.07757957550184],[121.47954697112414,25.078442551733449],[121.48057594922605,25.079481523751831],[121.48090896756301,25.079979568825198],[121.48225696950219,25.081442571695906],[121.48244292433347,25.081759527220978],[121.48262797800734,25.082305533129599],[121.48280894601045,25.083225537340809],[121.48296297807383,25.083597571500921],[121.48339897310801,25.084117572829925],[121.48399393981018,25.084291420966782],[121.4841489580039,25.084638441004049],[121.48411498266627,25.084982457282283],[121.48395397574991,25.085440485394823],[121.48387894659143,25.086903414691744],[121.48371593070745,25.087619403517426],[121.48430396017902,25.088827449597375],[121.48577206932426,25.089982417297268],[121.4867400756339,25.090677448178504],[121.48727102356499,25.091169417594919],[121.48871004892341,25.092094482588216],[121.48988002995262,25.092510466649383],[121.49089101761056,25.0935814826084],[121.49141101220957,25.094600479245518]]]},"properties":{"OBJECTID":12,"COUNTYNAME":"新北市","TOWNNAME":"蘆洲區","TOWNID":"F04","TRANSP":50,"CODE":" ","INDEXCODE":"1000114","Shape.STArea()":7862159.6412963867,"Shape.STLength()":11349.367097265373}},{"type":"Feature","id":13,"geometry":{"type":"Polygon","coordinates":[[[121.84169600128682,24.953393516667415],[121.84160004699341,24.954139561604517],[121.84206899268804,24.954682518461187],[121.84269604513932,24.954828584604851],[121.84310302668086,24.955087557901408],[121.84366301195426,24.956836580491167],[121.84425805221132,24.957469556667569],[121.84469598683522,24.957642590247389],[121.84519800731911,24.957585562801285],[121.845573004792,24.957931592164584],[121.8457270097045,24.959191558579867],[121.84632301335223,24.959737575517643],[121.84676100064236,24.960082600842401],[121.84738697306815,24.960399553179414],[121.84920601856578,24.960203560578432],[121.85005098047004,24.960979541579434],[121.85042703833702,24.961180543220472],[121.85080298732998,24.961210530282173],[121.851933982875,24.960238540430701],[121.85259305173111,24.959925543742859],[121.85365901946567,24.960127542228346],[121.85406601813499,24.960042514266028],[121.85428401068803,24.961103569147081],[121.85456498179657,24.961503550625462],[121.85547399318098,24.961850537688026],[121.85581802796311,24.962108588003161],[121.85666400186993,24.962397512041612],[121.85700797977655,24.962600586109218],[121.85769802178383,24.962772570951032],[121.85844899102479,24.963203522239557],[121.86045497961332,24.96366856389913],[121.86131398155253,24.963693575463413],[121.86136303239242,24.96415753914437],[121.86104903451489,24.964556533451091],[121.8608580299276,24.965902530928197],[121.86113901916318,24.966592604308126],[121.86192101616072,24.967625550807572],[121.86182601553691,24.968025523112921],[121.86154304630004,24.968341543440108],[121.86144603731248,24.969343556766127],[121.86147704702505,24.970347541171762],[121.86119303407894,24.97114857232145],[121.86106203885518,24.973525587838861],[121.86140598960496,24.974444511890233],[121.86156104961405,24.974901542763224],[121.86237704217702,24.974991530715357],[121.86206197345706,24.975591600262295],[121.86196700050677,24.976077521792945],[121.86221604406937,24.976622578789438],[121.8620900003052,24.977081514007413],[121.86202500170523,24.977941510789151],[121.86243204969179,24.978286577621027],[121.8624620447397,24.979002541507885],[121.86277398096752,24.979862523104469],[121.86277299357126,24.980234597357931],[121.86270900820347,24.980749508992602],[121.86258298764862,24.981152549928574],[121.86267600583932,24.981754581008847],[121.86330198217992,24.982272529083112],[121.86430501901239,24.982616566703342],[121.86455497781834,24.982962539257191],[121.86486801204676,24.983190591942659],[121.8651180291713,24.983708560455923],[121.86527299312212,24.984452512719397],[121.86502204467298,24.984796515425835],[121.8642680434217,24.985252505046446],[121.86404804243128,24.985768512425423],[121.86479799913324,24.987174511051435],[121.86536102273035,24.987749517440438],[121.86561101948276,24.988122565257811],[121.86611104146719,24.989067568151583],[121.86636097346727,24.989756533902007],[121.86676797441037,24.990158554288897],[121.86755099931307,24.990390534485574],[121.86780097431459,24.991048524005102],[121.86833298490043,24.99168158571446],[121.86883400371192,24.991881530971348],[121.86974297800789,24.992199530949325],[121.87052596953913,24.99257352559032],[121.87118303205069,24.993407530290408],[121.87130697504737,24.994009548880832],[121.87143203498375,24.994410595730002],[121.87208803791296,24.99572952921303],[121.87230699350397,24.996073587971971],[121.87340100548248,24.997651496723741],[121.8736830162775,24.998224523735264],[121.87449999337353,24.998831585889469],[121.87443603840129,24.999227586495824],[121.87450803393557,24.999967511605494],[121.87491505078951,25.000179552320784],[121.875020984843,25.000636577667347],[121.87512201774673,25.001159551992192],[121.87505801822977,25.001527580663975],[121.87509698038788,25.001985541478707],[121.87566902590744,25.00235252537534],[121.8758780110785,25.00280959857437],[121.8757099882816,25.003117553055972],[121.8760550106058,25.003882580233604],[121.87636102960749,25.004404535401722],[121.87761397797588,25.006171527598216],[121.87782300129672,25.006540556585971],[121.87856303575347,25.00675251188607],[121.87783402761727,25.009826527181353],[121.87787303951603,25.010256501281074],[121.87930098123529,25.011846575638316],[121.87981000019879,25.012671561914619],[121.87987904083609,25.013039523304727],[121.87998702317016,25.013684518528979],[121.88059099142181,25.013524572762403],[121.88119597960257,25.013550511909756],[121.88217201039839,25.013698572344687],[121.88320401202687,25.013960579686554],[121.88426202720713,25.014178574960123],[121.88493603052396,25.014666527062762],[121.88579599148009,25.014638567362223],[121.88591097969113,25.01429758528834],[121.88642498852739,25.014036591538378],[121.88700203722486,25.01406456572996],[121.88749703036073,25.014362523117381],[121.88796804192249,25.01448755357589],[121.88873598573869,25.014889534377218],[121.88949396951068,25.015462545523853],[121.89000304276531,25.016070551633483],[121.89067404147221,25.016183542862592],[121.89111203713847,25.016576553674195],[121.8911049754597,25.017262572359648],[121.89066596028597,25.018326523030492],[121.88995198023702,25.018780587098469],[121.88951902262458,25.019008532834558],[121.88877903662701,25.019075537260928],[121.88808699554936,25.019423562472419],[121.88812802533475,25.020174571918162],[121.8881770147508,25.02060052184946],[121.88861498490348,25.020898549888262],[121.88980304606616,25.021008541308163],[121.89017297905373,25.021638515068314],[121.89036504427048,25.022366510172549],[121.89080504766095,25.022921567132158],[121.89181298779896,25.024081555286021],[121.8923209889707,25.024421588793523],[121.89295702764134,25.024417593282873],[121.89344804361453,25.024114527845782],[121.89380198672983,25.024260559023496],[121.89390097689331,25.025041559889036],[121.89364704126159,25.025536586419783],[121.89354401679014,25.026115567943272],[121.89287099337888,25.027266511846769],[121.89219500891657,25.028189581328164],[121.89231603260299,25.028628540608178],[121.89287397449611,25.029428553119683],[121.89367004045532,25.030527586702565],[121.89421502219268,25.03107053653126],[121.89427601486135,25.031422558708162],[121.89416504962725,25.032271535932999],[121.89415697521804,25.032826564542148],[121.894512978538,25.033264574218911],[121.89485901275708,25.033894564988639],[121.89532501981424,25.035027544797362],[121.89546202200157,25.036032583800711],[121.89572297033691,25.036480546195648],[121.89670802067188,25.037729569270436],[121.89733301525561,25.038791513172814],[121.89689804189787,25.039524544328],[121.89683104158291,25.039899546225001],[121.89649201153333,25.040202500857127],[121.89643499767038,25.040658521174475],[121.89685600869652,25.041870575081159],[121.89715803405777,25.042940521900835],[121.89719903607133,25.043655519585979],[121.89720800772882,25.044964506406018],[121.89689304085515,25.045467573533582],[121.89620499467412,25.046168545783118],[121.89560900545922,25.04673859491044],[121.89550601633455,25.047233520953675],[121.89503697654898,25.047333581485375],[121.89442498238097,25.047208517606883],[121.89352002249008,25.047182548507717],[121.89254502442695,25.047477502228269],[121.89191200120821,25.047629552332552],[121.89100704227405,25.047797582347574],[121.89058300079024,25.04775751124799],[121.88973603034246,25.047545543722102],[121.88930102864798,25.047774573974255],[121.88887197438882,25.048613545768358],[121.88882998055753,25.049148559952457],[121.88883297305509,25.049586511662444],[121.88901499794332,25.050377585158689],[121.88894898178675,25.050881504761456],[121.88911600865487,25.051383562752125],[121.88939099759411,25.051962546560066],[121.88980600043659,25.052334557139197],[121.89021797818305,25.052492531741734],[121.89062204075111,25.053024506203798],[121.89058997791045,25.053507539476481],[121.89034696628556,25.053883581040115],[121.88921202716317,25.054811569969957],[121.88922998621419,25.055623563075223],[121.88894103307248,25.056397503204227],[121.88854302799828,25.056602575718038],[121.88804097362683,25.057164529728883],[121.88785704342162,25.057731542561537],[121.88788698426825,25.058345565272436],[121.88784599029152,25.059158553589036],[121.8878669781064,25.060516590517643],[121.88783398466951,25.06086057539666],[121.88763603396475,25.061150496978549],[121.88742700893775,25.06157156807954],[121.8873279706481,25.062361521390017],[121.88721401934013,25.062951585035879],[121.88691404678266,25.063810537645868],[121.88659997147342,25.064176530216383],[121.8862379909794,25.064552569649717],[121.88589903988709,25.065006560523983],[121.88574998323068,25.065402527715374],[121.8856239771345,25.06602353465335],[121.88535597061173,25.066304563703312],[121.88499600850901,25.066735561791205],[121.8848449713616,25.067174532065586],[121.88466000474905,25.067647553378322],[121.88412300491085,25.068027505951186],[121.88398401908694,25.068529499347626],[121.88328100491121,25.069702522272909],[121.8832229870455,25.071449511264106],[121.88284897746053,25.072079570742915],[121.88253598496264,25.072338566066605],[121.88203499385186,25.072454579350996],[121.88140796220169,25.072484574208225],[121.8808750337425,25.07228450460601],[121.88009204296249,25.07248849749454],[121.87959100160283,25.072861549573062],[121.87918500664854,25.073378588939608],[121.87843399728756,25.073839505462264],[121.87793401898458,25.074384528073704],[121.87715696851109,25.076505495016217],[121.87731502706957,25.077048441620246],[121.87763103262697,25.077735433815931],[121.87772705177797,25.078106486434677],[121.87776098037827,25.079023489412027],[121.87798200357238,25.07956741130851],[121.87823403487612,25.079882453979881],[121.87823498085595,25.080426416415779],[121.87808004458549,25.080885442428738],[121.87820904506077,25.082200477900955],[121.87849300618653,25.082830440132714],[121.87830704285176,25.083490436358531],[121.87787002101314,25.084064432269237],[121.87755797002464,25.084781420795593],[121.87727698756662,25.085212475387987],[121.87690101832533,25.085268422744068],[121.87655803555583,25.085672487889209],[121.87640301772696,25.086444427143604],[121.87654798302259,25.088565439329461],[121.87667199431334,25.089101461151429],[121.87681704490082,25.09067145462425],[121.87698296914368,25.091627502271937],[121.87727398225023,25.092486459366025],[121.87673697776209,25.093206490334122],[121.87556804500188,25.094960488806414],[121.87483701520691,25.095158462516363],[121.87370002064523,25.094842488534191],[121.8732290115144,25.094529446949338],[121.87278800219347,25.093929482063263],[121.87143200465839,25.093872441523569],[121.87002405067953,25.094401481425344],[121.8694230219768,25.094435423643379],[121.86820999446059,25.09391247066651],[121.86780204968638,25.093912423777173],[121.86733196878453,25.094113436187708],[121.86667700913101,25.095033458221994],[121.86535997667127,25.095264432123557],[121.86482798655082,25.095466429824988],[121.86432599941519,25.095466467630267],[121.86398200433692,25.095726412795536],[121.86244801810226,25.095911495014541],[121.86185201633138,25.096476432830681],[121.86074303383938,25.096024408482727],[121.85923002041919,25.096568472311397],[121.8582450133276,25.0965134124875],[121.85799500014033,25.0968844871763],[121.85765197566789,25.097401458272653],[121.85724400998815,25.097344417561008],[121.85670900228358,25.096774457225873],[121.85617496768229,25.096403397366217],[121.85586997707298,25.096111461960231],[121.85491000750693,25.095776451469636],[121.85404104587225,25.095664435485631],[121.85334998293349,25.095063428305952],[121.85319199879004,25.09471943944185],[121.85284402218264,25.093489416243234],[121.85274704255463,25.092487438830961],[121.85246300711863,25.09177140470095],[121.85224199540872,25.091456404187628],[121.85186501896312,25.091027459361385],[121.85173902127204,25.0906854668888],[121.85170402069612,25.089338436669145],[121.8512960026334,25.089081474059014],[121.84994703780404,25.088969487014928],[121.84947600006177,25.088971466049539],[121.84813500335608,25.089448448458239],[121.84746997057282,25.08923347735012],[121.84599105393727,25.08748849416256],[121.84558301057714,25.087116487131006],[121.84498402901367,25.086087397835175],[121.84470005484258,25.085371434224964],[121.84378900020137,25.084630409495482],[121.84378804460702,25.084228474221476],[121.84347203943413,25.083169405454832],[121.84268500219406,25.082025462888662],[121.84227702110201,25.081826436184173],[121.84102002683115,25.080768461520453],[121.84057999147335,25.080540467637345],[121.84098502209811,25.079163481791028],[121.84060596335529,25.078276418282623],[121.84019799375064,25.077847427361441],[121.84000902741542,25.07753241505943],[121.83975703109077,25.076990411861708],[121.83774401678116,25.074961510435966],[121.83651897038942,25.07393258638168],[121.83604803219156,25.073761528277622],[121.83523299964632,25.073619583945085],[121.8343839884993,25.073048516775813],[121.83403905001916,25.072648500696179],[121.83268902341518,25.071820579024124],[121.83221698559937,25.071220572460593],[121.83185703221817,25.070473578517042],[121.83230804156753,25.069958493025943],[121.83252602442296,25.069357516608218],[121.83239898139237,25.0687285733339],[121.83192701385204,25.068040535978795],[121.83161201884752,25.067326508150195],[121.83126599637154,25.066897509303679],[121.83095203718796,25.066553572274525],[121.83019602002292,25.06532351053793],[121.82963099698947,25.064638507690539],[121.82981699377177,25.063777587703761],[121.82981598402819,25.063434509372282],[121.82981401211359,25.062946529261222],[121.83056396782787,25.062058531168397],[121.83043602226714,25.060941510621181],[121.83065502931365,25.060540575377264],[121.83077798152576,25.059824560831771],[121.83065103977549,25.059051515109733],[121.83115097751612,25.058391529360819],[121.83124404645227,25.057876571349802],[121.83045703193183,25.056587533421695],[121.83054999183308,25.05595952599969],[121.83076800640738,25.055642588901069],[121.83180101649245,25.054695568701554],[121.83201803489874,25.053893519188652],[121.83214197345066,25.053120518402867],[121.83295499664371,25.052344562811772],[121.83323504000951,25.051399508600834],[121.83351600572534,25.051027581470951],[121.83404603539225,25.049966546700205],[121.8340119764345,25.048822542249372],[121.83394801581147,25.048163543882048],[121.83494899697338,25.04715855572238],[121.83469599381898,25.046444548928907],[121.83478901122159,25.045755510072407],[121.8341280388215,25.045183555602666],[121.8341270032379,25.044813563434449],[121.83387500119495,25.044354529688157],[121.8333740298217,25.044269589614622],[121.83252701202399,25.043984512003384],[121.83180603852715,25.044016548119401],[121.83049203999504,25.044905537074811],[121.83008498438102,25.045077551187386],[121.82964601038785,25.044964518981455],[121.82923797696235,25.044964551929745],[121.82820504279189,25.04528151753421],[121.82735798740278,25.045198574639315],[121.82710698994633,25.044910511080118],[121.82651098142752,25.044769551629837],[121.82572803155803,25.044943556242277],[121.82509999503993,25.044743545444597],[121.82425503159413,25.045204535946162],[121.82400501911212,25.045489507186431],[121.823598028104,25.045805514533157],[121.82312804596607,25.045835562759578],[121.82269004327244,25.045865532615032],[121.82190605309567,25.04583754843895],[121.82137201390645,25.045439541903985],[121.82020804946023,25.043265567257045],[121.81948499561766,25.042578504152971],[121.81885804732393,25.042378536286989],[121.81797898202723,25.04186550798352],[121.81735201408965,25.041895493697709],[121.81691903842052,25.041819506113992],[121.81653705989483,25.041753541255968],[121.81619102866141,25.041268520571776],[121.8158140016706,25.040839577093372],[121.81531400210501,25.041184500171799],[121.81493801511083,25.041356567053747],[121.81368401722997,25.041186574696713],[121.81340101970973,25.040958529760932],[121.81296200611101,25.040759500051649],[121.81239705151501,25.04058653197005],[121.81161199783989,25.039758569598519],[121.81057599721187,25.039188554207733],[121.80988502651422,25.038444579475733],[121.80953798780092,25.037699521464258],[121.80888002246401,25.037500510981566],[121.8084389746457,25.036787567121852],[121.80859501029222,25.036413565710632],[121.80868901484808,25.036041527626832],[121.80871898650032,25.035526557519418],[121.80862305786907,25.034781580767355],[121.80821500685724,25.034353579978728],[121.8081830261813,25.033951531056868],[121.8079940147786,25.033494541689645],[121.80780503503355,25.033179559461345],[121.80752300615308,25.032921519656234],[121.80711401459517,25.032208585451972],[121.80676801248943,25.031779524674679],[121.8064230164879,25.031550540851171],[121.80501301747026,25.031580571163236],[121.80451097397251,25.031409576473141],[121.80419605895955,25.030980529837397],[121.80372598186108,25.030924567336314],[121.80272302096269,25.030841504847068],[121.80203299730427,25.030441555956703],[121.80102999002915,25.030414553698499],[121.80043404472869,25.030129575256325],[121.79946198333187,25.03007358985673],[121.79870801703257,25.028958548259993],[121.79811203426513,25.028843565272304],[121.79723304556912,25.027986578040892],[121.79713798186683,25.027528527934663],[121.79673000202243,25.027099509540239],[121.79625897233574,25.026929581228632],[121.79588200435599,25.026644584254981],[121.7955990522066,25.026185545534286],[121.79525301093537,25.025842581811727],[121.79468902442503,25.025502522230401],[121.79421705025726,25.024814530673179],[121.79333905709908,25.024101525826712],[121.79255404702496,25.023500516081807],[121.79148705909154,25.022928560944678],[121.79023304094966,25.02275853037877],[121.78954403742254,25.023017527393492],[121.78916799955128,25.022990542190435],[121.78853998137529,25.022305528367731],[121.7884449733661,25.021761510417246],[121.78822503962567,25.021246504782951],[121.78700102012903,25.02044654736579],[121.78668700262091,25.020159565066063],[121.78477200717766,25.018158547801335],[121.78458397236932,25.017787557275035],[121.78458204064768,25.016956569820231],[121.78464404946423,25.016412538833222],[121.78458002799007,25.016010550273823],[121.78426502832833,25.015010577651385],[121.78432599039667,25.014495521535135],[121.78448198625547,25.014007520534193],[121.78410497725703,25.013293528983631],[121.78259904020845,25.012349566984085],[121.78234704646212,25.011835540577554],[121.78215797313453,25.011376522399697],[121.78178200958541,25.011121535892666],[121.7816429781921,25.010160534220265],[121.78150202279058,25.009179577323572],[121.78045799230172,25.007302582194804],[121.77917301808826,25.00645854482871],[121.77752797563751,25.005516519082036],[121.77693903170785,25.004783575066522],[121.77559698803368,25.003601580944423],[121.77490704013427,25.003230582892382],[121.77481202338382,25.002657571392469],[121.77412205676167,25.002399507062716],[121.77327405670107,25.001943550947349],[121.7729600132847,25.00174357237174],[121.77255300084326,25.001716527773997],[121.77183200715349,25.001144505917789],[121.77142305540393,25.000571594660784],[121.77089004230538,25.000373553133389],[121.770514009796,25.000373508924298],[121.7697310478527,25.000174512427666],[121.76941698540425,24.999916561978644],[121.76879001481193,24.999574544000286],[121.76856905631732,24.999059510774785],[121.76784904024936,24.999033528240194],[121.76693903403475,24.998546514749453],[121.76670798978512,24.998195584809071],[121.76548805904835,24.99738855864425],[121.76517500144787,24.997160571602585],[121.7649570313497,24.996872593215045],[121.7642690460823,24.996239511076073],[121.76370501177288,24.996066523908969],[121.76423898947213,24.99540955754788],[121.76449298685776,24.994493557978583],[121.76458906456367,24.993777534295358],[121.76502905171111,24.993236521822951],[121.7658749774028,24.992952554150079],[121.76656498806098,24.992925530091526],[121.76709805049241,24.992756559843702],[121.76822904423042,24.991697527283954],[121.76866902005089,24.991011595383153],[121.76870301950363,24.990239553283512],[121.76907898695342,24.990011531054048],[121.76936200111592,24.98966751910195],[121.76999000639798,24.989239556508906],[121.7705230622895,24.989099555584691],[121.77155800407876,24.988958579031632],[121.772717006403,24.988991572615049],[121.773125051101,24.988993514773682],[121.77340700426529,24.988707552720641],[121.77394000301571,24.988623523541175],[121.77453705986095,24.988279583631883],[121.77475700398499,24.987967584077968],[121.77526102596482,24.986937578375226],[121.77551299566122,24.986536560458738],[121.77552704293802,24.985374576770553],[121.77614206498804,24.985305561886875],[121.7768950371389,24.984907514404107],[121.77724004151429,24.984566519903247],[121.77752299700413,24.984337512642053],[121.77821300125672,24.984137527573989],[121.77862004758967,24.984139548658113],[121.77965605362921,24.983655507427958],[121.77987603455431,24.983341519611585],[121.78037800913327,24.982825513643661],[121.78113205276841,24.982198574221002],[121.7820110112027,24.981972571028564],[121.78373397556963,24.981862564093028],[121.78451804110611,24.981864574941685],[121.78492503913245,24.981923558485757],[121.78595900414732,24.98264257188249],[121.78633404074287,24.982816562698947],[121.7867100525408,24.983130576597372],[121.78981299251961,24.983055535128223],[121.79022002272991,24.983198561265009],[121.79078297228011,24.983601594017802],[121.79178603128614,24.983605555106017],[121.79250697322433,24.983407509947973],[121.79291600571915,24.983005551313809],[121.79276204694359,24.981573512643902],[121.79292202390607,24.980543566399955],[121.79377198201044,24.978568524353932],[121.79386704463023,24.978168578461585],[121.79415000843325,24.977566572739779],[121.79396402225241,24.976935551379135],[121.79391500760332,24.976477514030268],[121.79392305424011,24.972982536930818],[121.79284798867778,24.971632514279793],[121.79288100438336,24.970972515836504],[121.79225603408725,24.97057055067225],[121.79188104400093,24.970055550800243],[121.79182205208279,24.968164527590719],[121.7922329955483,24.96707655516807],[121.79223397304382,24.966360567254668],[121.79163997019995,24.965957525800921],[121.79135898450269,24.965525552716041],[121.79123501196159,24.965095531718028],[121.79085998005583,24.964609523525588],[121.79067202167452,24.964263545458241],[121.79089604065162,24.962402533438258],[121.79064603770256,24.961742600085358],[121.79031602097777,24.961141583335074],[121.79032001928996,24.959566589026338],[121.79093600116774,24.958621532917036],[121.79128303951322,24.957620558335378],[121.79113003203928,24.956072591915685],[121.79128801539201,24.955613540052497],[121.79163402142038,24.955244584649261],[121.79235602702829,24.954585537479286],[121.79317104068342,24.954446581505611],[121.79333004840781,24.953844593659095],[121.7924250176965,24.951836554935152],[121.79208197973256,24.951519565114179],[121.79123599608337,24.951346550203553],[121.79033001354256,24.949937550257768],[121.79023901500594,24.949078588088717],[121.78930101314387,24.947587585216684],[121.78920801980354,24.947041569962476],[121.78789701912761,24.945174580675555],[121.78783597533246,24.94448953901821],[121.78840405702596,24.942942519218622],[121.7887190087565,24.942227578124069],[121.78953700944078,24.940711567072967],[121.78925700363843,24.939936565298478],[121.78759999109256,24.938613598381199],[121.78722505949696,24.938267517632678],[121.78635002021433,24.937234548459259],[121.78613198630018,24.936632575840637],[121.78603899404713,24.93603057351887],[121.78597903517951,24.934999530523204],[121.78598104115297,24.934310535088663],[121.7851059850538,24.933421572501103],[121.78504300141213,24.933020570164498],[121.78542103162488,24.932104597996901],[121.78539198462258,24.931244572224543],[121.78526799183506,24.930843537419154],[121.78448699865606,24.930010588524311],[121.78286101361432,24.928630508191649],[121.78201604362323,24.928282555523236],[121.78176598768806,24.927737533242077],[121.78173705516591,24.927020536387591],[121.7811789992535,24.924470555155761],[121.78061899195423,24.922891555672539],[121.7802450292502,24.922288584823491],[121.77946299904033,24.921628520842567],[121.77893205351769,24.920938601018715],[121.77865099154933,24.920536564516812],[121.77827605476071,24.920163557477135],[121.77808802040504,24.919647553002864],[121.77852800390336,24.919248523587054],[121.77893602595292,24.919076574412571],[121.77987703911037,24.918764581171931],[121.78025298836333,24.918478569306359],[121.78084903543487,24.918394544427414],[121.78153903058053,24.917966577724567],[121.78232397093124,24.917136597753768],[121.78285798020566,24.916679552780831],[121.78348601224211,24.916281515100749],[121.78376803306662,24.916022536501611],[121.78465002463967,24.914363547114689],[121.78474600663745,24.913647607869354],[121.78493501932276,24.912960602757984],[121.7848740490099,24.912615572514181],[121.78484397893645,24.911670595839901],[121.78490900302155,24.911069561615726],[121.78516198422828,24.910039566635582],[121.78569897391618,24.908347540573349],[121.78573201186589,24.907631566248153],[121.7861730030456,24.906629573921272],[121.7879280450198,24.906231538793424],[121.7883369903367,24.905891518209582],[121.7885250469929,24.905574609469333],[121.78940399283941,24.904831585216964],[121.78987605030386,24.904032557456681],[121.79059799753965,24.903575574625464],[121.79103696728473,24.903518537327557],[121.79135100739268,24.903176565341621],[121.79128904921154,24.902600593593473],[121.79172998854314,24.902059588464393],[121.7921060059394,24.901887583663768],[121.79345799876351,24.899797545769157],[121.79417899557421,24.89974459933417],[121.795024992726,24.899773578184018],[121.7954940499383,24.900003578026855],[121.79627500961111,24.900951583852443],[121.79702605347217,24.90158456093247],[121.79752805447198,24.901299548463342],[121.79781005283148,24.901070598138393],[121.79859400597485,24.901072546330205],[121.79890704704638,24.900871602171748],[121.79943901003281,24.901132580299453],[121.80238498665867,24.901053553947602],[121.80322904208309,24.90171253555296],[121.804420006306,24.901688524864323],[121.8045150305025,24.901259586919757],[121.80492202453725,24.901259560982332],[121.80545402520265,24.901662539011991],[121.80589205604977,24.901863590542217],[121.80617298055786,24.902150543671702],[121.80639203421848,24.90255356952218],[121.80717499778504,24.902612545952103],[121.80764399914926,24.903043565185563],[121.80858402692613,24.90287352300502],[121.80942900513146,24.903304579049529],[121.81014998125677,24.903422546663947],[121.81055698564127,24.903596585874993],[121.81059703944325,24.905115540933142],[121.81102198272605,24.90566155658918],[121.81111502593754,24.906119528520314],[121.81149003378547,24.906406590460989],[121.8118979810917,24.90643552135224],[121.81252500497885,24.906294600387316],[121.81309002144171,24.905636575879001],[121.8145649769199,24.904838599770848],[121.81550601047367,24.904524581065914],[121.81632201384426,24.903894507603059],[121.81698102428032,24.903294562633722],[121.81807900107052,24.902724606685958],[121.81945900242921,24.902728585576696],[121.8202410131403,24.903188541244585],[121.82070999166841,24.903619531169827],[121.82149403577097,24.903879572244104],[121.8221510492335,24.904311590120187],[121.82271405904186,24.904540530930873],[121.82346600305056,24.904600576528612],[121.82393597202383,24.904859537501729],[121.82459399207264,24.904889575527005],[121.82540798860742,24.905178525156039],[121.82628501600544,24.905151535969573],[121.82710200460811,24.904494586312502],[121.82803997314259,24.905328521891111],[121.82894899981547,24.905359593618044],[121.82998400273493,24.905074575262386],[121.831113035524,24.904905596649034],[121.83173903539861,24.904847561065964],[121.8323339813052,24.905138590256023],[121.83292800938172,24.905739568111432],[121.83324002124299,24.906341577398901],[121.83361600743655,24.906657559363921],[121.83402304186514,24.906745571798407],[121.8346809722693,24.906832544975821],[121.83536903461793,24.907465576048224],[121.83621402500044,24.907925548127995],[121.83718300444512,24.909362547299406],[121.83799605491561,24.909879567199127],[121.83840201216469,24.910712538255225],[121.83896404465074,24.911659562002185],[121.83949598877348,24.912260583959874],[121.84189904703153,24.914409602521705],[121.8425299653376,24.915250586758589],[121.8430320131591,24.915279531057028],[121.84368999227284,24.915510552035759],[121.84481501298671,24.916745545125831],[121.84553299085081,24.918180565564452],[121.84562504526464,24.91892553661814],[121.84587503509961,24.919327517834528],[121.84625103510048,24.919671551456336],[121.84693903444708,24.920132539085735],[121.84728301265275,24.920448565130403],[121.84853604973867,24.921082570060456],[121.84919298944403,24.921656573352518],[121.84978798190097,24.922029593375573],[121.85032003003026,24.922288580994302],[121.85122696977811,24.923294526186332],[121.85229201679473,24.923670538806228],[121.85382600524737,24.925049555523717],[121.85417000256666,24.925566557422492],[121.85426304504222,24.925938549205494],[121.85419902351647,24.926482531697726],[121.85400897896702,24.927285549163283],[121.85410196913695,24.927828544388241],[121.85328602641941,24.928115542382283],[121.85284698368005,24.928314520121319],[121.85231298607162,24.928858567361402],[121.85203002824977,24.929201571113506],[121.85093304541792,24.929426600428048],[121.84939399678986,24.930398561306795],[121.84948699028237,24.930942554410287],[121.84948700814455,24.931316517391934],[121.84939100015146,24.931773545501287],[121.84876205160859,24.93300458977788],[121.8483529817608,24.933433522995252],[121.84803796558562,24.934121581791011],[121.84803704102971,24.934665568298673],[121.84816103542656,24.93532557812631],[121.84790898569369,24.935954508945112],[121.84724802062688,24.937215517249253],[121.84709002148479,24.93781655677887],[121.84586597740561,24.938414519274044],[121.84458000005809,24.938698539231019],[121.84363899686208,24.939128595012665],[121.84310602865908,24.939212590900045],[121.84260300298065,24.939497585272679],[121.84241398972195,24.939841554079539],[121.84228803365404,24.940270598329491],[121.84197296999118,24.940814543820306],[121.84162800631482,24.941127535373791],[121.84059302318225,24.941469517640918],[121.8401210334119,24.941984556324748],[121.83983602755998,24.943446549619633],[121.83926902991917,24.944562539941671],[121.83961198095128,24.945623548748046],[121.83951802329497,24.945967533474157],[121.83951701214949,24.946481541667747],[121.83973501070051,24.946941586792555],[121.84014200590751,24.947315513005158],[121.84058001773623,24.947687559490536],[121.84095501910696,24.948089559802423],[121.84114297713938,24.948406591942959],[121.8415170006916,24.949323595947202],[121.84151500163436,24.950183586679675],[121.84210904833964,24.951073529819581],[121.84169905229056,24.951990535596458],[121.84150901709258,24.952618562593546],[121.84150899626768,24.952963555895543],[121.84169600128682,24.953393516667415]]]},"properties":{"OBJECTID":13,"COUNTYNAME":"新北市","TOWNNAME":"雙溪區","TOWNID":"F20","TRANSP":50,"CODE":" ","INDEXCODE":"1000125","Shape.STArea()":146229508.71392822,"Shape.STLength()":68455.012335378182}},{"type":"Feature","id":14,"geometry":{"type":"Polygon","coordinates":[[[121.46626893136884,25.03851658314241],[121.46794995600703,25.03894054179041],[121.47099595577163,25.039303544554507],[121.47526995313434,25.039328578747757],[121.47661897068268,25.039537516726753],[121.4787229188323,25.03972253326571],[121.4800139760176,25.039442528086209],[121.48139899427684,25.039221534814097],[121.48227896739627,25.03916956920235],[121.48999602057249,25.039266571641566],[121.49075703628162,25.039995501333628],[121.4921300717824,25.041094572648444],[121.49288106112992,25.041615587732036],[121.49360704334103,25.042054513501132],[121.50029900252227,25.045217548691088],[121.5011110189167,25.045853527788026],[121.50161005646103,25.046373530800622],[121.50316201449763,25.048189522140792],[121.50347403567139,25.050352526166957],[121.50356805647351,25.051016562469808],[121.50410306456138,25.052747587489961],[121.50435503242183,25.053873534613661],[121.5046690453307,25.054853563223183],[121.5048260211401,25.055778505495155],[121.50501401498593,25.056845529847795],[121.50513802923231,25.057942587558298],[121.50537504634012,25.058905521131098],[121.5055540094977,25.060141514775921],[121.50668305750662,25.064364580030695],[121.5068620387556,25.065542517646804],[121.50695201530387,25.067638550842574],[121.50692800706555,25.070764547179461],[121.50613002239089,25.074661534752597],[121.50577505496943,25.075866578352095],[121.50485502414008,25.077753510633755],[121.5042380253212,25.079529519205089],[121.50251105950579,25.083336547988349],[121.49977805769525,25.087308496826878],[121.49832101955538,25.088733463379317],[121.49405005607889,25.092352458155545],[121.4917420681152,25.094177458890659],[121.49141101220957,25.094600479245518],[121.49089101761056,25.0935814826084],[121.48988002995262,25.092510466649383],[121.48871004892341,25.092094482588216],[121.48727102356499,25.091169417594919],[121.4867400756339,25.090677448178504],[121.48577206932426,25.089982417297268],[121.48430396017902,25.088827449597375],[121.48371593070745,25.087619403517426],[121.48387894659143,25.086903414691744],[121.48395397574991,25.085440485394823],[121.48411498266627,25.084982457282283],[121.4841489580039,25.084638441004049],[121.48399393981018,25.084291420966782],[121.48339897310801,25.084117572829925],[121.48296297807383,25.083597571500921],[121.48280894601045,25.083225537340809],[121.48262797800734,25.082305533129599],[121.48244292433347,25.081759527220978],[121.48225696950219,25.081442571695906],[121.48090896756301,25.079979568825198],[121.48057594922605,25.079481523751831],[121.47954697112414,25.078442551733449],[121.47830993408276,25.07757957550184],[121.47716796145407,25.077079537197861],[121.47691993863253,25.076735506536011],[121.47698598672353,25.076247559977897],[121.47571600067232,25.073971545314944],[121.4755309697865,25.073570530705936],[121.4754079967564,25.073167514187936],[121.47509595145345,25.072879582615677],[121.47475191945149,25.072674551119942],[121.47418693103128,25.072586520179168],[121.4725629669388,25.072921531200624],[121.4710419578395,25.072856570068112],[121.47091993211573,25.072396564868139],[121.47008394710689,25.071995525759576],[121.46989796033579,25.070438531667254],[121.46991193984108,25.068745551238788],[121.46956898293517,25.068428545565855],[121.46893294106211,25.068482568601141],[121.46846797071706,25.068479521543306],[121.4676469534176,25.068933560311446],[121.46631692350651,25.066199526016977],[121.46660591850207,25.065244523852698],[121.46609694470497,25.064737513001905],[121.46569398004898,25.061518509802653],[121.46582297499194,25.061145568144486],[121.4662069585755,25.06034358097466],[121.46725597130245,25.058885537519977],[121.46741699699841,25.058340577521101],[121.46723695920734,25.057278521859004],[121.46743594706581,25.056072527939016],[121.46785492274047,25.054698528936058],[121.46861894733476,25.053554582878952],[121.46868699721236,25.052895521929699],[121.46850192730523,25.052491508620825],[121.46791095882425,25.051712553304917],[121.46779293912647,25.050708531554999],[121.46745597781461,25.049500529220776],[121.46717997921563,25.048609516726518],[121.46734492358581,25.047633586068418],[121.4669769625243,25.046483543532275],[121.4665119472847,25.045733521647197],[121.46633099450047,25.044813579354024],[121.46586692893793,25.043835574585504],[121.46605995866825,25.043263525143246],[121.46622397912107,25.042518564767434],[121.46641796125706,25.041829583876542],[121.46645297747976,25.041314557660382],[121.46617892370881,25.040220555347471],[121.46626893136884,25.03851658314241]]]},"properties":{"OBJECTID":14,"COUNTYNAME":"新北市","TOWNNAME":"三重區","TOWNID":"F05","TRANSP":50,"CODE":" ","INDEXCODE":"1000102","Shape.STArea()":17950124.739807129,"Shape.STLength()":17675.333193254981}},{"type":"Feature","id":15,"geometry":{"type":"Polygon","coordinates":[[[121.77552704293802,24.985374576770553],[121.77551299566122,24.986536560458738],[121.77526102596482,24.986937578375226],[121.77475700398499,24.987967584077968],[121.77453705986095,24.988279583631883],[121.77394000301571,24.988623523541175],[121.77340700426529,24.988707552720641],[121.773125051101,24.988993514773682],[121.772717006403,24.988991572615049],[121.77155800407876,24.988958579031632],[121.7705230622895,24.989099555584691],[121.76999000639798,24.989239556508906],[121.76936200111592,24.98966751910195],[121.76907898695342,24.990011531054048],[121.76870301950363,24.990239553283512],[121.76866902005089,24.991011595383153],[121.76822904423042,24.991697527283954],[121.76709805049241,24.992756559843702],[121.76656498806098,24.992925530091526],[121.7658749774028,24.992952554150079],[121.76502905171111,24.993236521822951],[121.76458906456367,24.993777534295358],[121.76449298685776,24.994493557978583],[121.76423898947213,24.99540955754788],[121.76370501177288,24.996066523908969],[121.7642690460823,24.996239511076073],[121.7649570313497,24.996872593215045],[121.76517500144787,24.997160571602585],[121.76548805904835,24.99738855864425],[121.76670798978512,24.998195584809071],[121.76693903403475,24.998546514749453],[121.76784904024936,24.999033528240194],[121.76856905631732,24.999059510774785],[121.76879001481193,24.999574544000286],[121.76941698540425,24.999916561978644],[121.7697310478527,25.000174512427666],[121.770514009796,25.000373508924298],[121.77089004230538,25.000373553133389],[121.77142305540393,25.000571594660784],[121.77183200715349,25.001144505917789],[121.77255300084326,25.001716527773997],[121.7729600132847,25.00174357237174],[121.77327405670107,25.001943550947349],[121.77412205676167,25.002399507062716],[121.77481202338382,25.002657571392469],[121.77490704013427,25.003230582892382],[121.77559698803368,25.003601580944423],[121.77693903170785,25.004783575066522],[121.77752797563751,25.005516519082036],[121.77917301808826,25.00645854482871],[121.78045799230172,25.007302582194804],[121.78150202279058,25.009179577323572],[121.7816429781921,25.010160534220265],[121.78178200958541,25.011121535892666],[121.78215797313453,25.011376522399697],[121.78234704646212,25.011835540577554],[121.78259904020845,25.012349566984085],[121.78410497725703,25.013293528983631],[121.78448198625547,25.014007520534193],[121.78432599039667,25.014495521535135],[121.78426502832833,25.015010577651385],[121.78458002799007,25.016010550273823],[121.78464404946423,25.016412538833222],[121.78458204064768,25.016956569820231],[121.78458397236932,25.017787557275035],[121.78477200717766,25.018158547801335],[121.78668700262091,25.020159565066063],[121.78700102012903,25.02044654736579],[121.78822503962567,25.021246504782951],[121.7884449733661,25.021761510417246],[121.78853998137529,25.022305528367731],[121.78916799955128,25.022990542190435],[121.78954403742254,25.023017527393492],[121.79023304094966,25.02275853037877],[121.79148705909154,25.022928560944678],[121.79255404702496,25.023500516081807],[121.79333905709908,25.024101525826712],[121.79421705025726,25.024814530673179],[121.79468902442503,25.025502522230401],[121.79525301093537,25.025842581811727],[121.7955990522066,25.026185545534286],[121.79588200435599,25.026644584254981],[121.79625897233574,25.026929581228632],[121.79673000202243,25.027099509540239],[121.79713798186683,25.027528527934663],[121.79723304556912,25.027986578040892],[121.79811203426513,25.028843565272304],[121.79870801703257,25.028958548259993],[121.79946198333187,25.03007358985673],[121.80043404472869,25.030129575256325],[121.80102999002915,25.030414553698499],[121.80203299730427,25.030441555956703],[121.80272302096269,25.030841504847068],[121.80372598186108,25.030924567336314],[121.80419605895955,25.030980529837397],[121.80451097397251,25.031409576473141],[121.80501301747026,25.031580571163236],[121.8064230164879,25.031550540851171],[121.80676801248943,25.031779524674679],[121.80711401459517,25.032208585451972],[121.80752300615308,25.032921519656234],[121.80780503503355,25.033179559461345],[121.8079940147786,25.033494541689645],[121.8081830261813,25.033951531056868],[121.80821500685724,25.034353579978728],[121.80862305786907,25.034781580767355],[121.80871898650032,25.035526557519418],[121.80868901484808,25.036041527626832],[121.80859501029222,25.036413565710632],[121.8084389746457,25.036787567121852],[121.80888002246401,25.037500510981566],[121.80953798780092,25.037699521464258],[121.80988502651422,25.038444579475733],[121.81057599721187,25.039188554207733],[121.81161199783989,25.039758569598519],[121.81239705151501,25.04058653197005],[121.81296200611101,25.040759500051649],[121.81340101970973,25.040958529760932],[121.81368401722997,25.041186574696713],[121.81493801511083,25.041356567053747],[121.81531400210501,25.041184500171799],[121.8158140016706,25.040839577093372],[121.81619102866141,25.041268520571776],[121.81653705989483,25.041753541255968],[121.81691903842052,25.041819506113992],[121.81675901511854,25.042698519457382],[121.81625798687608,25.043271519134084],[121.81572700365075,25.044046556316086],[121.8147900043532,25.045651568709701],[121.81500997807171,25.04593756596929],[121.81526199822027,25.04650958158231],[121.81532600921213,25.046881575613387],[121.81535904463188,25.047968526726489],[121.81529799503909,25.048429500115216],[121.81511100824413,25.048830592098714],[121.81470398979475,25.04943250573416],[121.81426604935636,25.050006502520684],[121.81420500108473,25.050751514071852],[121.81408097784305,25.051094561578463],[121.8137060478789,25.051582540927768],[121.81352204522744,25.053242553348792],[121.81365000003423,25.054645522600882],[121.81428100974864,25.056390547143749],[121.81447199308255,25.057421556554022],[121.81425301581105,25.058081574463134],[121.8132830448863,25.058856574526029],[121.81268803627674,25.059173582431164],[121.81024396861068,25.05969253673814],[121.80898896758933,25.059321536143059],[121.80807904348529,25.058838585810253],[121.80770203946379,25.05866655868968],[121.80720000502032,25.058066542783841],[121.80663502055008,25.058037553423492],[121.80613399291276,25.058324501437024],[121.80585304481828,25.058642564846174],[121.80566501206994,25.059214563146096],[121.80541598773382,25.0597865128534],[121.80501003265175,25.060504497895899],[121.80501104809352,25.061134518048981],[121.80491802801335,25.061536525317472],[121.80507500764455,25.061851581727289],[121.80517003554188,25.062394499807564],[121.80507705155483,25.062738531735508],[121.80451400479909,25.06331256044227],[121.80463999139637,25.063713557610374],[121.8054570438827,25.06474254614459],[121.80577202709273,25.065201563525846],[121.80580399007235,25.066002490658168],[121.80499204217134,25.067207518750564],[121.8045220080285,25.067465590067705],[121.8039580403772,25.06752452676816],[121.80348797509453,25.067867534212141],[121.80261302534872,25.069158573704879],[121.8011119937545,25.071595559827266],[121.80083099446895,25.07231250616897],[121.80017503079932,25.073315499516795],[121.79958097924373,25.074034584860268],[121.79917502390782,25.074749565087789],[121.79842401277793,25.075611522330856],[121.79808000214226,25.075957530091895],[121.79770399805466,25.076187531228474],[121.79673202787194,25.076503514174441],[121.79582404517159,25.077192563445248],[121.79511498061582,25.077327562767334],[121.79435004748528,25.077064494763],[121.7933820202251,25.076763513219142],[121.79211999777915,25.076300496683906],[121.79088302404799,25.076081560355473],[121.78923402031496,25.075600527988438],[121.78832503596283,25.075401504938394],[121.78819902741759,25.075027570764352],[121.78791600671451,25.07468653020895],[121.78741405079046,25.074514572963139],[121.78694300174529,25.074370549887334],[121.78662898495141,25.074142518776029],[121.78552901867047,25.072942572956137],[121.78512105041224,25.072800542851663],[121.78480702082142,25.072571523740542],[121.78416501273294,25.072229572731104],[121.78333196806086,25.071947586408829],[121.78204798932111,25.071421565445249],[121.78113601325845,25.071259527901734],[121.77962998701638,25.071004517934202],[121.77890805636594,25.07083450706023],[121.77837604579614,25.07118057356082],[121.77774800213072,25.071092493578728],[121.77696404760137,25.070695548644725],[121.77658702417163,25.07060958112007],[121.77578404314475,25.070123526903632],[121.77482901992519,25.069065567456921],[121.77451403661566,25.068550512278215],[121.77385405142125,25.067748498274049],[121.77341404282635,25.067319498472898],[121.77287897292574,25.066604504883603],[121.77272097384622,25.065801511605798],[121.77237505322606,25.065002559762444],[121.77234305141006,25.064657557404256],[121.77190301428502,25.063569543188546],[121.77155700389962,25.063198553061305],[121.77111798768898,25.06331351929428],[121.77023999066203,25.063487538687646],[121.76973802881113,25.063487519176199],[121.7685769972357,25.062715544571851],[121.76807398383313,25.062115574460709],[121.76738405401522,25.06185956845075],[121.76694398651328,25.061229555806619],[121.76606498504601,25.06022758059034],[121.76571905234786,25.059969526975536],[121.76474605603228,25.059455570339555],[121.76446398377736,25.059226518803698],[121.76458804926173,25.05865454632287],[121.76433601515807,25.057823585935743],[121.76364505763706,25.057280537385282],[121.76254697616194,25.05685253948139],[121.76217099465218,25.057112504760564],[121.76204698390961,25.057455510439926],[121.76148303168412,25.057858559453209],[121.76057400848032,25.057914585986644],[121.76013503987927,25.058289533571585],[121.75966501869577,25.058546543393945],[121.75947697795267,25.059035501976183],[121.75919605544379,25.059294532235032],[121.75866205222808,25.059437566885506],[121.75824804757443,25.059076552585584],[121.75743200243781,25.059272578639899],[121.75696402007837,25.059211578873466],[121.7562169865855,25.058718534353559],[121.7549690603646,25.058020558898576],[121.75390497050891,25.058014500285012],[121.7528760205085,25.05754850929814],[121.75228104024576,25.057600546346539],[121.7512820575149,25.057222522712681],[121.75069098025966,25.056760530580945],[121.75007000857183,25.056181498715205],[121.74951198341779,25.055520536789629],[121.74851197912763,25.055225546910187],[121.74801701012956,25.054620496438872],[121.74798998246021,25.054047493292984],[121.74780503896569,25.053732513162355],[121.74711702100981,25.05369750993961],[121.74596401795382,25.053001513974714],[121.74424103998477,25.053131494183557],[121.74380299896431,25.053014520269397],[121.74349399647083,25.052553520321609],[121.7430570267345,25.052464524151574],[121.74252000692343,25.052948523953219],[121.7420520348382,25.052801539702127],[121.74164499505052,25.05276952066049],[121.74120498490721,25.052966555749684],[121.74020298215652,25.052931561238648],[121.73966804432048,25.053243541399883],[121.73944500240668,25.053700515989281],[121.73903605478509,25.053925565058879],[121.73815604734237,25.054320525962819],[121.73771404950294,25.054661561905622],[121.73715101045826,25.054571547768305],[121.73593304257835,25.054103575980264],[121.73505698759423,25.054039558199417],[121.73399602087444,25.053629588772438],[121.73299600823323,25.053366553091564],[121.73218803967829,25.05255749628019],[121.7313409902265,25.052722570924011],[121.73024304846095,25.052858529211811],[121.72992501329726,25.053110536663603],[121.72933799245909,25.052449537847398],[121.72899806330727,25.051902531997008],[121.72772198681831,25.05080557632358],[121.7270750370558,25.049540568691498],[121.72663999168797,25.049135513293226],[121.72614104611824,25.048930552650667],[121.72573603062658,25.048670522825539],[121.72492405575527,25.048320563090417],[121.72382904536276,25.048226585509873],[121.72301404244371,25.048220528190125],[121.72161099972473,25.047351562972352],[121.72126899435692,25.047061501154218],[121.72099003816248,25.046771498150076],[121.72074198772442,25.046484509816271],[121.72043298532589,25.045937509868391],[121.71937801367019,25.044755525294903],[121.71838201812932,25.043945509085123],[121.71817005506405,25.043199588536403],[121.71773503473187,25.042706538995962],[121.7161780580544,25.041664561860884],[121.71615005321667,25.041290542821816],[121.71676704633478,25.040310569006493],[121.71623698622878,25.038455545994875],[121.71606305432221,25.036907503191575],[121.71575606054013,25.036159500011152],[121.71344999373333,25.034649517005533],[121.71332899645375,25.03413554792213],[121.71305106709877,25.033703502405181],[121.71270904995579,25.033470575880489],[121.71145504108377,25.033460516677877],[121.71029300380506,25.033736573441132],[121.70903899933911,25.03378554262191],[121.70816105970935,25.033749548318426],[121.7077230266386,25.033717506829198],[121.70587698680983,25.033272588681651],[121.70547100717972,25.033098543702557],[121.70359906981312,25.032165541396626],[121.7027270206388,25.031528531724142],[121.70298401515572,25.030900533245639],[121.70346804808692,25.029327513708477],[121.70442302307075,25.027587563399241],[121.70484605402108,25.025869552979749],[121.70488200158104,25.025440517082131],[121.70510505481064,25.02498350279906],[121.70564006351132,25.024730505473265],[121.70583905202128,25.023585515053998],[121.70578698686825,25.022439572256975],[121.70579906403117,25.021121576806728],[121.70571005342285,25.020577558340655],[121.70546199847472,25.02020151591427],[121.70490403362047,25.019509589798336],[121.70456298854047,25.019192567857367],[121.70433806555,25.018801517690637],[121.70441400822401,25.01827449980788],[121.70460498884567,25.017903512455696],[121.70511007213179,25.017592518421893],[121.70636505125577,25.01740353849916],[121.70673301636967,25.014855581848494],[121.70727498511121,25.013885574770757],[121.70939205114234,25.01195452743902],[121.71033503576746,25.011590587499171],[121.71125199028167,25.010680534606855],[121.71322201424827,25.007462529075656],[121.71357601523854,25.006404549791242],[121.71382999237872,25.00609156620952],[121.71439399959847,25.006009593053779],[121.71539198789607,25.006476541932017],[121.71658102213043,25.006658533576108],[121.71776804831205,25.007156526765108],[121.71829899163806,25.007302568323862],[121.71867498515888,25.007334527146995],[121.71933299203914,25.007254501355465],[121.72002003650036,25.007547518005261],[121.72104298809477,25.008643525656218],[121.72167098910691,25.008505582749173],[121.72220903019677,25.007823558487935],[121.72243197772299,25.007395501617243],[121.72270003983874,25.005403533335812],[121.72243106263406,25.003843581737499],[121.72225101273999,25.002984554513898],[121.72219203121229,25.002582522691842],[121.72214005366457,25.001349525582619],[121.72189304935836,25.000946513944509],[121.72098704922291,25.000767531977903],[121.7208410209677,24.999591515314254],[121.72119004030738,24.999022542536505],[121.72141403663254,24.99853651805828],[121.72171798282967,24.998212545687789],[121.72240204845154,24.997750557419419],[121.72279199255586,24.997392566969157],[121.72318500738243,24.996859584139241],[121.72352402717891,24.996429523899899],[121.72409197827353,24.994797509813402],[121.72494704451437,24.992804568599809],[121.72512803836432,24.992083549917218],[121.72549200257751,24.991436577965015],[121.72572901682825,24.991004575283046],[121.72625204482091,24.990494509589027],[121.72679699270634,24.989726573342036],[121.72689999889226,24.989222528647623],[121.72528499085693,24.987600526807597],[121.72483403429514,24.9869795711429],[121.72470104236906,24.986382593285537],[121.72469900906604,24.986021550017362],[121.7248489984902,24.984849503986723],[121.72476500327024,24.983843561156007],[121.72444302892826,24.983147565491052],[121.72359900042166,24.982411581039777],[121.72315102506751,24.982295572688948],[121.72249602216857,24.982319525240374],[121.72199303186626,24.982229596727031],[121.72167801258826,24.981991587104591],[121.72128002001779,24.981607529446872],[121.72099099586723,24.981204542094698],[121.72085399839131,24.980675569652945],[121.72077300676735,24.980221542145273],[121.71919599506265,24.980109533935085],[121.71845702572877,24.979923597079711],[121.71766501258193,24.979397503539047],[121.7171879873931,24.979017523249688],[121.71734201751403,24.978516592860981],[121.71742202509307,24.977985574125778],[121.71804500288226,24.977289521601012],[121.7183880002187,24.97676157144657],[121.71846104083288,24.975946553747335],[121.71829999526263,24.975252565874523],[121.71837705069851,24.974890585705573],[121.71879500485271,24.974624562887911],[121.71958205739526,24.974359568387133],[121.72024001519645,24.974189531077325],[121.72105104335994,24.973946521449097],[121.72228899205011,24.974276576706231],[121.72344905607828,24.974794514122287],[121.72416104219445,24.975007573211574],[121.72468599021813,24.975005561243865],[121.72577001525208,24.974717584592607],[121.72681503545851,24.974757535581066],[121.72800198653968,24.975133560800188],[121.72889504783342,24.974936519165002],[121.72942100129096,24.975006536658686],[121.72984204520216,24.975101534177735],[121.73026305837942,24.975315523374679],[121.73084598273665,24.97566957942384],[121.73126604267861,24.975789574225342],[121.73197598102414,24.975833581018353],[121.73276504925587,24.975926584039478],[121.73331902748238,24.97596853982698],[121.73389800735886,24.976327558543336],[121.73458398606662,24.976229561383409],[121.73518603282238,24.975959506947312],[121.73557703181118,24.97576852422452],[121.73597298964258,24.97567157436308],[121.73647499873734,24.975669545701592],[121.73686906238741,24.975951564580129],[121.73687400545035,24.97664656685961],[121.73695404154802,24.977079565304297],[121.73698404620518,24.977440557282886],[121.73740405973012,24.977483539181637],[121.73785402882257,24.977890577750181],[121.73806798206317,24.97834258521269],[121.73849198677642,24.978916516945592],[121.73875801168585,24.979537553795851],[121.73925502734265,24.979366515915601],[121.73965002715329,24.979052524291536],[121.74022802431205,24.979336582670573],[121.74078199937765,24.97943052200014],[121.74141205245034,24.979213588552017],[121.74199400062815,24.979327512671539],[121.74246598927613,24.979616517932055],[121.74280404861442,24.979084565757827],[121.74280204438718,24.978725503912912],[121.74319601377424,24.978292514830905],[121.74332301645816,24.977838534784141],[121.74342500379989,24.977260553809884],[121.74358302619241,24.976760562183905],[121.74418798733201,24.975908559026625],[121.74464100622419,24.975748557822371],[121.745094053301,24.975648510419795],[121.74598701074581,24.975571533264471],[121.74648000768013,24.975472543571922],[121.74717098837264,24.975055558778493],[121.74775598565515,24.974687596676475],[121.74815501087095,24.974491558480061],[121.74842102890732,24.974453558969454],[121.74908901083222,24.974572547332659],[121.74975098152649,24.974950584587088],[121.75078004564415,24.975832565548028],[121.75112704597768,24.976069544572034],[121.75165502114136,24.976428561930742],[121.7519989759917,24.976835561446137],[121.75244697302163,24.977047547845018],[121.75320605775924,24.976907564424423],[121.75385000011444,24.976936528024204],[121.75438800642281,24.977064536419334],[121.75534102095271,24.977271531572931],[121.75594706311588,24.977555563997353],[121.75662198381295,24.977563510974807],[121.75702402113356,24.977218551146539],[121.75762697935183,24.977093513877101],[121.7582270311304,24.977065537994466],[121.75867700173194,24.97691851185051],[121.75933403706783,24.977495532667461],[121.75964599040294,24.97795458757377],[121.76058400467215,24.978615575863724],[121.76158705906809,24.978732516853441],[121.76214998941718,24.97899353794892],[121.76365004753823,24.980571570980189],[121.76405698372899,24.980716573923861],[121.76515498853378,24.980175524720487],[121.76659797302321,24.979721528284834],[121.76782003716357,24.979582514846442],[121.76872798811341,24.979814564704508],[121.76963702803096,24.979787556447036],[121.77020200388515,24.979531565418391],[121.77111102537853,24.979477559455169],[121.77154903096667,24.979822543349975],[121.77204805413936,24.980596514679686],[121.77270502030409,24.981087512498032],[121.77298604015596,24.981345541456996],[121.77320501778934,24.981716565441864],[121.77335904467377,24.982463530257121],[121.77370301965023,24.982806549380498],[121.7742339780543,24.983525548309078],[121.77454604061002,24.984041537376786],[121.77501298773785,24.985246520396604],[121.77552704293802,24.985374576770553]]]},"properties":{"OBJECTID":15,"COUNTYNAME":"新北市","TOWNNAME":"平溪區","TOWNID":"F19","TRANSP":50,"CODE":" ","INDEXCODE":"1000124","Shape.STArea()":70880827.833007813,"Shape.STLength()":44239.356745852245}},{"type":"Feature","id":16,"geometry":{"type":"Polygon","coordinates":[[[121.4479609503617,25.06241952800119],[121.44759493716482,25.062668573928331],[121.44694095544227,25.063115576372585],[121.44604295628189,25.0636755441598],[121.44528296434476,25.063995562961946],[121.44518894168299,25.064427508617623],[121.44510795108511,25.066266514659016],[121.44497794020172,25.069113565976622],[121.44419297586717,25.069023545375071],[121.44380698944553,25.068909588429815],[121.44343699495366,25.068833583889308],[121.44305493485697,25.068721505539571],[121.44303594430083,25.068211513756658],[121.44266292349475,25.06763557024583],[121.442350966874,25.067347580995939],[121.44165693632839,25.067717581273101],[121.44099595600488,25.067797552683132],[121.44058795859463,25.06765258867053],[121.44056192204266,25.067047534847699],[121.43961693020346,25.067244550852454],[121.43915795582096,25.067065504541553],[121.43877597733402,25.066262520843566],[121.43893695407581,25.065774560242282],[121.43863096125541,25.065026516831001],[121.43768999296009,25.064419558698013],[121.43671096229248,25.065017546250424],[121.43585699780486,25.06612358149636],[121.43498691837442,25.066536495202172],[121.43437198811003,25.066524573637441],[121.43358997863189,25.066409578511198],[121.43289099583167,25.06609749946146],[121.43237295364543,25.066065510943396],[121.43195296893749,25.066181580301407],[121.43217498419357,25.067454560432758],[121.43184396885788,25.06797153748597],[121.43158700277445,25.06860250174131],[121.43101792912509,25.068971546739935],[121.43019896723868,25.069139519736087],[121.42566997285046,25.069111584702153],[121.42453798777706,25.069103538104535],[121.42387695531141,25.069242571545306],[121.42217894011198,25.069232515226901],[121.4208279679408,25.069024541570506],[121.42035694892422,25.068905505538698],[121.4197910023653,25.068902503414435],[121.41855900212947,25.06958353316071],[121.41748796487998,25.069807564157802],[121.41714095744153,25.069948585944285],[121.41650793979974,25.070374547857671],[121.41578294252312,25.070484565740493],[121.41552895486265,25.070858533724927],[121.4147319697495,25.072200578523276],[121.41419296430477,25.072628525895464],[121.41207193219941,25.0740315799085],[121.41178297805202,25.074373591359695],[121.41065097968084,25.075281511429456],[121.41013095298396,25.075474553429871],[121.40864995411104,25.075867509057922],[121.40798592751148,25.075612564464009],[121.40720596478901,25.075729553217219],[121.40623600433192,25.075732563971027],[121.40548699758313,25.075616523825182],[121.40511095552186,25.075414570806597],[121.40451399808831,25.075267576575389],[121.40397893607992,25.075291521046719],[121.40309699507949,25.075429537695999],[121.40253297810519,25.075225565077091],[121.40199796467945,25.075192521121981],[121.4009259920946,25.075502501104847],[121.40021399192824,25.07547552882469],[121.39918995862669,25.076051534953312],[121.3985299308068,25.076470544444362],[121.39805496398421,25.076169517677386],[121.39866092575365,25.075488548448856],[121.39894600509383,25.075173588461531],[121.39945298707568,25.074689531355514],[121.3994259822765,25.074202572308774],[121.39952399784465,25.073741547811807],[121.39924395815478,25.07331153201072],[121.39912294778368,25.072706547770935],[121.39937894300023,25.072277537507265],[121.39916396262144,25.071586577185279],[121.39938799254647,25.071186533876915],[121.39936399414889,25.070238540117696],[121.39914999314995,25.069519502057549],[121.39915496493174,25.068887554699607],[121.3988439629635,25.068513506187379],[121.39843695257119,25.068252580200934],[121.39887894740087,25.068053558430559],[121.39953700816429,25.068374572744389],[121.40028495726177,25.069211546492053],[121.40050296694646,25.069500509558154],[121.40068893773403,25.069815576999186],[121.40115795693674,25.070107581880279],[121.4017899590924,25.069880493025448],[121.40203896159177,25.07016857450142],[121.40184299963558,25.071002568850218],[121.4015459760713,25.071632518343954],[121.40215296763745,25.071606496546408],[121.40307296581882,25.070635549770191],[121.40363798229167,25.070753565419501],[121.40427193842713,25.07012657857635],[121.40486999346666,25.070244575420581],[121.40587599943527,25.070250492791025],[121.40607197649223,25.069333518234551],[121.40623300241306,25.068874586608928],[121.40598392291346,25.068615507215121],[121.4055779855393,25.068239563097254],[121.40454194342816,25.067945511480549],[121.40318893007982,25.068023490072342],[121.40288092671589,25.06721858398268],[121.40256897310742,25.06692851763809],[121.40285396615486,25.066672587236464],[121.40335994955689,25.066418578561173],[121.40339394252034,25.066016511093189],[121.40408696624522,25.065906552342771],[121.40532193737974,25.06496552085315],[121.40566900103006,25.064795544256938],[121.40583299956262,25.064050560144878],[121.40564798747251,25.063531532152833],[121.40533597535737,25.063243551698982],[121.40470800851661,25.063093577918718],[121.40379895696174,25.062744551218877],[121.40369893258418,25.063404579554831],[121.40366099479499,25.064178554046219],[121.40303294753225,25.064004560343637],[121.40284697241404,25.063657535887138],[121.40240796419205,25.063568523200829],[121.40181094345064,25.063506574471141],[121.40118300118286,25.06338855802829],[121.40061797620982,25.063184579960467],[121.40020895115406,25.063181533587425],[121.40014099752777,25.063754512163843],[121.40051497111327,25.064189508189575],[121.40060699696512,25.064534543798953],[121.40019695642106,25.064646523475627],[121.40003392049063,25.065276550694623],[121.39971793038866,25.065475501226867],[121.39908793134076,25.065558545052646],[121.39870997803982,25.065613566012857],[121.39836297401244,25.065754530531311],[121.39792299195186,25.065665507262608],[121.39726198090621,25.065716579199172],[121.39612500294848,25.066256567809283],[121.39489396805605,25.066736575598604],[121.39510998557741,25.067225569279422],[121.39573994685668,25.067230575953424],[121.39642993463949,25.067493552881167],[121.3966779985733,25.067925552286912],[121.3962969866346,25.068353555734102],[121.3955709525433,25.068578512781837],[121.39625594318917,25.069472543163556],[121.39662897208339,25.06999152202954],[121.39687493376684,25.070710579489436],[121.39699693154863,25.071170547545258],[121.39698997545592,25.072032571760158],[121.39711298789986,25.072377513703117],[121.39685794285815,25.072721562656838],[121.39651098616764,25.072862535438144],[121.39616300076489,25.073088554473181],[121.39581800263872,25.072943564446138],[121.39541295091018,25.072510532280536],[121.39491194381249,25.072191516247447],[121.39350196195547,25.071549503372324],[121.39309593384411,25.071088569355116],[121.39250196749926,25.07073953505876],[121.3922199826555,25.070510586772571],[121.39206598548985,25.070136562313284],[121.39206998229075,25.069617560677866],[121.39138101072496,25.069239524059387],[121.39026398271682,25.069359568893574],[121.38974600796379,25.069144503741789],[121.38981494378702,25.068397529255677],[121.389754959607,25.067995534349453],[121.38918995996433,25.067905553050693],[121.388276972771,25.06795750904606],[121.38852499757837,25.068390530859297],[121.38848698665605,25.069193586309527],[121.38835593122317,25.069767544449014],[121.38772495838607,25.07002155161771],[121.387470937977,25.070306531566491],[121.38746500374039,25.070968561530794],[121.38714699436797,25.071395569241595],[121.38698493993957,25.071969506708506],[121.38795792478678,25.072262584348135],[121.38784692940007,25.07250656702427],[121.38713398141489,25.072691531758586],[121.38637999616834,25.072857555897556],[121.38600495077392,25.072594520145998],[121.38572494826786,25.072191557275939],[121.38585297538036,25.071848575980194],[121.38569899901248,25.071444578480993],[121.38576994113828,25.070525507575731],[121.38555196693785,25.070237506579133],[121.3849839576516,25.070520497794355],[121.38450496692728,25.071294538370466],[121.38406195619199,25.071547500517301],[121.38324496706288,25.071486500504026],[121.38273095399602,25.071569541413336],[121.38223695243124,25.07156855624584],[121.38179797453634,25.071596499530894],[121.38123295836922,25.071737543296525],[121.38073097206093,25.071908566525998],[121.3801669623511,25.071851516658423],[121.37844099576836,25.07193258388553],[121.37800100391092,25.072190577942585],[121.37752997179582,25.07261857331298],[121.3771539761666,25.072332500109617],[121.37727998222621,25.071986542803206],[121.37806695870219,25.07127449865887],[121.3787889274749,25.071017500552863],[121.37910298844321,25.070675576737546],[121.37963695821843,25.070647588150301],[121.38007594639527,25.070704506106928],[121.38048401452342,25.070649568973728],[121.3809540023269,25.070449544464466],[121.38136298376935,25.070135535681111],[121.38183399038071,25.070077544151943],[121.38230497380015,25.069936551632178],[121.38268093782496,25.069680526420001],[121.38293496958019,25.068763505978644],[121.38242799146822,25.068477519248802],[121.38299995641755,25.068020516814435],[121.38312698015103,25.067331550049687],[121.38268897564326,25.066901543863313],[121.38290995957544,25.06653149980578],[121.38275495922539,25.065899510306121],[121.38137498681363,25.06601150137454],[121.38080995898017,25.066010504982366],[121.38011898389699,25.065894540049587],[121.38024593801835,25.06546551301177],[121.38022896257733,25.06476156826588],[121.38118999264134,25.064436584358386],[121.38228792516742,25.064180496087296],[121.38238292954001,25.063837514846199],[121.3831889747014,25.062871586213571],[121.38372400205833,25.062874529978416],[121.38466694985368,25.063023512607984],[121.38585994222089,25.063291555066279],[121.38633298610615,25.063265503913531],[121.38699799402978,25.062695566994098],[121.38746996669764,25.062668519224967],[121.38806495118199,25.063045545664913],[121.38797499282236,25.062470550703072],[121.388074952403,25.06181152805301],[121.39011999496205,25.061794515922841],[121.39056098415263,25.061770516347799],[121.39097094621528,25.061629580312047],[121.39076497629082,25.060973530547678],[121.38886995186087,25.060755572379364],[121.38849793832782,25.060148536403354],[121.38780696877981,25.059942580637422],[121.3875259693025,25.059681560256749],[121.38784295395928,25.059484537817884],[121.38954395484629,25.059263558408716],[121.38989199189614,25.059009569049397],[121.38948596091073,25.05860450828736],[121.38860600192031,25.058482570427852],[121.38845401422763,25.057907548102182],[121.38861593101224,25.05730650505205],[121.38763896424227,25.05750155890323],[121.38643992644387,25.057924544625298],[121.38599696512728,25.058150509099058],[121.38562292671396,25.057831584383685],[121.38565793118357,25.057314582292914],[121.38597798240573,25.05665652724511],[121.38642299720054,25.056199576877749],[121.38718097295452,25.055802588273298],[121.38746795706612,25.055402574831902],[121.38678498307429,25.05419255974823],[121.38597497785598,25.053296549354297],[121.38468795486639,25.052915518599931],[121.38484793444647,25.052572555803753],[121.38535200106504,25.052575575241015],[121.3866699879672,25.052870555090696],[121.38764196910951,25.053337536866628],[121.38821096377809,25.053082506885087],[121.3893070040271,25.053635560312923],[121.38937499048859,25.053032517939705],[121.39044294266023,25.053183570981282],[121.39081695689346,25.053674577233945],[121.39153996096564,25.053679534503566],[121.39141094867405,25.054137559083784],[121.39244994485136,25.053970581280389],[121.39317495985627,25.053889559833685],[121.39424898547203,25.053351563921446],[121.39645693898871,25.052562505948242],[121.39686894413909,25.052306512203394],[121.39866892863225,25.051484572301845],[121.39932799586275,25.051690562909886],[121.40011495010488,25.05157955092664],[121.40058698540035,25.051611512295533],[121.40040100711468,25.051208498421069],[121.40024692864175,25.050890543082701],[121.40025196292892,25.05017254100893],[121.40034999706228,25.049800556877319],[121.39997397455974,25.049654573895552],[121.39946695800697,25.050023508835615],[121.39880394760452,25.050337519099848],[121.3983969288267,25.050162544605691],[121.39849601096438,25.04953052012517],[121.39871998655784,25.049073595997829],[121.39878700060282,25.048612565332661],[121.39825000105058,25.048811564238274],[121.39764998505755,25.049094512352251],[121.39717494627006,25.049493509871755],[121.3966080007345,25.049634528118343],[121.39619999428449,25.049430566995643],[121.39569595496651,25.049483558014558],[121.39512697805104,25.049911516988768],[121.39487094602309,25.050397503281037],[121.39455795272468,25.050195543014663],[121.39418192932439,25.050047566347978],[121.39440693808908,25.049475521152655],[121.39456994605155,25.048760517371868],[121.39425992771281,25.048210576924603],[121.39420097038119,25.047693543794121],[121.39436099557476,25.047379541254468],[121.39476896891733,25.047524545483409],[121.39501799210792,25.047786545066018],[121.3956419760808,25.048479579021699],[121.39604994485333,25.048625575482678],[121.39686900215142,25.048514597237872],[121.3971549797896,25.048143550114769],[121.39816097444454,25.048150518270372],[121.39954895692051,25.047757540657159],[121.3995199693844,25.047412535277118],[121.39892796201043,25.046804564878894],[121.39792292364591,25.046481587481185],[121.39754999244801,25.045993571502056],[121.39836794936576,25.046027590676179],[121.3987789455972,25.045741526893593],[121.39949995202856,25.046003513454373],[121.39963094565205,25.045459510909563],[121.39985393426052,25.04503057406437],[121.40029400994722,25.0451195038295],[121.4007499666765,25.045221568791092],[121.40112095400504,25.045304527021262],[121.40148695378805,25.045386526365071],[121.40244393683668,25.04546754441721],[121.4029010014256,25.045653571774888],[121.40494894275025,25.045206562657544],[121.40674594085327,25.044643575781311],[121.4080999354599,25.044597510606749],[121.40914195053575,25.044086586547838],[121.40948993627272,25.043771507655098],[121.40990495127353,25.043084511301839],[121.41025196878032,25.042916516816451],[121.41047796854691,25.042227517259285],[121.40969894423809,25.041333530889425],[121.4099529444568,25.041046520424523],[121.41079697256438,25.041626558544301],[121.41083498058885,25.040938532123239],[121.41146497469467,25.040798559263983],[121.41184300809778,25.040742523075203],[121.41193993044807,25.040369537614165],[121.41178600955591,25.040024515274808],[121.41147497178956,25.039533562999019],[121.41179293338973,25.039162576268573],[121.41248400262552,25.039223506505238],[121.41295596581902,25.039197538741387],[121.4132729773534,25.038912516080448],[121.41322099664929,25.03745058857794],[121.4127959933233,25.035580594099219],[121.41289397488369,25.035207503769708],[121.41358894227461,25.034781560600617],[121.4143449300775,25.034612506400901],[121.41509895492038,25.034761560237524],[121.41572499786119,25.035082506552666],[121.41616694063778,25.03491152163927],[121.4167649232147,25.03488753540692],[121.4175909692481,25.03380255738557],[121.41825293150661,25.03360359161876],[121.41822500657699,25.033202500022],[121.41782698867347,25.031907511208921],[121.41731599239979,25.031234558287871],[121.41707994872348,25.030925526852666],[121.41698894111583,25.030551526685016],[121.41739894796007,25.030410519217476],[121.41793393128732,25.030327566235091],[121.418405957385,25.030330576244992],[121.42115396098578,25.028856580239204],[121.42159494070965,25.028744544278773],[121.42297495225441,25.029185582401535],[121.42614292908611,25.030208554365039],[121.42585694856527,25.030609535670095],[121.42414696841919,25.03200552864465],[121.4243969874186,25.032266569048328],[121.425493993643,25.032702514493494],[121.42639795455986,25.033828553768195],[121.42851693793095,25.036081533719734],[121.4295130005579,25.037351571126951],[121.42988697735751,25.037757523988567],[121.43085092936745,25.03914049868202],[121.4311939948104,25.039516557838372],[121.43203596275711,25.040297569387921],[121.43269695134177,25.040938515606676],[121.43315197225085,25.040747578477564],[121.43363199527076,25.040454546012107],[121.43449199428125,25.039969516163939],[121.43535197391469,25.039461552600475],[121.43597797231007,25.039145509024525],[121.43657598350916,25.039238558897139],[121.43685097776834,25.039867515759472],[121.43703200197243,25.040758514638508],[121.4372429952907,25.041850589579397],[121.43748295632727,25.043290549305297],[121.4378309234916,25.043061546104003],[121.43937996683037,25.042036520349978],[121.4400739744226,25.041698579145038],[121.44117593540723,25.041588586650981],[121.44153799780663,25.041707503515099],[121.44206593267471,25.041881558480991],[121.44197099041766,25.044836586820463],[121.44177392759667,25.045412502907958],[121.44116794880621,25.046069544475984],[121.44069598360858,25.046580527674969],[121.44018793152678,25.04715258433605],[121.44122295248668,25.04750453423809],[121.44188195579585,25.047594581380636],[121.44209998926584,25.047939569120469],[121.44091898348761,25.05005757488583],[121.44075893144162,25.050401516779754],[121.44107097184154,25.050745508270541],[121.44074996345429,25.051548507330715],[121.44071400467818,25.05200854215559],[121.44023996795283,25.052407509565757],[121.43964292627028,25.052259571377661],[121.43970197265453,25.052747499766276],[121.43979299322308,25.053236519722788],[121.43975793798126,25.053609515740774],[121.43931294979424,25.054267510099265],[121.43873897780755,25.055180512182933],[121.43876596514349,25.055756568909725],[121.43954400379323,25.056794507220594],[121.44004396097421,25.057084582428317],[121.44110992735848,25.057521571819059],[121.44164292476742,25.057698588741872],[121.44252199218357,25.057876552814641],[121.44377199993451,25.058743566839016],[121.44427497994018,25.058891504810383],[121.44420793178664,25.059408526419759],[121.44467796333787,25.059668506789766],[121.44505694971616,25.059412580363507],[121.44537497159419,25.05898454109489],[121.44578198071672,25.059245526724393],[121.44599794965404,25.05964657606355],[121.44659797944001,25.059365514575056],[121.44697494429633,25.059366536370906],[121.44705899001825,25.060629542098184],[121.44746800006324,25.060718512974343],[121.44772893940288,25.060914551453461],[121.44774499987648,25.06135249736198],[121.44784597649794,25.061918592447068],[121.4479609503617,25.06241952800119]]]},"properties":{"OBJECTID":16,"COUNTYNAME":"新北市","TOWNNAME":"泰山區","TOWNID":"F06","TRANSP":50,"CODE":" ","INDEXCODE":"1000116","Shape.STArea()":17968883.04119873,"Shape.STLength()":36477.430650639966}},{"type":"Feature","id":17,"geometry":{"type":"Polygon","coordinates":[[[121.43008194458565,24.995162587938477],[121.43087497146004,24.996059600139375],[121.43100494651664,24.998229544749346],[121.43167901117776,24.999051575109583],[121.43300296442037,24.999788572085244],[121.43503495580745,25.000051524705704],[121.43544391874762,25.000025583656509],[121.43597797713069,25.000113591061115],[121.43635399062275,25.000288555904898],[121.4365389576582,25.000692514169444],[121.4366870000365,25.00184356663738],[121.43666897632923,25.003635532283873],[121.43688097848228,25.006555543651906],[121.43724498441075,25.008039579204823],[121.43790591870859,25.009007529846542],[121.43800595805961,25.009975515172428],[121.4378099658618,25.010640543396782],[121.43796299197011,25.011156551835896],[121.43848996979777,25.012136547290776],[121.43942194825507,25.013522568387906],[121.44318499315817,25.018657507145488],[121.44569498945158,25.023125527085224],[121.44727999709359,25.025461543252881],[121.4476220008509,25.025923533601045],[121.4483999407848,25.026875555233634],[121.45132796118011,25.030225588111939],[121.45188998960988,25.03074557107184],[121.45342093464257,25.031902580157972],[121.45482697727273,25.032887509318591],[121.4554839774475,25.033293526628594],[121.46240095464077,25.037183531159393],[121.46359092803239,25.037648517057132],[121.46626893136884,25.03851658314241],[121.46617892370881,25.040220555347471],[121.46645297747976,25.041314557660382],[121.46641796125706,25.041829583876542],[121.46622397912107,25.042518564767434],[121.46605995866825,25.043263525143246],[121.46586692893793,25.043835574585504],[121.46633099450047,25.044813579354024],[121.4665119472847,25.045733521647197],[121.4669769625243,25.046483543532275],[121.46734492358581,25.047633586068418],[121.46717997921563,25.048609516726518],[121.46745597781461,25.049500529220776],[121.46779293912647,25.050708531554999],[121.46791095882425,25.051712553304917],[121.46850192730523,25.052491508620825],[121.46868699721236,25.052895521929699],[121.46861894733476,25.053554582878952],[121.46785492274047,25.054698528936058],[121.46743594706581,25.056072527939016],[121.46723695920734,25.057278521859004],[121.46741699699841,25.058340577521101],[121.46725597130245,25.058885537519977],[121.4662069585755,25.06034358097466],[121.46582297499194,25.061145568144486],[121.46569398004898,25.061518509802653],[121.46609694470497,25.064737513001905],[121.46475297383273,25.065520575559198],[121.46424596284943,25.06754952232993],[121.46366095109499,25.067975534361643],[121.46280992916408,25.068474514491157],[121.4620369407135,25.068943532739571],[121.46019298913049,25.069987502521574],[121.46004493549944,25.069943541278167],[121.45964598648875,25.069492519226106],[121.45902895304273,25.068749543200479],[121.45872994359461,25.068416561742964],[121.45808898141796,25.067696509282033],[121.45574892359359,25.06527455052105],[121.45437995535447,25.063647555187302],[121.45354293406852,25.063645510739292],[121.45333196920789,25.063702505804027],[121.45275098937823,25.064138564538329],[121.45204797132108,25.063294507651676],[121.45157397174684,25.062719537525702],[121.45127596587815,25.062382589352115],[121.45086497678624,25.06188751111905],[121.45078998911937,25.061661565234576],[121.4509250072928,25.061446535038947],[121.45097397275245,25.061175514524283],[121.45064198292805,25.060824568020497],[121.45008896886145,25.060860550281852],[121.44913897703961,25.061571574104587],[121.44831896309289,25.062156518957156],[121.4479609503617,25.06241952800119],[121.44784597649794,25.061918592447068],[121.44774499987648,25.06135249736198],[121.44772893940288,25.060914551453461],[121.44746800006324,25.060718512974343],[121.44705899001825,25.060629542098184],[121.44697494429633,25.059366536370906],[121.44659797944001,25.059365514575056],[121.44599794965404,25.05964657606355],[121.44578198071672,25.059245526724393],[121.44537497159419,25.05898454109489],[121.44505694971616,25.059412580363507],[121.44467796333787,25.059668506789766],[121.44420793178664,25.059408526419759],[121.44427497994018,25.058891504810383],[121.44377199993451,25.058743566839016],[121.44252199218357,25.057876552814641],[121.44164292476742,25.057698588741872],[121.44110992735848,25.057521571819059],[121.44004396097421,25.057084582428317],[121.43954400379323,25.056794507220594],[121.43876596514349,25.055756568909725],[121.43873897780755,25.055180512182933],[121.43931294979424,25.054267510099265],[121.43975793798126,25.053609515740774],[121.43979299322308,25.053236519722788],[121.43970197265453,25.052747499766276],[121.43964292627028,25.052259571377661],[121.44023996795283,25.052407509565757],[121.44071400467818,25.05200854215559],[121.44074996345429,25.051548507330715],[121.44107097184154,25.050745508270541],[121.44075893144162,25.050401516779754],[121.44091898348761,25.05005757488583],[121.44209998926584,25.047939569120469],[121.44188195579585,25.047594581380636],[121.44122295248668,25.04750453423809],[121.44018793152678,25.04715258433605],[121.44069598360858,25.046580527674969],[121.44116794880621,25.046069544475984],[121.44177392759667,25.045412502907958],[121.44197099041766,25.044836586820463],[121.44206593267471,25.041881558480991],[121.44153799780663,25.041707503515099],[121.44117593540723,25.041588586650981],[121.4400739744226,25.041698579145038],[121.43937996683037,25.042036520349978],[121.4378309234916,25.043061546104003],[121.43748295632727,25.043290549305297],[121.4372429952907,25.041850589579397],[121.43703200197243,25.040758514638508],[121.43685097776834,25.039867515759472],[121.43657598350916,25.039238558897139],[121.43597797231007,25.039145509024525],[121.43535197391469,25.039461552600475],[121.43449199428125,25.039969516163939],[121.43363199527076,25.040454546012107],[121.43315197225085,25.040747578477564],[121.43269695134177,25.040938515606676],[121.43203596275711,25.040297569387921],[121.4311939948104,25.039516557838372],[121.43085092936745,25.03914049868202],[121.42988697735751,25.037757523988567],[121.4295130005579,25.037351571126951],[121.42851693793095,25.036081533719734],[121.42639795455986,25.033828553768195],[121.425493993643,25.032702514493494],[121.4243969874186,25.032266569048328],[121.42414696841919,25.03200552864465],[121.42585694856527,25.030609535670095],[121.42614292908611,25.030208554365039],[121.42297495225441,25.029185582401535],[121.42159494070965,25.028744544278773],[121.42115396098578,25.028856580239204],[121.418405957385,25.030330576244992],[121.41793393128732,25.030327566235091],[121.41739894796007,25.030410519217476],[121.41698894111583,25.030551526685016],[121.41707994872348,25.030925526852666],[121.41731599239979,25.031234558287871],[121.41782698867347,25.031907511208921],[121.41822500657699,25.033202500022],[121.41825293150661,25.03360359161876],[121.4175909692481,25.03380255738557],[121.4167649232147,25.03488753540692],[121.41616694063778,25.03491152163927],[121.41572499786119,25.035082506552666],[121.41509895492038,25.034761560237524],[121.4143449300775,25.034612506400901],[121.41358894227461,25.034781560600617],[121.41289397488369,25.035207503769708],[121.4127959933233,25.035580594099219],[121.41322099664929,25.03745058857794],[121.4132729773534,25.038912516080448],[121.41295596581902,25.039197538741387],[121.41248400262552,25.039223506505238],[121.41179293338973,25.039162576268573],[121.41147497178956,25.039533562999019],[121.41178600955591,25.040024515274808],[121.41193993044807,25.040369537614165],[121.41184300809778,25.040742523075203],[121.41146497469467,25.040798559263983],[121.41083498058885,25.040938532123239],[121.41079697256438,25.041626558544301],[121.4099529444568,25.041046520424523],[121.40969894423809,25.041333530889425],[121.41047796854691,25.042227517259285],[121.41025196878032,25.042916516816451],[121.40990495127353,25.043084511301839],[121.40948993627272,25.043771507655098],[121.40914195053575,25.044086586547838],[121.4080999354599,25.044597510606749],[121.40674594085327,25.044643575781311],[121.40494894275025,25.045206562657544],[121.4029010014256,25.045653571774888],[121.40244393683668,25.04546754441721],[121.40148695378805,25.045386526365071],[121.40112095400504,25.045304527021262],[121.4007499666765,25.045221568791092],[121.40029400994722,25.0451195038295],[121.4002039871776,25.044631539077606],[121.39935493622973,25.044539560458393],[121.39901196850184,25.044219500105473],[121.39863697350775,25.043931585768007],[121.40137895856303,25.043202506404214],[121.40065898018511,25.042852581489967],[121.39946295438553,25.042959549363093],[121.39889397834025,25.043301570753172],[121.39832599113862,25.043440505442099],[121.39743995213227,25.044038528392381],[121.3969359728973,25.044150573052942],[121.39630600376799,25.044261502209462],[121.39586493173717,25.044317579418493],[121.3953599798903,25.044541579926623],[121.39485598676029,25.044624546826672],[121.39428896359233,25.044765544594675],[121.39378394603909,25.044762557701777],[121.39124200704677,25.044026538431883],[121.39099300031575,25.04373853731709],[121.39131296736274,25.043051576565713],[121.39226596515599,25.041909509502808],[121.39274100607051,25.041510528300435],[121.39454093131218,25.040688536615811],[121.39460796577521,25.040230584869033],[121.39439200294389,25.039768502930755],[121.39426894774353,25.039423556954905],[121.39480494295154,25.039254555121556],[121.39527596389024,25.039343492763564],[121.39571693553893,25.03928751881713],[121.39707499183304,25.038636509361762],[121.39801997236718,25.038584503066932],[121.39886695751588,25.038735546953895],[121.39918695013024,25.038048569261697],[121.39944199091933,25.037675532262011],[121.39991497273417,25.037563562705845],[121.40057296728884,25.037913558682437],[121.40114198335439,25.037571543433987],[121.40064399883562,25.036907540537829],[121.40014093633481,25.036818503880546],[121.40026993908518,25.03644552760883],[121.39989395337336,25.036272553874376],[121.39954998097716,25.03601154853494],[121.39986998112227,25.035381538036539],[121.39996799135325,25.034979574553081],[121.40034698270946,25.03472355983364],[121.40099896696684,25.034685515887322],[121.40003792125738,25.034089567081157],[121.39956994823518,25.033598557114491],[121.39938498434316,25.033195550612103],[121.39917093888342,25.032446529465346],[121.39923795289674,25.031958506960802],[121.39939799261072,25.03155655308915],[121.39895900377523,25.031381577437411],[121.39810697456487,25.031779521312746],[121.39747800405003,25.031746520190993],[121.39776499706157,25.031346587513248],[121.39761293928507,25.030627553916233],[121.39789894719756,25.030283507272099],[121.39875193440055,25.029829589869905],[121.39919294932261,25.029776568821411],[121.39969800145145,25.029578561872832],[121.40001493642966,25.029293567275211],[121.40026898785527,25.028920519544936],[121.40052394125087,25.028578544932099],[121.40137400687594,25.028441527612568],[121.40144094337641,25.028039558314049],[121.40103894803319,25.02717357543543],[121.40151694723022,25.026429562451568],[121.40199197048867,25.026031534030398],[121.4023709565331,25.025804510060105],[121.40306393611851,25.025694557812265],[121.4036629280739,25.025496547289112],[121.40391895721208,25.025010532432646],[121.40398400429727,25.024579583782156],[121.40461996354318,25.023837564592601],[121.40534598715914,25.023496531482259],[121.40575899512388,25.022982564641307],[121.40680299491224,25.022214588911901],[121.40787994510197,25.021301499899256],[121.40879500700579,25.020992545722756],[121.40932997176084,25.020939515501002],[121.40977098718001,25.021235533598571],[121.41055792710006,25.021206548747426],[121.41230494432203,25.019152562033614],[121.41247095181399,25.019377558507689],[121.41248097821298,25.02029859201237],[121.41312297830886,25.020357574712058],[121.4135359613431,25.019828578957537],[121.41392097066385,25.019486572706018],[121.41449992238628,25.019534525525948],[121.41502693314177,25.019761589915259],[121.41579900060981,25.019495508477199],[121.41695296093138,25.019464567418332],[121.41729699902812,25.019698531416612],[121.41754693427478,25.020016553276839],[121.41792700013215,25.019615589257395],[121.41830594120685,25.019418503231755],[121.41906193248057,25.019422517118091],[121.42007098070839,25.019053535371484],[121.42048193243365,25.018799561484705],[121.42184293099055,25.017631582744801],[121.42234798847105,25.017318563116934],[121.42313797010873,25.016921566126086],[121.42392396308426,25.01683950442397],[121.42402200051004,25.016496574800033],[121.4237429882597,25.015948586346994],[121.4235299992902,25.015085556045072],[121.42403292916869,25.01508854923944],[121.42403693006499,25.014657577381417],[121.42404493534293,25.013679524531675],[121.42467097608213,25.013481541527305],[121.42524598285242,25.012913595063434],[121.42543692340102,25.012569579842783],[121.42569392214597,25.011995592078481],[121.42619797895554,25.011827552633509],[121.42638995740538,25.011456542481746],[121.42661492510591,25.010767519949493],[121.42712097686906,25.010513519543],[121.42652594663065,25.010251581054906],[121.42677999638245,25.009936554101586],[121.42675195042071,25.00941050126216],[121.42672493026734,25.008900539121644],[121.42713999021579,25.008215573579832],[121.42752497885813,25.008336541440933],[121.42826892392893,25.008566529853649],[121.42911997031574,25.008314518099802],[121.42909096187512,25.007912535922902],[121.42925399178471,25.007252582760522],[121.42960096132637,25.007111547109165],[121.42991693452538,25.00691253261369],[121.4297319617087,25.006479571335515],[121.43001798806883,25.006178534989395],[121.43030296712213,25.005879569488709],[121.42999193228087,25.00547649807806],[121.43059093306019,25.005222595529364],[121.43122498236322,25.004594585388855],[121.43160593934368,25.004193583043044],[121.43208198870241,25.003650554279986],[121.43221099840335,25.003221564192749],[121.43171092713227,25.002929566958823],[121.43137496858367,25.001634504439973],[121.43093998996683,25.000972586770242],[121.43125994348256,25.000400563471981],[121.43120098693063,24.999825589099778],[121.43050700254075,24.998231528214284],[121.43008299569676,24.996144590166082],[121.43008194458565,24.995162587938477]]]},"properties":{"OBJECTID":17,"COUNTYNAME":"新北市","TOWNNAME":"新莊區","TOWNID":"F01","TRANSP":50,"CODE":" ","INDEXCODE":"1000105","Shape.STArea()":20755993.532531738,"Shape.STLength()":34416.784475444932}},{"type":"Feature","id":18,"geometry":{"type":"Polygon","coordinates":[[[121.64479406595078,24.860767532086172],[121.64509000835908,24.861285600228825],[121.64588704224801,24.862198609645077],[121.646860063204,24.863376566924796],[121.64710900206778,24.86398956502908],[121.64728199871666,24.864826518685962],[121.64777800627976,24.866736542630452],[121.6481360413881,24.867648541353571],[121.64845000044282,24.867954525191617],[121.64912205320307,24.867836582135361],[121.65006602840077,24.868254581473774],[121.65054799760574,24.868575543733328],[121.6507630218329,24.869203577271897],[121.65110102350253,24.86956353192355],[121.65164903986744,24.869852596670729],[121.65278002682473,24.870285564117403],[121.65315802905356,24.870376548222069],[121.65343098900533,24.870966575546959],[121.65324904564558,24.871619534960356],[121.65322799978961,24.872210583941957],[121.65329701783067,24.872763578802541],[121.65346107316977,24.873209521640817],[121.65346505456222,24.873782576213028],[121.65370400452838,24.875106541619893],[121.65405505075915,24.875888535749965],[121.65425603673474,24.876727537574236],[121.654086009743,24.877039526209458],[121.65371702949524,24.877458542527787],[121.65297506996058,24.878089585351354],[121.65217303406413,24.878460572968233],[121.65108405318101,24.87875452315382],[121.65048700609847,24.879068532934259],[121.6498570013318,24.879777533620111],[121.64965903084676,24.880274533684691],[121.64966103961129,24.880719570301995],[121.64995003809452,24.88126854458827],[121.65032599032,24.881867599562554],[121.65076102733366,24.882493588689016],[121.65093505293353,24.883065535752941],[121.65105401939391,24.883694516053865],[121.65120106927907,24.884086553724011],[121.65134899752232,24.884400557138921],[121.65143601945356,24.884819582461247],[121.6515300145042,24.886256594107575],[121.65153201620748,24.886701529154418],[121.65144906573201,24.88711956911035],[121.65145204709097,24.887640539339703],[121.6516250083487,24.888057549678418],[121.65206100093633,24.888841534017182],[121.65263704091345,24.889231594710633],[121.65284101572581,24.889860566708109],[121.65264304518851,24.890434591860021],[121.65207203493581,24.890958512353937],[121.65161399850906,24.89174559509042],[121.65127899888719,24.892191560382162],[121.65073202359694,24.892428595875309],[121.65033506144914,24.892563598781049],[121.64975998797669,24.893033535539505],[121.64965201024692,24.893585585863452],[121.6495080113414,24.893976546793525],[121.64917002737947,24.894840550096752],[121.64905705081389,24.895233531525324],[121.64920104510348,24.895729585117863],[121.6496890117818,24.895910577059471],[121.65015198304246,24.896142591336694],[121.65044205352235,24.896640541212417],[121.65098804856032,24.897238586626631],[121.65159299544349,24.897575528213153],[121.65216704790112,24.89762457890717],[121.65285599645038,24.897752568589436],[121.65317202559908,24.898403536083475],[121.65409300731542,24.898688520513655],[121.65489904802368,24.899050560413674],[121.65616307144076,24.899435516247046],[121.65719704671172,24.899747529945166],[121.65794401866609,24.90024055032988],[121.65826200028985,24.900528533124177],[121.65886701730281,24.900809547509791],[121.65935500707501,24.900884590129127],[121.660044994974,24.901143569264551],[121.66070703444315,24.901614564132714],[121.66156699549435,24.902499567897777],[121.66197206796733,24.9030985618781],[121.66206006703598,24.903569574034048],[121.6617789967809,24.904589565460434],[121.66152398843711,24.904906516865427],[121.66221606403396,24.905476515126555],[121.6625300054377,24.905842512615187],[121.66333704864155,24.906412537355763],[121.66419901656235,24.90667054196911],[121.66488902628396,24.906956575694242],[121.6651480629738,24.907345562947945],[121.66555201761885,24.907763518028069],[121.66595799591386,24.908493598549608],[121.66538804437879,24.908992554837543],[121.66476297665605,24.909857518080553],[121.66447901398232,24.910379575524328],[121.66425104321455,24.910958528213907],[121.6641990571384,24.911482527441621],[121.66428798912713,24.912292572645104],[121.66426099295452,24.912816561612036],[121.66403303194743,24.913155518201645],[121.66374899179972,24.913680562844728],[121.6634109872365,24.914544596427767],[121.66318600987881,24.914829558590519],[121.66335901015975,24.915192572533797],[121.6636780092242,24.915689545401474],[121.66402202477842,24.916056576761868],[121.66474303864184,24.916314574203607],[121.66545902554779,24.916516516174397],[121.66618001391998,24.917010528855151],[121.66666805846467,24.917008537356562],[121.66741300562558,24.917111562246873],[121.6678709824198,24.917242594781758],[121.66899404926326,24.917521521795095],[121.66956904421346,24.917834596217133],[121.67049204797907,24.918352588791745],[121.67115301869214,24.918872575782309],[121.67169801890184,24.919053589439798],[121.67235906173083,24.919391540165993],[121.67339703215842,24.919932568114596],[121.67368603279039,24.920297567736494],[121.67382903483197,24.920691565740544],[121.67437403985299,24.921054599668359],[121.67486405813442,24.921366599175524],[121.67538204968784,24.921519546477725],[121.67647301709314,24.921385578773222],[121.67710302508483,24.921488534370241],[121.67742006251939,24.921719597730789],[121.67765405926731,24.922162567252304],[121.67710698643613,24.922350602073838],[121.67668101407911,24.922612571409978],[121.67619599163204,24.923190537861078],[121.67602203246889,24.923530553662058],[121.67594003375191,24.924081593299285],[121.67548903822201,24.925283586559644],[121.67500704005241,24.926254577749802],[121.6746360042082,24.926621566209221],[121.67303203641566,24.927414598321533],[121.67214902044196,24.928018563242773],[121.67148803924702,24.928545572611309],[121.67086403608886,24.929330570261474],[121.67034805129896,24.929750565114638],[121.67009402402991,24.930223562786743],[121.6701849839107,24.931293539384988],[121.67016502145073,24.932313528679508],[121.66997406353164,24.934196560409344],[121.66975404424343,24.936341560229135],[121.66967501009559,24.937493547221258],[121.66962299334303,24.938116513819484],[121.66950900667329,24.938511593590395],[121.66956703137096,24.938928552814446],[121.66925205070744,24.939219527267891],[121.66867902035781,24.939350578790982],[121.66730705661865,24.939645569615713],[121.66699206417968,24.940012565616787],[121.66693803524851,24.940354543816468],[121.66671007062176,24.940849539524084],[121.66674500760928,24.941817547546638],[121.66663202707487,24.942391572950367],[121.66655106734426,24.943281564236869],[121.66646904237778,24.943778517492497],[121.66644103682584,24.944144581397424],[121.666702067424,24.944795582182003],[121.66599005636658,24.945348538760083],[121.66599298668554,24.946001577089703],[121.66608204042642,24.946628502219802],[121.66605600722446,24.947361592539508],[121.66614400067341,24.947806593488195],[121.66594799732704,24.948691585748488],[121.6656650267079,24.949428523518563],[121.66566702755837,24.949844573097888],[121.66578504264925,24.950238512740292],[121.66610199997055,24.950444588398664],[121.66650904274607,24.951226568366348],[121.66668305593548,24.951642566710479],[121.66688504229958,24.951958565038503],[121.66711404050699,24.952347605363521],[121.66751700859034,24.952399514352972],[121.66857702397134,24.952212554889208],[121.66972500079541,24.952313578813268],[121.67090399797165,24.952619588348036],[121.67196798509725,24.953241572180413],[121.67378099458558,24.953517531902182],[121.67420898243455,24.953648589173937],[121.67607804174428,24.954058521078924],[121.67722898672793,24.954025572261006],[121.67906603619966,24.95415056821696],[121.6806420338437,24.954455597753082],[121.68110802122233,24.954976588459004],[121.68168499689774,24.955551541178639],[121.6827760210514,24.956275529617646],[121.68292504766639,24.956875543740772],[121.68335202506219,24.957338577107127],[121.68389604140216,24.957575518537602],[121.68425703226535,24.957772587956516],[121.68526098496849,24.958228536471246],[121.68580798623412,24.958810547428165],[121.68577405856433,24.959778509326615],[121.68643800477119,24.960488557889519],[121.68694801169038,24.961364529620937],[121.68752899655252,24.962090568608851],[121.68765601188457,24.962458542422056],[121.68797402832141,24.962768564201959],[121.68847598035678,24.96307557822049],[121.68920202569103,24.963547590259545],[121.68976201848533,24.963434567869644],[121.69030501304846,24.963233513395263],[121.69068503232248,24.963119517926543],[121.69110506557826,24.963117569214646],[121.69158797721985,24.963115516004532],[121.69215001422459,24.963294568028171],[121.69291398993559,24.963550594553453],[121.69329603038506,24.963839547749988],[121.69380399488584,24.9642955767324],[121.69442599773561,24.964493560290279],[121.69635297908486,24.964574586127291],[121.69709800323257,24.964695516893954],[121.69762003668886,24.964733519393828],[121.69820098786874,24.964527554870177],[121.69880098900913,24.96467453196033],[121.69920603645153,24.964999558508165],[121.69979399868005,24.965874587856753],[121.70049904602071,24.966566582997483],[121.70106503148212,24.966602574426169],[121.70154400515867,24.966579534324875],[121.70198499011883,24.966598593227186],[121.70248702989764,24.966868542950905],[121.70273302616513,24.967161543652789],[121.70321600664029,24.967743511074822],[121.70352402089539,24.968455513871724],[121.70378401439409,24.96909451786405],[121.70431098739732,24.969911575003657],[121.70469502782835,24.970514513060508],[121.70515899485061,24.97074959678994],[121.70594404983797,24.971093575355681],[121.70675098761417,24.97149152517169],[121.70703101728242,24.971763596875192],[121.70739803564277,24.972328596052026],[121.70781901754357,24.972603501934866],[121.70884203372036,24.972542575423127],[121.70928307099148,24.972465534617523],[121.71002604670849,24.972279523409714],[121.7108450136773,24.971781556286302],[121.71144503376492,24.971906537042901],[121.71207301821615,24.972305577145363],[121.71245401158319,24.972102506626864],[121.71301099822472,24.971808567340734],[121.7137340334707,24.971676537432966],[121.71409299359972,24.971451534762611],[121.71491502585452,24.970738559733196],[121.7153340344104,24.970696542439391],[121.71611801493357,24.970821528626775],[121.71672302338112,24.971131557160721],[121.71742700397411,24.97136552240184],[121.71790903123848,24.971160513055388],[121.71785204628273,24.971602570056049],[121.71789704238063,24.972699538789964],[121.71820002464253,24.973357541649758],[121.71826199629398,24.973774545448556],[121.71831004145733,24.974466556410761],[121.71837705069851,24.974890585705573],[121.71829999526263,24.975252565874523],[121.71846104083288,24.975946553747335],[121.7183880002187,24.97676157144657],[121.71804500288226,24.977289521601012],[121.71742202509307,24.977985574125778],[121.71734201751403,24.978516592860981],[121.7171879873931,24.979017523249688],[121.71766501258193,24.979397503539047],[121.71845702572877,24.979923597079711],[121.71919599506265,24.980109533935085],[121.72077300676735,24.980221542145273],[121.72085399839131,24.980675569652945],[121.72099099586723,24.981204542094698],[121.72128002001779,24.981607529446872],[121.72167801258826,24.981991587104591],[121.72199303186626,24.982229596727031],[121.72249602216857,24.982319525240374],[121.72315102506751,24.982295572688948],[121.72359900042166,24.982411581039777],[121.72444302892826,24.983147565491052],[121.72476500327024,24.983843561156007],[121.7248489984902,24.984849503986723],[121.72469900906604,24.986021550017362],[121.72470104236906,24.986382593285537],[121.72483403429514,24.9869795711429],[121.72528499085693,24.987600526807597],[121.72689999889226,24.989222528647623],[121.72679699270634,24.989726573342036],[121.72625204482091,24.990494509589027],[121.72572901682825,24.991004575283046],[121.72549200257751,24.991436577965015],[121.72512803836432,24.992083549917218],[121.72494704451437,24.992804568599809],[121.72409197827353,24.994797509813402],[121.72352402717891,24.996429523899899],[121.72318500738243,24.996859584139241],[121.72279199255586,24.997392566969157],[121.72240204845154,24.997750557419419],[121.72171798282967,24.998212545687789],[121.72141403663254,24.99853651805828],[121.72119004030738,24.999022542536505],[121.7208410209677,24.999591515314254],[121.72098704922291,25.000767531977903],[121.72189304935836,25.000946513944509],[121.72214005366457,25.001349525582619],[121.72219203121229,25.002582522691842],[121.72225101273999,25.002984554513898],[121.72243106263406,25.003843581737499],[121.72270003983874,25.005403533335812],[121.72243197772299,25.007395501617243],[121.72220903019677,25.007823558487935],[121.72167098910691,25.008505582749173],[121.72104298809477,25.008643525656218],[121.72002003650036,25.007547518005261],[121.71933299203914,25.007254501355465],[121.71867498515888,25.007334527146995],[121.71829899163806,25.007302568323862],[121.71776804831205,25.007156526765108],[121.71658102213043,25.006658533576108],[121.71539198789607,25.006476541932017],[121.71439399959847,25.006009593053779],[121.71382999237872,25.00609156620952],[121.71357601523854,25.006404549791242],[121.71322201424827,25.007462529075656],[121.71125199028167,25.010680534606855],[121.71033503576746,25.011590587499171],[121.70939205114234,25.01195452743902],[121.70727498511121,25.013885574770757],[121.70673301636967,25.014855581848494],[121.70636505125577,25.01740353849916],[121.70511007213179,25.017592518421893],[121.70460498884567,25.017903512455696],[121.70441400822401,25.01827449980788],[121.70433806555,25.018801517690637],[121.70456298854047,25.019192567857367],[121.70490403362047,25.019509589798336],[121.70546199847472,25.02020151591427],[121.70571005342285,25.020577558340655],[121.70579906403117,25.021121576806728],[121.70578698686825,25.022439572256975],[121.70583905202128,25.023585515053998],[121.70564006351132,25.024730505473265],[121.70510505481064,25.02498350279906],[121.70488200158104,25.025440517082131],[121.70484605402108,25.025869552979749],[121.70442302307075,25.027587563399241],[121.70346804808692,25.029327513708477],[121.70298401515572,25.030900533245639],[121.7027270206388,25.031528531724142],[121.70209101938481,25.032554584361012],[121.70130005485552,25.033264556622687],[121.7004170424489,25.03380457315648],[121.69909301794966,25.034623577310636],[121.69833800368542,25.034874520742505],[121.6978989900737,25.034872522373654],[121.69714404453144,25.035153526019311],[121.69644802431169,25.035750518124061],[121.69594006042793,25.036404589209262],[121.69574801916764,25.036805548483798],[121.69580503037469,25.037434499601265],[121.6964860421821,25.03844551491235],[121.69656499880843,25.040108519832437],[121.69620903043472,25.041281575708254],[121.69442098796996,25.041266561071382],[121.69181206217452,25.041847550268276],[121.69062206973238,25.041665548791009],[121.68768098757765,25.040811533213645],[121.68696203363832,25.040491528800715],[121.68655498770882,25.040374505336935],[121.68599104428465,25.040340536181311],[121.68277302703027,25.038908500709379],[121.68149899814989,25.037550553407428],[121.68043706279325,25.036998516983225],[121.67868500897784,25.036380564425588],[121.67781700929491,25.035256558465033],[121.67700704321548,25.034619567160064],[121.6765360500916,25.034614586348713],[121.67593805329837,25.03466650615017],[121.67470606081548,25.034604581178719],[121.67394299829917,25.034562527503304],[121.67349998645456,25.03453059718894],[121.67300603363921,25.034298531094649],[121.67202104976407,25.034120507672586],[121.67164702021056,25.033801503560859],[121.67148602327373,25.033172557470884],[121.67074702982329,25.032789553757038],[121.67030803358399,25.032728513059784],[121.66898599835423,25.033120545539852],[121.66616101610768,25.033704579796392],[121.66597406033705,25.032895531331658],[121.66466504306777,25.030064533715311],[121.66510799475309,25.028270513231117],[121.66496103582897,25.027295514157821],[121.66496399413569,25.026950502074506],[121.66506201103986,25.02660652722146],[121.66531599415069,25.026235572102042],[121.66535407041064,25.025490516619911],[121.66510905073477,25.024886493435389],[121.66442704290178,25.023991550217065],[121.66427604098132,25.023389539110934],[121.66402801820101,25.023043579822197],[121.6634970625982,25.02283756348713],[121.66283701267483,25.022802508356047],[121.66164204711718,25.023022524766219],[121.66094905674888,25.023246543477004],[121.65950399359254,25.023376570501313],[121.65909502821675,25.023374499543358],[121.65774601914536,25.023246573430743],[121.65632905623299,25.023666545615484],[121.65563801519767,25.023689546835651],[121.65516605361859,25.02379952274805],[121.65406104142295,25.024391537415212],[121.65343405202617,25.024272576952558],[121.6519300246228,25.023885537378938],[121.65120801539636,25.023850500131267],[121.65073505810376,25.023990533180157],[121.65026404098354,25.024015522665202],[121.64976402288347,25.023782522110679],[121.64920301303144,25.023261564351735],[121.64886099444692,25.02300057808986],[121.64679899317719,25.021778574916901],[121.6463920074688,25.021717499440452],[121.64594906739056,25.022001579910235],[121.64540602057798,25.022912515797703],[121.64511905996653,25.023284577704473],[121.64470704018758,25.023654557955666],[121.64306505992073,25.024500541402599],[121.64243806920547,25.024379567204054],[121.64077007216117,25.023621574035829],[121.6406270126224,25.023159545880816],[121.63955002691894,25.020969538721765],[121.63958804279372,25.020340504989157],[121.63974805113972,25.020025525879813],[121.64025902893843,25.019226528083369],[121.6405440352103,25.018855567959129],[121.6407050629888,25.018484511458592],[121.64074004879099,25.018139549046957],[121.64096505741897,25.017655541711441],[121.64091403526621,25.016420520460635],[121.64113806379397,25.016049544859069],[121.64149199946293,25.015278574690363],[121.64149706190504,25.014790545299654],[121.64132406734663,25.014444575739738],[121.64129599634381,25.012866548191305],[121.64076701663623,25.012345520383114],[121.64067905219997,25.01177057817295],[121.64096502696361,25.011400508567689],[121.6411570254925,25.011030579102204],[121.64125603883294,25.010630542040854],[121.64098198769645,25.009708526960388],[121.64076603578454,25.009334566021966],[121.64089806507552,25.008762561322719],[121.64130902807335,25.008449563676265],[121.64187701696356,25.008226542913771],[121.64194407235939,25.007824561381458],[121.64097806392905,25.006984519709157],[121.64073205425969,25.006551563614163],[121.63967398821657,25.00550859154411],[121.63933503279087,25.004876574042207],[121.6395669944918,25.003672569622765],[121.64014006930545,25.002789522742745],[121.64058304026921,25.002476566333272],[121.64130703068965,25.002368527647981],[121.64174703997924,25.002285547569713],[121.64281904259644,25.001894575811271],[121.64344806694872,25.001957589134648],[121.64548998952037,25.001878582116003],[121.64550903186012,24.999939545493763],[121.64548200687652,24.999084544770994],[121.64584398833736,24.998209517943053],[121.6454040440955,24.997954558561936],[121.64487005045366,24.997529542173744],[121.6446419920933,24.997074569708943],[121.64453302278405,24.996673526219194],[121.64415306617263,24.996607546560146],[121.6439510493568,24.996055586813373],[121.64393405372361,24.99548954582416],[121.64378101301234,24.995144575821325],[121.64308201154263,24.995147510333339],[121.64259805729942,24.995149513804826],[121.64124706162094,24.995128529555753],[121.64008002127244,24.995160544241177],[121.63912399840851,24.994915542065151],[121.63857600049676,24.99479456234662],[121.63775801111679,24.994949579286267],[121.63695102899739,24.994249500104996],[121.6365540526118,24.993684553890983],[121.63655100928021,24.993077551065884],[121.63639807582763,24.992716505343541],[121.63657505777229,24.992370569623809],[121.63709005045851,24.992163508596462],[121.6372850039165,24.991814519460789],[121.63757204080548,24.991356507553729],[121.63759900894388,24.990819549129867],[121.63740006462186,24.990501582828379],[121.6374880054213,24.990018518722806],[121.63718202616029,24.989480527035973],[121.63718006463931,24.989051587349746],[121.63741903423738,24.988445527600604],[121.63725100533217,24.987866586889339],[121.63699000033691,24.987397578387881],[121.63709202142759,24.986553560973547],[121.63724105319399,24.986126586451565],[121.63740601015509,24.985683551297893],[121.63737302243811,24.98533752960007],[121.63770300320176,24.984384551677863],[121.63765404109449,24.983747589495543],[121.63774201561016,24.983124581994652],[121.63819401442733,24.982610520772255],[121.63849306154616,24.981934519399623],[121.63885607086206,24.981587505500858],[121.63886700860797,24.980715539285505],[121.63848499303799,24.980291559522076],[121.63807506233967,24.98015553139232],[121.63761905903472,24.979974560166717],[121.63736005328313,24.979589590515246],[121.63717598869388,24.979161505746063],[121.63653699676065,24.978805515649491],[121.63597500737036,24.978696503603711],[121.63556405897049,24.978328524117295],[121.63506504009541,24.977992524602669],[121.63454702575085,24.978109592199303],[121.63401599770386,24.977712583068158],[121.63368401202649,24.977447554516932],[121.63322400746921,24.976911570080933],[121.6322319899858,24.976004591375055],[121.63016302398135,24.97470254315726],[121.62915904139754,24.974068531896226],[121.62813299535073,24.973016566772841],[121.62753400870109,24.972546518734045],[121.62669099714135,24.972223581425443],[121.62614900047889,24.971877529278185],[121.6255680189345,24.97146058258858],[121.62512401481543,24.971152568967508],[121.62414299750269,24.970737560171933],[121.62212006124336,24.970124566638223],[121.62059404739209,24.969440575303324],[121.61980304785223,24.969005524477769],[121.61972999501982,24.968378579339483],[121.61990504815566,24.967741584137567],[121.6195240164398,24.96723060253818],[121.61920301825398,24.966995549183313],[121.61840106211086,24.966797543039341],[121.61786404061013,24.966831554797384],[121.61755105838789,24.967087554340445],[121.61707304898178,24.967441577115608],[121.61664798635726,24.967190528238099],[121.61518206726932,24.966305522480937],[121.61477706716821,24.966306564965549],[121.61403901088185,24.966442516381377],[121.61340900903309,24.966176588746301],[121.61301999525494,24.966061541523082],[121.61255499975977,24.96577651712337],[121.61196306603642,24.965376524711335],[121.61148404209953,24.965311585359448],[121.61107501635306,24.965194534173769],[121.61062906901621,24.964943553440147],[121.60984900048609,24.964490519934877],[121.60936800050303,24.96412455621422],[121.61040200654469,24.960147571683873],[121.61049401818558,24.959790562066278],[121.61045205061066,24.958616597192929],[121.61029901093109,24.95728355618941],[121.61029703315651,24.956865523417338],[121.60975699207907,24.956362569464154],[121.60881504377544,24.956366598605406],[121.60842900602724,24.956399592898254],[121.60804003360855,24.956333555337249],[121.6080380538219,24.95591354161029],[121.60808805082675,24.954716536414612],[121.60815602132901,24.953455550371253],[121.60826405060978,24.95291751786932],[121.60848005092191,24.952176531123001],[121.60840298975893,24.951637539027125],[121.60816101723051,24.951098513262732],[121.60792005903892,24.950799542223418],[121.60726905621297,24.950246557584975],[121.60669501752325,24.949761513634353],[121.60680204607358,24.949018538697324],[121.60698398986484,24.948528509744026],[121.60685199262156,24.948009515447254],[121.60705205076266,24.94714851493551],[121.60688402443753,24.946695578933895],[121.60667901043819,24.946310520456866],[121.60608603506161,24.946245584912141],[121.60544302734024,24.946602574596977],[121.60514606897412,24.946905539629668],[121.60424299879581,24.947046537906658],[121.60302504993226,24.947050565103034],[121.60163900959923,24.947139597429672],[121.60126902625018,24.947057573635391],[121.60067001508511,24.945728575988301],[121.6002820695077,24.945244558929449],[121.59998306915732,24.944959543590393],[121.59942906511506,24.944927543245079],[121.59874504838538,24.944896530996239],[121.59808102022721,24.944779571528837],[121.59792905515155,24.944141552205149],[121.59800002644786,24.943432578001428],[121.59827506450398,24.942727577552013],[121.59865704551649,24.941983590520781],[121.59935706704728,24.941357597027977],[121.59953905453038,24.940955521079591],[121.59991802061566,24.939371574351053],[121.59980499612455,24.938834523910835],[121.5994350209113,24.938614543326572],[121.59877007235275,24.938414588966772],[121.59784200626949,24.937612574262729],[121.59735600005409,24.936821595967132],[121.59674001441267,24.935492558929791],[121.59643903437836,24.934789588353421],[121.59645603034325,24.934317573180696],[121.59656303021663,24.933644576124834],[121.59656100104422,24.933254526821248],[121.59650402127784,24.932767546436203],[121.59609700962396,24.932382561474029],[121.59592701911062,24.931896575273509],[121.59549701720957,24.930787538910771],[121.59525303999906,24.929810577769427],[121.59506403059552,24.928902561311904],[121.59472801265689,24.928363520336585],[121.59443006178034,24.927674519854527],[121.59424305794212,24.927338582924524],[121.59470303441,24.92671455167681],[121.59480900194116,24.925603562766263],[121.59489902827887,24.924998524666893],[121.59515399047298,24.924728539304621],[121.59561303036901,24.923814593155033],[121.59557403553636,24.923191567638174],[121.5955320290788,24.922436542522757],[121.59578698914822,24.921761590738075],[121.59583604476622,24.920598550393738],[121.59566907718025,24.920179546997719],[121.59562899990446,24.91979155387407],[121.59594003687876,24.919384552039958],[121.59625304816612,24.91908055752798],[121.59653003888525,24.918709520687344],[121.59648899017735,24.918154584634141],[121.59656103483992,24.917666544431519],[121.5967240432896,24.917245590520427],[121.59661201226302,24.916907540365671],[121.59653602162041,24.916540538863359],[121.59664405294092,24.915998551215388],[121.59679104712684,24.915661532914534],[121.59682406527354,24.915191532530887],[121.59658206910018,24.914483544060488],[121.59676206406046,24.913690525366455],[121.59687305123056,24.913119542437684],[121.59691099434906,24.912112558192199],[121.59716003913002,24.911570535454764],[121.59817401193797,24.910891555041058],[121.59844805482855,24.910639535760829],[121.59787200264269,24.910118527110864],[121.59720802881864,24.910071520469618],[121.59649005841312,24.910209571452562],[121.59531105670328,24.910920527985294],[121.59510904087999,24.911226612853021],[121.59470602487914,24.912270531154586],[121.59397500547215,24.913282522325488],[121.59292507094652,24.91385959741261],[121.59181706279801,24.91428456510663],[121.5902110007722,24.914460589175903],[121.58980600012647,24.914446578136044],[121.5890280150561,24.914313579378948],[121.5879180610499,24.913812600607265],[121.5864199945121,24.912809595918514],[121.58434402120621,24.911354575278924],[121.58173306377496,24.910033547539403],[121.5791410477556,24.909031565117491],[121.57836600567268,24.908716567807556],[121.57779199553403,24.9087005554907],[121.57687006402297,24.908753601131444],[121.57598299822503,24.908807591641033],[121.57496706982705,24.908980540782292],[121.57308501871447,24.908988590905839],[121.57225199706853,24.908722542956454],[121.57171300873841,24.908440556432357],[121.57139806734898,24.908188585364996],[121.57111799345776,24.907246576414419],[121.57085700366997,24.90676054085365],[121.57017106258068,24.906173566550617],[121.56924405113681,24.905384539623512],[121.56665006043123,24.903728550018865],[121.56679702967529,24.903407551544795],[121.56758999393975,24.903388556737411],[121.56799500183561,24.903303585557978],[121.56858501134082,24.902845543333761],[121.56906501251913,24.902203552458044],[121.56924801084882,24.901852523578356],[121.5697610572833,24.90154556231855],[121.57027906842129,24.901374553332492],[121.57059206909774,24.901172556503955],[121.57160507059966,24.900391549344057],[121.57193401954738,24.900089536405424],[121.57309802383809,24.899713613041897],[121.5737060613466,24.899609596900085],[121.57431403675358,24.899372593905237],[121.57591806035462,24.898844528091928],[121.57639906932582,24.898639512460324],[121.57717201009343,24.897833577261729],[121.5775560559986,24.897409529476292],[121.57812699261065,24.89690160509894],[121.57867701061092,24.896039530690189],[121.5788570124933,24.895314522723613],[121.57885406352969,24.8946285915011],[121.57861206112204,24.894137537700892],[121.57820108201788,24.892997581823206],[121.57839700568624,24.891698528369275],[121.5782260277484,24.890539593383469],[121.57777800861653,24.88961359527109],[121.57762607281192,24.888839562247224],[121.57745905254406,24.888386595617085],[121.57697700193179,24.887968521309805],[121.57662206692522,24.887396538659281],[121.57649001822048,24.88685955174256],[121.57639604439957,24.886187604579732],[121.57648504994602,24.885613553330273],[121.57684805355819,24.884515562870831],[121.57695601831986,24.88399651558289],[121.57726904792858,24.883672519170048],[121.57776600359503,24.8833835539631],[121.57776406977102,24.882896537423747],[121.57724599436591,24.882207552871652],[121.57702005299319,24.881720569872392],[121.57745999500786,24.880827520709484],[121.57801001685357,24.880015569873429],[121.5780999915047,24.87952756708227],[121.57804301646755,24.879123551413581],[121.57767099747524,24.878470564732517],[121.57731703060659,24.878101560675454],[121.5768360454742,24.877850606785767],[121.5765930270238,24.877009573376636],[121.57629202071723,24.875731583590845],[121.57608602093865,24.8751946026395],[121.57715401266459,24.874601597793671],[121.57784503139079,24.87434358847624],[121.57846500376361,24.874184530779775],[121.57895105001096,24.874209549256733],[121.57951005478354,24.874368552703949],[121.58037204058209,24.87420457427887],[121.58272307067358,24.87321856977999],[121.58373801108682,24.873020565190611],[121.5842140130619,24.872903579138324],[121.58467503944364,24.872727598366971],[121.5853080041307,24.872436549206043],[121.58568600914113,24.871741555324956],[121.58646002775191,24.871158579029558],[121.58802801733263,24.870211573526959],[121.58842205606945,24.869993593900453],[121.58965905871166,24.869656532459803],[121.59007201817153,24.869467545617741],[121.5905300067068,24.868624583205317],[121.59098500763902,24.867753557022603],[121.59172601558019,24.866693586727482],[121.59213699658207,24.866402568677028],[121.59258100491459,24.866242522819981],[121.59305700354219,24.866184571661954],[121.59389804589722,24.866282531614669],[121.59496400349882,24.866407590193354],[121.5959320402043,24.866286524296608],[121.5964070088238,24.866097550774239],[121.59672202837193,24.865764563782626],[121.596971995125,24.864937585891699],[121.59731702987649,24.86443056693799],[121.59766702480303,24.864225566699361],[121.59831699754599,24.864094571171002],[121.59922103244013,24.864004540400682],[121.59961904041285,24.863958509717715],[121.60040999619439,24.863508580360907],[121.60082104419249,24.863303591902881],[121.60121805701083,24.863272556880386],[121.60429601974889,24.863203519282131],[121.60650299890376,24.863338592678232],[121.60870907402105,24.863169530621885],[121.60956800174698,24.862992583822976],[121.61007402852589,24.862888572947195],[121.61135702596074,24.862303578288774],[121.61344907152133,24.86165853507849],[121.61454404532944,24.861466590197562],[121.61495501030707,24.861189598790595],[121.61539802315816,24.860754568096084],[121.61595202384196,24.860880589014943],[121.61646305494268,24.861242533456668],[121.6176880275587,24.861817586617036],[121.61857603052786,24.861926589120259],[121.61893904999226,24.861708570799514],[121.61947900035891,24.86151852309235],[121.61978700566908,24.861806546095476],[121.62008501727071,24.862529530165851],[121.62061405310389,24.863240542942265],[121.62116604093256,24.863303516776867],[121.62327206043878,24.862312564234447],[121.62408201067946,24.862105582714264],[121.62587700819914,24.861504589643197],[121.62771304212283,24.861513583464596],[121.62912900093268,24.861547544286573],[121.62968103449009,24.861489585439479],[121.63002801943807,24.861316570284568],[121.63051501888727,24.86082658561072],[121.63136704116144,24.860132541864417],[121.63193200747727,24.859473559237244],[121.6323330298889,24.859381571178876],[121.63321600881061,24.859273539739366],[121.63358301397737,24.859141598336866],[121.63402001495508,24.85888657914213],[121.63445706188217,24.858562568649209],[121.63481499838498,24.858122583799076],[121.63512401626542,24.857469557449118],[121.63579702831839,24.857674544286681],[121.63615500366703,24.858232562330336],[121.63653703415558,24.858914606419553],[121.63693401479762,24.859181529979722],[121.63754101917461,24.859308594308853],[121.63832205951023,24.860587569218691],[121.63861805614108,24.861024579097165],[121.63922702603649,24.861421592366426],[121.63998502913812,24.861785564229312],[121.64055005066469,24.861952524433637],[121.6412400153787,24.861988573758989],[121.64198902106055,24.861716551202523],[121.64267701688546,24.8612756083722],[121.64330405500377,24.860681584931925],[121.64376601853128,24.860602571598825],[121.64424698574771,24.860693589264354],[121.64479406595078,24.860767532086172]]]},"properties":{"OBJECTID":18,"COUNTYNAME":"新北市","TOWNNAME":"石碇區","TOWNID":"F08","TRANSP":50,"CODE":" ","INDEXCODE":"1000119","Shape.STArea()":142119319.9888916,"Shape.STLength()":71916.133259434719}},{"type":"Feature","id":19,"geometry":{"type":"Polygon","coordinates":[[[121.42873493274082,24.972205537338134],[121.42933996411473,24.972538587580967],[121.42990698183958,24.972881507336723],[121.43044196351967,24.97331353515343],[121.43097693535876,24.973483540455035],[121.43242498354127,24.974346602244122],[121.43298197189146,24.97564960101019],[121.43358200048476,24.976568540519391],[121.43402394051094,24.977275597769577],[121.43491392273688,24.978311523340533],[121.4350399369068,24.978712592199358],[121.43579295965104,24.979480572333685],[121.43588792648902,24.980254538794743],[121.43598395668306,24.980658582631929],[121.43629993086643,24.981548564017661],[121.43686698315884,24.982181551336613],[121.43775798832588,24.983700519274002],[121.43819793676737,24.984362592853028],[121.43857700286142,24.985453549916514],[121.43879800725767,24.98614353447271],[121.43891999480078,24.986558510235916],[121.43932894984236,24.987162516131121],[121.43942398363741,24.987534512646619],[121.43989697023645,24.987993514122433],[121.44027499113915,24.988511556123111],[121.44036898226058,24.989001567433824],[121.44071695271288,24.990121592429819],[121.44100098354191,24.990811563336482],[121.44175697620956,24.991759542809199],[121.44270200640358,24.992851504854077],[121.44304796782477,24.992533554012731],[121.44336199079711,24.992015527520387],[121.4438959239729,24.991325544889882],[121.44417894898272,24.991094564718683],[121.44455599357821,24.991152577177136],[121.44559497867353,24.991695542951128],[121.44597294654264,24.991782533205601],[121.44663395155798,24.991868583811716],[121.44868093835909,24.992440572342925],[121.44921600546783,24.992698530755288],[121.45015995601858,24.992668599612191],[121.45063094185379,24.99217950790495],[121.4510709747104,24.992033524609557],[121.45166899248288,24.991718586004666],[121.45257997347336,24.991054531331805],[121.45305299245044,24.991082516630506],[121.45333598151849,24.991514519509707],[121.45336792914949,24.991916577456625],[121.45365194757109,24.992405533680259],[121.45371594471416,24.993323511824766],[121.45434597824421,24.993985586809284],[121.45494598405452,24.995364568581717],[121.45529296677843,24.995882589148682],[121.4563309735228,24.996024588852727],[121.45629798423202,24.995103541605712],[121.45632897957269,24.994356561307598],[121.45648498522996,24.993723515293546],[121.45670499247224,24.993292509860868],[121.45664195639471,24.992861565895865],[121.45707995918781,24.991681567965006],[121.45733194811079,24.991394570644673],[121.45925094672018,24.991044560139862],[121.46016191946261,24.990524555099515],[121.45998395446239,24.989337522412139],[121.46073395264094,24.988945596241603],[121.46146000434209,24.988990567655421],[121.46333794124632,24.989169552301327],[121.46365299873169,24.989428521881784],[121.46402995991478,24.989485577885855],[121.46434593338779,24.989685593453615],[121.46494293787222,24.989742590497574],[121.46535293312891,24.990086582568463],[121.46610794144945,24.990314544297895],[121.46683294413421,24.990775557259894],[121.46648697124309,24.991263588160084],[121.46695998136491,24.991636537336088],[121.46721195175382,24.99195455825005],[121.46733897072403,24.992615533522201],[121.46686794180795,24.993248507517382],[121.46648999395273,24.993105584855446],[121.46586192603287,24.993766592997037],[121.46554798893159,24.994257586420598],[121.46435399537549,24.995551563392443],[121.46451192165459,24.996242523661905],[121.46570998675953,24.997764506814679],[121.46560395215172,24.99822758140202],[121.46591198499719,24.998957521334564],[121.466093978228,24.999762520402566],[121.46649692275612,25.000395539108791],[121.46642999553404,25.000912585664697],[121.46592299122688,25.001571574659277],[121.46588693747219,25.002000566204071],[121.4668909507031,25.002410595037734],[121.46760896637498,25.002987543744183],[121.46763493107238,25.003649565664201],[121.46791496206089,25.003995584839753],[121.46800493615258,25.004598531530061],[121.47006698911382,25.00610655501756],[121.4711309739325,25.006628500292404],[121.47188196163239,25.007035587965664],[121.47272498192152,25.007700525487099],[121.47375897318925,25.008110588519202],[121.47428695132841,25.008830588941347],[121.47434694409263,25.009261533426045],[121.47475197703707,25.009608590280909],[121.47515396210154,25.010414588278039],[121.47568498754936,25.010907591884639],[121.47662491615196,25.011200552816373],[121.47797598990253,25.011236576003036],[121.47910692582033,25.011300563147834],[121.4798599957122,25.01144955725017],[121.48036099262997,25.011653530943796],[121.4812089547252,25.01165954227276],[121.48180897489509,25.011289576373454],[121.48221299756933,25.011895568715886],[121.48195895119068,25.012381520528702],[121.48133798219166,25.012789556181293],[121.4817339856355,25.012953506346523],[121.48210693599084,25.013444564437602],[121.48260692695065,25.013763569530287],[121.48354999227506,25.013741536788999],[121.48414899767388,25.013486512222169],[121.4852179919078,25.013462533116442],[121.48856804989019,25.013962508893428],[121.48841501505682,25.014488599104823],[121.48811000487564,25.017213567286415],[121.48791108589252,25.018532545732363],[121.48784004680024,25.01948054568518],[121.48827302805987,25.020429514621078],[121.48866907968335,25.021897519541543],[121.48875506712126,25.023016554170606],[121.48613007033005,25.029144572342229],[121.48603206958856,25.029662533707992],[121.48602904920284,25.030034538919548],[121.4861760331944,25.031327548946361],[121.48629102098043,25.032590507494923],[121.48650403764603,25.033425541836682],[121.48739605410182,25.035812508530931],[121.4887930674581,25.038031567246794],[121.48999602057249,25.039266571641566],[121.48227896739627,25.03916956920235],[121.48139899427684,25.039221534814097],[121.4800139760176,25.039442528086209],[121.4787229188323,25.03972253326571],[121.47661897068268,25.039537516726753],[121.47526995313434,25.039328578747757],[121.47099595577163,25.039303544554507],[121.46794995600703,25.03894054179041],[121.46626893136884,25.03851658314241],[121.46359092803239,25.037648517057132],[121.46240095464077,25.037183531159393],[121.4554839774475,25.033293526628594],[121.45482697727273,25.032887509318591],[121.45342093464257,25.031902580157972],[121.45188998960988,25.03074557107184],[121.45132796118011,25.030225588111939],[121.4483999407848,25.026875555233634],[121.4476220008509,25.025923533601045],[121.44727999709359,25.025461543252881],[121.44569498945158,25.023125527085224],[121.44318499315817,25.018657507145488],[121.43942194825507,25.013522568387906],[121.43848996979777,25.012136547290776],[121.43796299197011,25.011156551835896],[121.4378099658618,25.010640543396782],[121.43800595805961,25.009975515172428],[121.43790591870859,25.009007529846542],[121.43724498441075,25.008039579204823],[121.43688097848228,25.006555543651906],[121.43666897632923,25.003635532283873],[121.4366870000365,25.00184356663738],[121.4365389576582,25.000692514169444],[121.43635399062275,25.000288555904898],[121.43597797713069,25.000113591061115],[121.43544391874762,25.000025583656509],[121.43503495580745,25.000051524705704],[121.43300296442037,24.999788572085244],[121.43167901117776,24.999051575109583],[121.43100494651664,24.998229544749346],[121.43087497146004,24.996059600139375],[121.43008194458565,24.995162587938477],[121.42974095066896,24.994708510106641],[121.42942594742016,24.994074580080085],[121.42882792869617,24.993559567090088],[121.42879495697757,24.992839500288248],[121.42854298735034,24.992206559239087],[121.42791292853963,24.991806582905649],[121.42756699468288,24.991459502957323],[121.42649694984151,24.990771584583399],[121.42495292711598,24.989134498453478],[121.42460695353324,24.98824350626845],[121.42451198743636,24.987785559880329],[121.42451100169318,24.987236587176568],[121.42473097704325,24.986863505893261],[121.42539096214071,24.986258576072732],[121.4258299932456,24.984991524430608],[121.42606396017737,24.984175519900734],[121.42646297585019,24.98336257306082],[121.42670696131546,24.98211558912439],[121.42680093380471,24.981338539623472],[121.42648598593983,24.980533515438708],[121.42654195618259,24.979281545553363],[121.42855794837367,24.977787577898706],[121.42793099572522,24.976112586803758],[121.42704698756269,24.975675585927938],[121.42667998702555,24.974012568191466],[121.42682496854795,24.973030510707545],[121.42704399156717,24.97265553604111],[121.427484987277,24.972511524746775],[121.42873493274082,24.972205537338134]]]},"properties":{"OBJECTID":19,"COUNTYNAME":"新北市","TOWNNAME":"板橋區","TOWNID":"F12","TRANSP":50,"CODE":" ","INDEXCODE":"1000101","Shape.STArea()":21656855.840026855,"Shape.STLength()":26094.406555245496}},{"type":"Feature","id":20,"geometry":{"type":"Polygon","coordinates":[[[121.61980304785223,24.969005524477769],[121.62059404739209,24.969440575303324],[121.62212006124336,24.970124566638223],[121.62414299750269,24.970737560171933],[121.62512401481543,24.971152568967508],[121.6255680189345,24.97146058258858],[121.62614900047889,24.971877529278185],[121.62669099714135,24.972223581425443],[121.62753400870109,24.972546518734045],[121.62813299535073,24.973016566772841],[121.62915904139754,24.974068531896226],[121.63016302398135,24.97470254315726],[121.6322319899858,24.976004591375055],[121.63322400746921,24.976911570080933],[121.63368401202649,24.977447554516932],[121.63401599770386,24.977712583068158],[121.63454702575085,24.978109592199303],[121.63506504009541,24.977992524602669],[121.63556405897049,24.978328524117295],[121.63597500737036,24.978696503603711],[121.63653699676065,24.978805515649491],[121.63717598869388,24.979161505746063],[121.63736005328313,24.979589590515246],[121.63761905903472,24.979974560166717],[121.63807506233967,24.98015553139232],[121.63848499303799,24.980291559522076],[121.63886700860797,24.980715539285505],[121.63885607086206,24.981587505500858],[121.63849306154616,24.981934519399623],[121.63819401442733,24.982610520772255],[121.63774201561016,24.983124581994652],[121.63765404109449,24.983747589495543],[121.63770300320176,24.984384551677863],[121.63737302243811,24.98533752960007],[121.63740601015509,24.985683551297893],[121.63724105319399,24.986126586451565],[121.63709202142759,24.986553560973547],[121.63699000033691,24.987397578387881],[121.63725100533217,24.987866586889339],[121.63741903423738,24.988445527600604],[121.63718006463931,24.989051587349746],[121.63718202616029,24.989480527035973],[121.6374880054213,24.990018518722806],[121.63740006462186,24.990501582828379],[121.63759900894388,24.990819549129867],[121.63757204080548,24.991356507553729],[121.6372850039165,24.991814519460789],[121.63709005045851,24.992163508596462],[121.63657505777229,24.992370569623809],[121.63639807582763,24.992716505343541],[121.63655100928021,24.993077551065884],[121.6365540526118,24.993684553890983],[121.63695102899739,24.994249500104996],[121.63775801111679,24.994949579286267],[121.63857600049676,24.99479456234662],[121.63912399840851,24.994915542065151],[121.64008002127244,24.995160544241177],[121.64124706162094,24.995128529555753],[121.64259805729942,24.995149513804826],[121.64308201154263,24.995147510333339],[121.64378101301234,24.995144575821325],[121.64393405372361,24.99548954582416],[121.6439510493568,24.996055586813373],[121.64415306617263,24.996607546560146],[121.64453302278405,24.996673526219194],[121.6446419920933,24.997074569708943],[121.64487005045366,24.997529542173744],[121.6454040440955,24.997954558561936],[121.64584398833736,24.998209517943053],[121.64548200687652,24.999084544770994],[121.64550903186012,24.999939545493763],[121.64548998952037,25.001878582116003],[121.64344806694872,25.001957589134648],[121.64281904259644,25.001894575811271],[121.64174703997924,25.002285547569713],[121.64130703068965,25.002368527647981],[121.64058304026921,25.002476566333272],[121.64014006930545,25.002789522742745],[121.6395669944918,25.003672569622765],[121.63933503279087,25.004876574042207],[121.63967398821657,25.00550859154411],[121.64073205425969,25.006551563614163],[121.64097806392905,25.006984519709157],[121.64194407235939,25.007824561381458],[121.64187701696356,25.008226542913771],[121.64130902807335,25.008449563676265],[121.64089806507552,25.008762561322719],[121.64076603578454,25.009334566021966],[121.64098198769645,25.009708526960388],[121.64125603883294,25.010630542040854],[121.6411570254925,25.011030579102204],[121.64096502696361,25.011400508567689],[121.64067905219997,25.01177057817295],[121.64076701663623,25.012345520383114],[121.64129599634381,25.012866548191305],[121.64132406734663,25.014444575739738],[121.64149706190504,25.014790545299654],[121.64149199946293,25.015278574690363],[121.64113806379397,25.016049544859069],[121.64091403526621,25.016420520460635],[121.64096505741897,25.017655541711441],[121.64074004879099,25.018139549046957],[121.6407050629888,25.018484511458592],[121.6405440352103,25.018855567959129],[121.64025902893843,25.019226528083369],[121.63974805113972,25.020025525879813],[121.63958804279372,25.020340504989157],[121.63955002691894,25.020969538721765],[121.6406270126224,25.023159545880816],[121.64077007216117,25.023621574035829],[121.63901906957466,25.023718567821088],[121.63766399852899,25.024110564391815],[121.63669302903904,25.02378552952629],[121.63606502874204,25.023751566979897],[121.63448701119407,25.024399541119539],[121.63391601092752,25.024880500671657],[121.6332229880009,25.025048494312568],[121.6326970013818,25.025498572247812],[121.63219202486167,25.025581525819508],[121.63172100234473,25.025434555524146],[121.6310329870639,25.024999577495407],[121.63072100621706,25.024626565508758],[121.63050306311835,25.024279513047002],[121.63019505352121,25.0235315167495],[121.63014203621728,25.022240515145494],[121.62986403030294,25.021636583236692],[121.62908899302512,25.020283547931474],[121.6288399991827,25.019968507336063],[121.62840206970927,25.019620578783524],[121.6279000323175,25.019444555632038],[121.6272380506778,25.019555509978179],[121.62664201538144,25.01926450472417],[121.62589302492466,25.018572524500584],[121.62526598649089,25.018225558453668],[121.62470103667063,25.018049524350623],[121.62316602867593,25.01720751934047],[121.62266199529228,25.017263534570052],[121.62051302086671,25.018310574572556],[121.6199779988947,25.018249506564313],[121.61925601273418,25.018015523572878],[121.6177120007474,25.018290543534402],[121.61688706513132,25.018975558912924],[121.61634703751375,25.019600516311215],[121.61593707030097,25.01965657303175],[121.61465000874497,25.019333521501693],[121.61364402761264,25.01921352360694],[121.61326700326342,25.019124525457595],[121.61266500160417,25.019551553004725],[121.61203604563681,25.019517568264607],[121.61115198841422,25.019857529643637],[121.61052305234557,25.019794569304956],[121.61014399084846,25.019906543618969],[121.60982699374601,25.020192522302025],[121.60934901367719,25.020875542985209],[121.6089100377451,25.020672573259208],[121.60800799742945,25.019520550856971],[121.6076320012527,25.01937556128026],[121.6053670138139,25.019244567620806],[121.60395401036047,25.018949568743903],[121.60370500380489,25.018632580125214],[121.60330699808445,25.017426581969072],[121.6028730104006,25.016735551380691],[121.60291104266831,25.015904554813005],[121.60275903967758,25.015300512642831],[121.60219505028411,25.015011522501844],[121.60131404315064,25.015121533909234],[121.60059303904883,25.014839592339339],[121.59735200226855,25.014818507388608],[121.59713605368646,25.014388522012588],[121.59742702788712,25.013518598599092],[121.597276033258,25.012916513357752],[121.5965260336463,25.012366498893041],[121.59628203105527,25.011505582923764],[121.59631805626664,25.011046586790247],[121.59625803858145,25.010701560381818],[121.59564601028934,25.008864558517516],[121.59553703849291,25.007057574208268],[121.59572999099035,25.006571591165009],[121.5957359965865,25.005885546549045],[121.59577804421197,25.004709543678313],[121.5961280781215,25.004310508378072],[121.59669207357764,25.004513558550215],[121.59710106709525,25.004516520659671],[121.59763804223397,25.004234552897845],[121.59798803301258,25.00386251640175],[121.59836907932811,25.003493505863091],[121.59957307638385,25.002470549780387],[121.6004370647309,25.000813511472714],[121.60045601849158,24.998693536752079],[121.60024706503766,24.998218552280036],[121.5999470616902,24.997856522763946],[121.59972403148001,24.997545563754674],[121.59974300140847,24.997091515509069],[121.59968206776107,24.996726541548238],[121.59948002927855,24.996397537035286],[121.5988390432065,24.995946588950098],[121.59835603640732,24.995402556206241],[121.59815302771071,24.994820555523788],[121.59809204495579,24.9944755203115],[121.59818906191785,24.994145576801287],[121.59834705176962,24.993598511180465],[121.59874599144916,24.993270506320663],[121.59934406653238,24.992791550737881],[121.59920007758259,24.992263583994628],[121.59899805746049,24.991702517229065],[121.59931601249262,24.991335562937774],[121.59987500376751,24.991040508345076],[121.60059407680754,24.990800513357396],[121.60119306472572,24.990581570613799],[121.60175005881486,24.989795516388583],[121.60170802571945,24.989100559038704],[121.60186805796975,24.988775580118229],[121.60184502098279,24.988355565409417],[121.60112300016648,24.987920579700774],[121.60038106650255,24.987521513998065],[121.60005701928667,24.987249517621336],[121.5999360679004,24.98690554438328],[121.59983506476951,24.986246566855147],[121.5999470504041,24.985045533435784],[121.60004305926245,24.984424594032323],[121.60035900431234,24.983129559697751],[121.60035705211453,24.98272750643822],[121.60037105869995,24.981978582186965],[121.60040798511277,24.981524562572687],[121.60058505381657,24.980483527572609],[121.60050205661869,24.979864570984901],[121.60032104475418,24.979517585300023],[121.59953607064362,24.978957530954251],[121.59935401005488,24.978430510973638],[121.60008801639179,24.977022553762563],[121.60044499748682,24.976659513090237],[121.60086104764508,24.9764365296775],[121.60148101096183,24.976143569793365],[121.60218103926017,24.975903556451364],[121.60272102807815,24.975847555596253],[121.6034599916611,24.975534594200749],[121.60401903242398,24.97533151701662],[121.60487601681697,24.974597507146967],[121.60559301897631,24.974269553943969],[121.60635205739624,24.974374536833921],[121.60771300272108,24.974405562956242],[121.60819405009188,24.974475550495942],[121.60903703022838,24.974618555061255],[121.61057507221557,24.974411546182374],[121.61139702701212,24.974482571372683],[121.612092055091,24.973931569127522],[121.61241400819982,24.973729523757356],[121.6129910458864,24.973471540493339],[121.61347101957563,24.97336157857044],[121.61391105911542,24.973468569250514],[121.61445102114291,24.973410532770746],[121.61478901783512,24.972971511204431],[121.61568598749015,24.972128558818898],[121.61630399685123,24.971618566918636],[121.61694100746044,24.971285567781994],[121.61773904031064,24.970919573818637],[121.61844005806849,24.970823573280029],[121.61903900348,24.970638512102916],[121.61957801270566,24.970329556498754],[121.61985601777809,24.969890583690891],[121.61980304785223,24.969005524477769]]]},"properties":{"OBJECTID":20,"COUNTYNAME":"新北市","TOWNNAME":"深坑區","TOWNID":"F09","TRANSP":50,"CODE":" ","INDEXCODE":"1000118","Shape.STArea()":21092678.132141113,"Shape.STLength()":21677.717318524799}},{"type":"Feature","id":21,"geometry":{"type":"Polygon","coordinates":[[[121.53108103018353,24.994906515256758],[121.53068901420764,24.996471556711146],[121.53064604874962,24.998528514141086],[121.53066803547274,25.00005154222211],[121.53120400824749,25.001252563624277],[121.53300707059915,25.001569527709449],[121.534022014901,25.002019508488765],[121.53420607528933,25.003557554331081],[121.53264406502633,25.006070513466511],[121.53237602799817,25.007644509647452],[121.53183004944317,25.008815545085334],[121.53129005259298,25.00938458012839],[121.53092100132852,25.009536588239047],[121.53005900722826,25.009949583041241],[121.52902002539057,25.010142527323126],[121.52845301570126,25.010341557609124],[121.52690605127711,25.011046515761432],[121.52643106536063,25.011386518696181],[121.52592404275755,25.011783514217512],[121.52525703741568,25.012552525356423],[121.52267900699123,25.015856556863877],[121.5217510061816,25.017397537880637],[121.52136903692096,25.017881569776659],[121.52086200217816,25.01836449958725],[121.51949899284321,25.019472527951301],[121.51852005226542,25.020010549014984],[121.51650104030416,25.020740529813846],[121.51394900809051,25.021496529629403],[121.51281506553956,25.021717588880033],[121.51176000516081,25.021885548068184],[121.51068703721953,25.021931588651288],[121.51017605070537,25.021807562342619],[121.50915505779646,25.021497575332599],[121.50862806041668,25.021232581855077],[121.50819005991279,25.020750567497306],[121.50522804101583,25.017777572894694],[121.50460500373795,25.017084543935816],[121.50174400970555,25.013448578888834],[121.50096503142554,25.012582528983888],[121.50040399694302,25.012033556651321],[121.49962405113209,25.011426543597924],[121.49821806484434,25.010498552660643],[121.49568205725349,25.009278550104316],[121.49489805512431,25.009158545221045],[121.49401202182442,25.009152548630762],[121.49503104101348,25.008269548993706],[121.49631901844663,25.008192585179231],[121.49779100945086,25.008859503699128],[121.49823104356967,25.008833575654958],[121.49886400262125,25.008846525451023],[121.50059302970244,25.008044534023533],[121.50169005982251,25.007490517651018],[121.50264302133172,25.007080544046595],[121.50320803189594,25.007083502369436],[121.50374307425548,25.006973528534495],[121.50421606536402,25.006716579966042],[121.50497402765293,25.006203518163119],[121.50585602484186,25.005952578315675],[121.50649906343595,25.005733510348918],[121.50722508197278,25.005564543659126],[121.50787407714651,25.004930571819191],[121.5082240702541,25.004414548063973],[121.50888803889124,25.004105549334987],[121.50865102143224,25.002785512158297],[121.50822200449559,25.002563502981246],[121.50758300779474,25.001969583113361],[121.50736599323119,25.001596523689695],[121.50652503361231,25.000729539733911],[121.50646901241193,24.999838565905716],[121.50821003782723,24.999792534262216],[121.51193902891053,25.003723538286987],[121.51252702900649,25.004444556676816],[121.5129670344991,25.004476536996567],[121.51432102510776,25.004112515977461],[121.51445806847937,25.003780581024056],[121.51479503548397,25.002497565130795],[121.51501204245595,25.001551569064468],[121.51491603669929,25.001375558277385],[121.51479103159475,25.001224581711863],[121.513960067865,25.000220536832067],[121.51412002679477,24.999010539998299],[121.51429505770193,24.998599572240863],[121.51467904041068,24.998114567541489],[121.51465601824731,24.997647567747372],[121.51395106409339,24.996169523387433],[121.51257103597707,24.994429502237299],[121.51195203965074,24.993767551112377],[121.51278107929492,24.993298524667669],[121.51360500505973,24.9932955059096],[121.51399501981352,24.99343853106042],[121.51450301199763,24.993851577509965],[121.51468605811024,24.994207591727058],[121.51519299727502,24.994605542474972],[121.51553606711003,24.994832520830943],[121.51611108016893,24.994954593961907],[121.51679902907641,24.995141539822793],[121.51707405706951,24.995411544323527],[121.51787907083994,24.995743534354947],[121.51837902020578,24.996163545024171],[121.52116205857132,24.99681953052605],[121.52432801447311,24.997221568477517],[121.52568103838151,24.997252561480948],[121.5261900584278,24.996496567447938],[121.52663800566738,24.995501509629722],[121.52841207050527,24.995211533577283],[121.52943600492739,24.99540851495016],[121.53108103018353,24.994906515256758]]]},"properties":{"OBJECTID":21,"COUNTYNAME":"新北市","TOWNNAME":"永和區","TOWNID":"F29","TRANSP":50,"CODE":" ","INDEXCODE":"1000104","Shape.STArea()":6176458.2256469727,"Shape.STLength()":13625.313632329495}},{"type":"Feature","id":22,"geometry":{"type":"Polygon","coordinates":[[[121.4075689781111,24.952134581739625],[121.40828095943584,24.952841511022623],[121.40903599696011,24.953299563866565],[121.40975996897501,24.954046547524111],[121.41032698895064,24.955713578515159],[121.41054693791204,24.956028533623602],[121.41045294700773,24.956575514020894],[121.41020194874829,24.956977543431638],[121.41013998222984,24.957553594938204],[121.41010893951318,24.957896522276513],[121.41029897994511,24.959392582119047],[121.41011093027203,24.959708573486282],[121.40992294193916,24.960686586619371],[121.40989093848701,24.961061565015889],[121.4098919667441,24.962065518607325],[121.4100189915583,24.962726560760544],[121.41061696137801,24.963962525675296],[121.41017697381716,24.964624588151352],[121.41027197741107,24.964969513522416],[121.41146698898248,24.96522850309222],[121.41209595439331,24.965456561401115],[121.41269497048073,24.966087575843808],[121.41555698216769,24.966803564493681],[121.41634395171086,24.967034594363941],[121.4176969469768,24.96751955856843],[121.41989899703808,24.967748572275955],[121.42301400307655,24.969037502211428],[121.42427399493269,24.97009854945205],[121.4247150000546,24.970817544878518],[121.42562793982046,24.97150855261377],[121.4260679446172,24.971764535278631],[121.42653999778398,24.971936552318027],[121.42707495246276,24.971964532124566],[121.42767292890986,24.971791539720609],[121.42873493274082,24.972205537338134],[121.427484987277,24.972511524746775],[121.42704399156717,24.97265553604111],[121.42682496854795,24.973030510707545],[121.42667998702555,24.974012568191466],[121.42704698756269,24.975675585927938],[121.42793099572522,24.976112586803758],[121.42855794837367,24.977787577898706],[121.42654195618259,24.979281545553363],[121.42648598593983,24.980533515438708],[121.42680093380471,24.981338539623472],[121.42670696131546,24.98211558912439],[121.42646297585019,24.98336257306082],[121.42606396017737,24.984175519900734],[121.4258299932456,24.984991524430608],[121.42539096214071,24.986258576072732],[121.42473097704325,24.986863505893261],[121.42451100169318,24.987236587176568],[121.42451198743636,24.987785559880329],[121.42460695353324,24.98824350626845],[121.42495292711598,24.989134498453478],[121.42649694984151,24.990771584583399],[121.42756699468288,24.991459502957323],[121.42791292853963,24.991806582905649],[121.42854298735034,24.992206559239087],[121.42879495697757,24.992839500288248],[121.42882792869617,24.993559567090088],[121.42942594742016,24.994074580080085],[121.42974095066896,24.994708510106641],[121.43008194458565,24.995162587938477],[121.43008299569676,24.996144590166082],[121.43050700254075,24.998231528214284],[121.43120098693063,24.999825589099778],[121.43125994348256,25.000400563471981],[121.43093998996683,25.000972586770242],[121.43137496858367,25.001634504439973],[121.43171092713227,25.002929566958823],[121.43221099840335,25.003221564192749],[121.43208198870241,25.003650554279986],[121.43160593934368,25.004193583043044],[121.43122498236322,25.004594585388855],[121.43059093306019,25.005222595529364],[121.42999193228087,25.00547649807806],[121.43030296712213,25.005879569488709],[121.43001798806883,25.006178534989395],[121.4297319617087,25.006479571335515],[121.42991693452538,25.00691253261369],[121.42960096132637,25.007111547109165],[121.42925399178471,25.007252582760522],[121.42909096187512,25.007912535922902],[121.42911997031574,25.008314518099802],[121.42826892392893,25.008566529853649],[121.42752497885813,25.008336541440933],[121.42713999021579,25.008215573579832],[121.42672493026734,25.008900539121644],[121.42675195042071,25.00941050126216],[121.42677999638245,25.009936554101586],[121.42652594663065,25.010251581054906],[121.42712097686906,25.010513519543],[121.42661492510591,25.010767519949493],[121.42638995740538,25.011456542481746],[121.42619797895554,25.011827552633509],[121.42569392214597,25.011995592078481],[121.42543692340102,25.012569579842783],[121.42524598285242,25.012913595063434],[121.42467097608213,25.013481541527305],[121.42404493534293,25.013679524531675],[121.42403693006499,25.014657577381417],[121.42403292916869,25.01508854923944],[121.4235299992902,25.015085556045072],[121.4237429882597,25.015948586346994],[121.42402200051004,25.016496574800033],[121.42392396308426,25.01683950442397],[121.42313797010873,25.016921566126086],[121.42234798847105,25.017318563116934],[121.42184293099055,25.017631582744801],[121.42048193243365,25.018799561484705],[121.42007098070839,25.019053535371484],[121.41906193248057,25.019422517118091],[121.41830594120685,25.019418503231755],[121.41792700013215,25.019615589257395],[121.41754693427478,25.020016553276839],[121.41729699902812,25.019698531416612],[121.41695296093138,25.019464567418332],[121.41579900060981,25.019495508477199],[121.41502693314177,25.019761589915259],[121.41449992238628,25.019534525525948],[121.41392097066385,25.019486572706018],[121.4135359613431,25.019828578957537],[121.41312297830886,25.020357574712058],[121.41248097821298,25.02029859201237],[121.41247095181399,25.019377558507689],[121.41230494432203,25.019152562033614],[121.41211599356365,25.018688538514962],[121.41158392084729,25.018335532355959],[121.41111396631078,25.018325544569525],[121.41064494878258,25.01837650757458],[121.40988598349018,25.018554581505011],[121.40928794512892,25.018467564714918],[121.40756598790763,25.017479545349843],[121.4060279863162,25.017124568392124],[121.40451801389827,25.017142582092806],[121.40388996013186,25.017024574377601],[121.40309100352023,25.016816545704341],[121.40161995155584,25.015986502191311],[121.40028292539175,25.016034528134458],[121.39769896818292,25.016235501689167],[121.39719697434769,25.016146551338927],[121.39635897818647,25.015081549388281],[121.39564198746589,25.014640578328557],[121.3950929461258,25.014479528265422],[121.39437199499184,25.014533531329068],[121.39301794221367,25.015516511010276],[121.39257793524649,25.015540513855836],[121.3923279279467,25.015281587797634],[121.39233098556296,25.014906502923093],[121.39249192364863,25.014477563307214],[121.39262297780097,25.01387452621189],[121.3922219324692,25.012837504271907],[121.39156592903507,25.012288542569898],[121.39178995023755,25.011858529215488],[121.39226893314468,25.010884568426313],[121.39299799749733,25.010228570703575],[121.39416898673805,25.009460523078317],[121.39501992361609,25.009180529819407],[121.39767395284305,25.007733599216404],[121.39839994906656,25.007535535074847],[121.39884095285879,25.007396564234881],[121.3992829719019,25.007169567717153],[121.39960198467816,25.006709585625874],[121.39963591776771,25.006366566064994],[121.40030497383528,25.005364510885077],[121.40002795856418,25.004559507019056],[121.4005359542756,25.004016580388647],[121.40076095458792,25.003501581616252],[121.40129997496021,25.002929573701604],[121.40170995933727,25.002731538683985],[121.40202699916074,25.002475522553432],[121.40173598918159,25.001564552573718],[121.40174597517682,25.000941515823165],[121.40212400162265,25.000468542382535],[121.40235399538568,25.000007533606588],[121.40209896645885,24.999354514540599],[121.40120599585593,24.999049576185222],[121.40064298165095,24.99864449762919],[121.40017294808329,24.9984115520638],[121.39945096186337,24.998291519007179],[121.39904099157776,24.998490531848478],[121.39860097939994,24.998343541712607],[121.39793299667988,24.997561513131227],[121.39742894969024,24.997447558055548],[121.39686296734274,24.997331509428484],[121.39667399254019,24.996930576056162],[121.39651594669331,24.995752515881346],[121.39629594170108,24.99543554876918],[121.395601997331,24.995033536671205],[121.39443696651396,24.993625550276374],[121.39409095604343,24.993482547763577],[121.3918570005531,24.993657554307877],[121.39106994336268,24.993285556464787],[121.39040894839185,24.993399516208903],[121.39000094188422,24.994062518893447],[121.38993792891243,24.994552509273483],[121.38965500648396,24.994925516089467],[121.38852299340022,24.995731527885475],[121.38805096559109,24.996364536186448],[121.38751601102277,24.996363584976631],[121.38650895587811,24.995962508907319],[121.38430694925533,24.995735528746959],[121.38389795724306,24.995332535819326],[121.38367695059159,24.99412555111547],[121.38367595203376,24.993148501016886],[121.3842419810626,24.992025539059032],[121.38420996351726,24.991163518464571],[121.38336897857876,24.990542587528292],[121.38338896206621,24.989659584479714],[121.38357998068636,24.988921585011191],[121.38335999300239,24.98848856492927],[121.3833129624349,24.987285556706304],[121.38395694488158,24.986674531897201],[121.38436997521929,24.986124575926215],[121.38430196141752,24.985612539088699],[121.38319393403778,24.984787597695405],[121.38228795461984,24.983954548847457],[121.38188000501523,24.983923534937308],[121.38103297381336,24.98426656739974],[121.38047000774361,24.984094550122091],[121.37935800460117,24.983742539572624],[121.37817898301445,24.982926519299248],[121.37681393715539,24.981358544701333],[121.37603199438348,24.981098588353671],[121.37518595010684,24.980981536493871],[121.37481097378462,24.980722528106369],[121.37393498038884,24.980291509264941],[121.37346598575887,24.98020257182781],[121.37312094889765,24.980059517277919],[121.37236999634413,24.979829531610559],[121.37205800270759,24.979455510689096],[121.37143495772591,24.978563542717271],[121.37020795200738,24.977566526955329],[121.36974596420031,24.977271523846518],[121.36928397244375,24.977085591848081],[121.36857794307635,24.976789550710823],[121.3690980159566,24.974998603957268],[121.36985495067684,24.973881525478031],[121.37061000043315,24.972934564317264],[121.37130095447317,24.972648521912248],[121.37183399576155,24.972534588918659],[121.37268295051497,24.971819526336567],[121.3750060015566,24.970619577924193],[121.37569694031883,24.970044578300016],[121.37598098160987,24.96952955375227],[121.37582597669561,24.968983513898074],[121.37585897407847,24.968495570451299],[121.3762049647616,24.968124511312414],[121.37689599837184,24.967723581337047],[121.37705496725559,24.967235521820776],[121.37749496465864,24.966864561082467],[121.37759092958562,24.966374578750642],[121.37802997311775,24.966118568927083],[121.37803200452902,24.965660519456883],[121.37837799429686,24.965429578045722],[121.37887898695196,24.965317504445345],[121.38016294104146,24.965377534064253],[121.38085196586977,24.965492526464342],[121.38166696147377,24.965350580725168],[121.38216898256306,24.965151556387845],[121.38235899657499,24.964751520527884],[121.38098396930739,24.963743594705939],[121.37957998056972,24.962361570741635],[121.37911200899347,24.961727552292555],[121.37858399182501,24.960666527949073],[121.37792596953356,24.960577541453208],[121.37729994966695,24.960375526890907],[121.37658095900842,24.960086505170889],[121.37561193480467,24.959452592935698],[121.37511097923735,24.95925050639557],[121.37348298818273,24.959044575730299],[121.37198195462382,24.958323560220308],[121.37120092930311,24.957662587874296],[121.37045001109928,24.95723051518922],[121.36998196632672,24.956827527005174],[121.36935694266198,24.95645257224303],[121.36872995134614,24.956135574233624],[121.36660100634732,24.955612532694715],[121.36603696384934,24.955582590646184],[121.36591399013967,24.955180556652113],[121.36613695182032,24.954232577082415],[121.36579796367693,24.952653565881331],[121.36598799602787,24.952280553594591],[121.36586498210126,24.951592558189926],[121.36555395245881,24.95107351334434],[121.3653979940014,24.950672543647634],[121.36471395129665,24.949520561554255],[121.36462095778397,24.94914852061655],[121.3640909647762,24.948601554487112],[121.36352996885951,24.947708589975921],[121.36299894267552,24.94722058539465],[121.36249798535849,24.947074542170029],[121.3620600029776,24.946872547344174],[121.36177998753269,24.946528580033277],[121.36162795562991,24.945291581046572],[121.36212896464735,24.945150593029169],[121.36253696108952,24.945181573826083],[121.36385000255476,24.945873519525666],[121.36444399393213,24.946219514976374],[121.36497393898519,24.947053602725141],[121.36547393571539,24.94742654981237],[121.36584999894053,24.947457586238649],[121.36644597900144,24.947227597511784],[121.36713496527045,24.947260572848787],[121.36807492744511,24.947318566538549],[121.36873299725801,24.94709156799312],[121.36929699916216,24.947148591605426],[121.37014494192367,24.946693575231993],[121.37052195348991,24.946579592692618],[121.37155497633807,24.946782527424016],[121.37215000945592,24.946697523157965],[121.37315293873975,24.946672538723362],[121.37397098870545,24.945898582330486],[121.37447299314108,24.945468524894306],[121.37503895025628,24.945067552073901],[121.37619899424087,24.944899569212836],[121.37669999637973,24.944926567520561],[121.3781069734078,24.945591525774589],[121.37967200475777,24.945883534133156],[121.38108295103285,24.945712527244932],[121.38183593644047,24.94531358640327],[121.38224393200002,24.945028571684244],[121.3828099744003,24.944453581003913],[121.38321897822917,24.943937590443756],[121.38358994966892,24.943724545337204],[121.38396695140975,24.943694590734395],[121.38450194247537,24.943722560458735],[121.38494194776534,24.94377956768988],[121.38585400471928,24.943980546301503],[121.38701800658512,24.944352595444869],[121.38745797944762,24.944610586373852],[121.38808696650054,24.944552521605299],[121.38865296094045,24.944725589890869],[121.38915598632796,24.945184579264478],[121.39060300161195,24.945241559851713],[121.39327496580364,24.945075526598973],[121.39380992251371,24.945351573529905],[121.39469099547013,24.946326564863298],[121.39597999413,24.94644052808713],[121.39623194071991,24.94609755812213],[121.39660899551613,24.945750558576112],[121.3963259882762,24.945291552227783],[121.39594800844849,24.944890561724034],[121.39585297745373,24.944545549981385],[121.39594799886542,24.944199566494902],[121.39654497563502,24.94327953073817],[121.39723597053846,24.942675536219838],[121.39789597644197,24.942847586555533],[121.39874494764922,24.943334514349516],[121.39924896546091,24.943563593390348],[121.39965798003294,24.943707589971535],[121.40110595824603,24.94497157327153],[121.40179794327892,24.945832548492163],[121.40182994020721,24.946608515342913],[121.40242794727565,24.947701518913849],[121.40274293647288,24.948389581322548],[121.40453598991935,24.949797524960221],[121.40500796925616,24.950256544929779],[121.40560595632867,24.95080155069434],[121.4075689781111,24.952134581739625]]]},"properties":{"OBJECTID":22,"COUNTYNAME":"新北市","TOWNNAME":"樹林區","TOWNID":"F15","TRANSP":50,"CODE":" ","INDEXCODE":"1000107","Shape.STArea()":32215665.120483398,"Shape.STLength()":33043.731034441953}},{"type":"Feature","id":23,"geometry":{"type":"Polygon","coordinates":[[[121.52733902599901,24.987006518050791],[121.5268050098025,24.987143574362221],[121.52686207672244,24.987513564440736],[121.52811007166564,24.988612568403163],[121.52930806175819,24.990470549520442],[121.5302800057277,24.992137545531982],[121.53108103018353,24.994906515256758],[121.52943600492739,24.99540851495016],[121.52841207050527,24.995211533577283],[121.52663800566738,24.995501509629722],[121.5261900584278,24.996496567447938],[121.52568103838151,24.997252561480948],[121.52432801447311,24.997221568477517],[121.52116205857132,24.99681953052605],[121.51837902020578,24.996163545024171],[121.51787907083994,24.995743534354947],[121.51707405706951,24.995411544323527],[121.51679902907641,24.995141539822793],[121.51611108016893,24.994954593961907],[121.51553606711003,24.994832520830943],[121.51519299727502,24.994605542474972],[121.51468605811024,24.994207591727058],[121.51450301199763,24.993851577509965],[121.51399501981352,24.99343853106042],[121.51360500505973,24.9932955059096],[121.51278107929492,24.993298524667669],[121.51195203965074,24.993767551112377],[121.51257103597707,24.994429502237299],[121.51395106409339,24.996169523387433],[121.51465601824731,24.997647567747372],[121.51467904041068,24.998114567541489],[121.51429505770193,24.998599572240863],[121.51412002679477,24.999010539998299],[121.513960067865,25.000220536832067],[121.51479103159475,25.001224581711863],[121.51491603669929,25.001375558277385],[121.51501204245595,25.001551569064468],[121.51479503548397,25.002497565130795],[121.51445806847937,25.003780581024056],[121.51432102510776,25.004112515977461],[121.5129670344991,25.004476536996567],[121.51252702900649,25.004444556676816],[121.51193902891053,25.003723538286987],[121.50821003782723,24.999792534262216],[121.50646901241193,24.999838565905716],[121.50652503361231,25.000729539733911],[121.50736599323119,25.001596523689695],[121.50758300779474,25.001969583113361],[121.50822200449559,25.002563502981246],[121.50865102143224,25.002785512158297],[121.50888803889124,25.004105549334987],[121.5082240702541,25.004414548063973],[121.50787407714651,25.004930571819191],[121.50722508197278,25.005564543659126],[121.50649906343595,25.005733510348918],[121.50585602484186,25.005952578315675],[121.50497402765293,25.006203518163119],[121.50421606536402,25.006716579966042],[121.50374307425548,25.006973528534495],[121.50320803189594,25.007083502369436],[121.50264302133172,25.007080544046595],[121.50169005982251,25.007490517651018],[121.50059302970244,25.008044534023533],[121.49886400262125,25.008846525451023],[121.49823104356967,25.008833575654958],[121.49779100945086,25.008859503699128],[121.49631901844663,25.008192585179231],[121.49503104101348,25.008269548993706],[121.49401202182442,25.009152548630762],[121.49307606522351,25.009146536236734],[121.49197402797017,25.009398570314929],[121.4913430732298,25.009768503914444],[121.49061606337966,25.010337556290626],[121.49010906606954,25.010765583589503],[121.48893099917954,25.012710527530686],[121.48856804989019,25.013962508893428],[121.4852179919078,25.013462533116442],[121.48414899767388,25.013486512222169],[121.48354999227506,25.013741536788999],[121.48260692695065,25.013763569530287],[121.48210693599084,25.013444564437602],[121.4817339856355,25.012953506346523],[121.48133798219166,25.012789556181293],[121.48195895119068,25.012381520528702],[121.48221299756933,25.011895568715886],[121.48180897489509,25.011289576373454],[121.4812089547252,25.01165954227276],[121.48036099262997,25.011653530943796],[121.4798599957122,25.01144955725017],[121.47910692582033,25.011300563147834],[121.47797598990253,25.011236576003036],[121.47662491615196,25.011200552816373],[121.47568498754936,25.010907591884639],[121.47515396210154,25.010414588278039],[121.47475197703707,25.009608590280909],[121.47434694409263,25.009261533426045],[121.47428695132841,25.008830588941347],[121.47375897318925,25.008110588519202],[121.47272498192152,25.007700525487099],[121.47188196163239,25.007035587965664],[121.4711309739325,25.006628500292404],[121.47006698911382,25.00610655501756],[121.46800493615258,25.004598531530061],[121.46791496206089,25.003995584839753],[121.46763493107238,25.003649565664201],[121.46760896637498,25.002987543744183],[121.4668909507031,25.002410595037734],[121.46588693747219,25.002000566204071],[121.46592299122688,25.001571574659277],[121.46642999553404,25.000912585664697],[121.46649692275612,25.000395539108791],[121.466093978228,24.999762520402566],[121.46591198499719,24.998957521334564],[121.46560395215172,24.99822758140202],[121.46570998675953,24.997764506814679],[121.46451192165459,24.996242523661905],[121.46435399537549,24.995551563392443],[121.46554798893159,24.994257586420598],[121.46586192603287,24.993766592997037],[121.46648999395273,24.993105584855446],[121.46686794180795,24.993248507517382],[121.46748595504577,24.993260566189921],[121.46841092850421,24.994022501455575],[121.46925000308306,24.99438752981527],[121.46925899268069,24.993376517068072],[121.46925796581716,24.992956582847263],[121.4693789866586,24.99263655606563],[121.46985798118297,24.992275507233408],[121.47025093421865,24.992175587694188],[121.47042200349335,24.992465519194681],[121.47079999076014,24.992810580216617],[121.47133591601109,24.993241559682609],[121.47268993781944,24.994016561532334],[121.47338195197321,24.994043533322998],[121.47432499743076,24.993582566886527],[121.4747350021603,24.992409557229369],[121.47520397712826,24.991912550645054],[121.47614898440617,24.990975556024132],[121.47770296436924,24.990780521072573],[121.47841097041278,24.990785561995644],[121.47932193536532,24.990324578853127],[121.47995198153872,24.990324528817965],[121.47988798811578,24.989920512463662],[121.47937994216043,24.988721553183115],[121.47872694513492,24.987495525846068],[121.47793294546193,24.98690458428533],[121.47682998613764,24.985669524180764],[121.4763889932445,24.985469581463857],[121.47610492010904,24.985240518821033],[121.47525395400388,24.984319580704202],[121.47449797128633,24.983918564952155],[121.47437196042179,24.983401510723652],[121.47480894948038,24.981732537762976],[121.47518496717079,24.981185530477855],[121.47534197176161,24.980841559242215],[121.47546696448772,24.980179508158077],[121.47578098603793,24.979661591231107],[121.47615793364217,24.979401519246554],[121.47666194914432,24.979573539256176],[121.47713299232854,24.979544586158664],[121.47769893506771,24.979312521074743],[121.47801296680537,24.978968586528509],[121.47823299349814,24.978593535215932],[121.47955193688259,24.977643586626492],[121.47964599905387,24.977268585977832],[121.47948794438985,24.976666582502212],[121.47967596256601,24.976146528092332],[121.48087000130064,24.975483559938755],[121.48168593860881,24.974190574699733],[121.48203094021184,24.973498558215169],[121.48141300031079,24.971755588086726],[121.48010694385536,24.970683550467545],[121.4797279735364,24.969506558500793],[121.47963193960655,24.968757547697916],[121.47963095654298,24.967868549647161],[121.4787479586101,24.966861576972487],[121.47906198121842,24.966459585016782],[121.47937594482447,24.966085579167228],[121.47968997464332,24.965479531861245],[121.48000296917165,24.965106523626307],[121.48012794209566,24.964474536267385],[121.4800819764816,24.963995593807173],[121.48059794042551,24.964127569783869],[121.48160599755269,24.963980558563104],[121.48195097680073,24.96375155127231],[121.48245394667656,24.963605549687305],[121.48298896790412,24.963405537679161],[121.48352291757298,24.963374544527319],[121.48314696820432,24.964036521966815],[121.48358695952405,24.964209534332163],[121.48409200729446,24.964697539655099],[121.48462695122538,24.964982564733806],[121.48582198316323,24.96489550560791],[121.48613699618953,24.965210591467688],[121.48692406296944,24.965496588735292],[121.4874590070645,24.965754512532985],[121.48796301407944,24.965955565933069],[121.48849703972409,24.966270559878534],[121.48960008114622,24.967045504746615],[121.49041800586329,24.967446518510346],[121.49158202476346,24.967530524671485],[121.49208607339497,24.967818513511901],[121.49236901825306,24.968076532386405],[121.49262206975253,24.968335546103848],[121.49309399912642,24.968620571716027],[121.49359706122129,24.968763555693407],[121.49419603758199,24.969194509108053],[121.4951400218891,24.969221528953373],[121.49545406032969,24.969450544543374],[121.49580101767745,24.969593585330482],[121.49630404771371,24.969709556817737],[121.49684001292002,24.97016753578529],[121.49734304085064,24.970340561030309],[121.49806802812874,24.970798535004825],[121.49854001452751,24.970769599910781],[121.49954606831801,24.970766593470831],[121.50017406386442,24.970246563719275],[121.50080300107008,24.970302516222624],[121.50114900958582,24.970130518686442],[121.50152602516826,24.969986592006961],[121.5019350462223,24.970044529843097],[121.50240802044496,24.970358593690456],[121.50275502398476,24.970932565218021],[121.50281907654043,24.971478522049409],[121.50379601054432,24.972168564703438],[121.50423800810195,24.972999551416017],[121.50430206863106,24.973460525905342],[121.50483701269336,24.973460529356043],[121.50553004836988,24.973862588990301],[121.50575103115565,24.974204588117029],[121.5058140479383,24.9746085956941],[121.50587800741756,24.97500953584829],[121.50628703383062,24.975182585237818],[121.50694906480375,24.975929573989159],[121.50735801890603,24.976043569972131],[121.50822102752829,24.976211546823262],[121.50873102109851,24.97637955360079],[121.5090540048937,24.976626569152149],[121.50935201994615,24.976918532244724],[121.50969505042565,24.977251518110336],[121.51015507616576,24.977665565293329],[121.51050101958195,24.977811539498386],[121.5110300719103,24.978497569229628],[121.51112507874744,24.979147516343694],[121.51188200240489,24.979517542368633],[121.51252701091822,24.979849572005222],[121.51282502863074,24.980101533908755],[121.51316903637618,24.980745576395712],[121.51351700448315,24.981139567335365],[121.51400002642215,24.981473510583481],[121.51439108222951,24.981659513999407],[121.51429607918229,24.981996537934936],[121.51395605245536,24.982372598157568],[121.5138170156949,24.982812525216975],[121.51379901076356,24.983374549306212],[121.51405107871732,24.983791534088812],[121.51469703394919,24.984500528794136],[121.51486200055849,24.985585515558469],[121.51509401160376,24.986148578416657],[121.5156230333204,24.986772551578035],[121.5159210053377,24.987064499868257],[121.51677104726271,24.987393553883042],[121.51733304838564,24.987578589774468],[121.51766805316799,24.987618502927521],[121.51817107637174,24.9877864996946],[121.51847003888318,24.988180573027932],[121.51884003496325,24.988284569852361],[121.51989207237963,24.988050561897783],[121.52025806577385,24.98819655551382],[121.52078800056752,24.988214552989749],[121.52227602387941,24.988313540066404],[121.52291801628996,24.988186588662227],[121.52332903755465,24.987579569558608],[121.5231440381658,24.987226549300033],[121.52254200402928,24.985517581507189],[121.52255907571821,24.984763590061224],[121.52271803446516,24.984388513151618],[121.52327507674154,24.98426953990036],[121.52499000450507,24.984922525121434],[121.52662306745735,24.986126553297222],[121.52733902599901,24.987006518050791]]]},"properties":{"OBJECTID":23,"COUNTYNAME":"新北市","TOWNNAME":"中和區","TOWNID":"F16","TRANSP":50,"CODE":" ","INDEXCODE":"1000103","Shape.STArea()":18892623.495544434,"Shape.STLength()":25495.857747603277}},{"type":"Feature","id":24,"geometry":{"type":"Polygon","coordinates":[[[121.45745597119323,24.945965601954292],[121.45786495388542,24.946279540370572],[121.4583059722964,24.946711595126285],[121.45893600673554,24.947514600026523],[121.45956496882521,24.947858567263268],[121.46025697135205,24.947885590599476],[121.46088494075865,24.947712550346921],[121.46151392778926,24.947597558707336],[121.46315099011223,24.948772588915517],[121.46349797436612,24.949232528545163],[121.4636870024456,24.949606564059884],[121.4641899404765,24.949749560043873],[121.46535493206832,24.950810544083872],[121.46576396206686,24.950954534876299],[121.46626799368312,24.951297514059302],[121.46699198421456,24.951613530838632],[121.46727493335381,24.95195853648006],[121.46733892905232,24.952533583054421],[121.46712093853643,24.953078550788348],[121.46737299548259,24.95368253339084],[121.46809791828835,24.954544515530067],[121.46995397375296,24.954685579847425],[121.47058299057198,24.955259560512172],[121.47099195995069,24.955316586749262],[121.47149499034036,24.955344533032306],[121.47196795492425,24.955774528090171],[121.47218798442988,24.9560915723448],[121.47228296983101,24.956493515269059],[121.47215800453591,24.956838555346117],[121.47218997366168,24.957211537730878],[121.47231695656853,24.95784451277267],[121.47203498335595,24.95844856407189],[121.47203496048382,24.958823541018013],[121.47225596669088,24.95922454174508],[121.47342092585734,24.960170523941322],[121.47373595822475,24.960458545671845],[121.47401996322453,24.960859532783648],[121.47442900461193,24.960973531651359],[121.47571897639519,24.961431518518765],[121.47675792531685,24.962207584952843],[121.47722995524389,24.962494553782758],[121.47760797283239,24.962608567372147],[121.47804895803151,24.963038556213338],[121.47845799572899,24.963066578928423],[121.47952795291059,24.963467562158044],[121.4800819764816,24.963995593807173],[121.48012794209566,24.964474536267385],[121.48000296917165,24.965106523626307],[121.47968997464332,24.965479531861245],[121.47937594482447,24.966085579167228],[121.47906198121842,24.966459585016782],[121.4787479586101,24.966861576972487],[121.47963095654298,24.967868549647161],[121.47963193960655,24.968757547697916],[121.4797279735364,24.969506558500793],[121.48010694385536,24.970683550467545],[121.48141300031079,24.971755588086726],[121.48203094021184,24.973498558215169],[121.48168593860881,24.974190574699733],[121.48087000130064,24.975483559938755],[121.47967596256601,24.976146528092332],[121.47948794438985,24.976666582502212],[121.47964599905387,24.977268585977832],[121.47955193688259,24.977643586626492],[121.47823299349814,24.978593535215932],[121.47801296680537,24.978968586528509],[121.47769893506771,24.979312521074743],[121.47713299232854,24.979544586158664],[121.47666194914432,24.979573539256176],[121.47615793364217,24.979401519246554],[121.47578098603793,24.979661591231107],[121.47546696448772,24.980179508158077],[121.47534197176161,24.980841559242215],[121.47518496717079,24.981185530477855],[121.47480894948038,24.981732537762976],[121.47437196042179,24.983401510723652],[121.47449797128633,24.983918564952155],[121.47525395400388,24.984319580704202],[121.47610492010904,24.985240518821033],[121.4763889932445,24.985469581463857],[121.47682998613764,24.985669524180764],[121.47793294546193,24.98690458428533],[121.47872694513492,24.987495525846068],[121.47937994216043,24.988721553183115],[121.47988798811578,24.989920512463662],[121.47995198153872,24.990324528817965],[121.47932193536532,24.990324578853127],[121.47841097041278,24.990785561995644],[121.47770296436924,24.990780521072573],[121.47614898440617,24.990975556024132],[121.47520397712826,24.991912550645054],[121.4747350021603,24.992409557229369],[121.47432499743076,24.993582566886527],[121.47338195197321,24.994043533322998],[121.47268993781944,24.994016561532334],[121.47133591601109,24.993241559682609],[121.47079999076014,24.992810580216617],[121.47042200349335,24.992465519194681],[121.47025093421865,24.992175587694188],[121.46985798118297,24.992275507233408],[121.4693789866586,24.99263655606563],[121.46925796581716,24.992956582847263],[121.46925899268069,24.993376517068072],[121.46925000308306,24.99438752981527],[121.46841092850421,24.994022501455575],[121.46748595504577,24.993260566189921],[121.46686794180795,24.993248507517382],[121.46733897072403,24.992615533522201],[121.46721195175382,24.99195455825005],[121.46695998136491,24.991636537336088],[121.46648697124309,24.991263588160084],[121.46683294413421,24.990775557259894],[121.46610794144945,24.990314544297895],[121.46535293312891,24.990086582568463],[121.46494293787222,24.989742590497574],[121.46434593338779,24.989685593453615],[121.46402995991478,24.989485577885855],[121.46365299873169,24.989428521881784],[121.46333794124632,24.989169552301327],[121.46146000434209,24.988990567655421],[121.46073395264094,24.988945596241603],[121.45998395446239,24.989337522412139],[121.46016191946261,24.990524555099515],[121.45925094672018,24.991044560139862],[121.45733194811079,24.991394570644673],[121.45707995918781,24.991681567965006],[121.45664195639471,24.992861565895865],[121.45670499247224,24.993292509860868],[121.45648498522996,24.993723515293546],[121.45632897957269,24.994356561307598],[121.45629798423202,24.995103541605712],[121.4563309735228,24.996024588852727],[121.45529296677843,24.995882589148682],[121.45494598405452,24.995364568581717],[121.45434597824421,24.993985586809284],[121.45371594471416,24.993323511824766],[121.45365194757109,24.992405533680259],[121.45336792914949,24.991916577456625],[121.45333598151849,24.991514519509707],[121.45305299245044,24.991082516630506],[121.45257997347336,24.991054531331805],[121.45166899248288,24.991718586004666],[121.4510709747104,24.992033524609557],[121.45063094185379,24.99217950790495],[121.45015995601858,24.992668599612191],[121.44921600546783,24.992698530755288],[121.44868093835909,24.992440572342925],[121.44663395155798,24.991868583811716],[121.44597294654264,24.991782533205601],[121.44559497867353,24.991695542951128],[121.44455599357821,24.991152577177136],[121.44417894898272,24.991094564718683],[121.4438959239729,24.991325544889882],[121.44336199079711,24.992015527520387],[121.44304796782477,24.992533554012731],[121.44270200640358,24.992851504854077],[121.44175697620956,24.991759542809199],[121.44100098354191,24.990811563336482],[121.44071695271288,24.990121592429819],[121.44036898226058,24.989001567433824],[121.44027499113915,24.988511556123111],[121.43989697023645,24.987993514122433],[121.43942398363741,24.987534512646619],[121.43932894984236,24.987162516131121],[121.43891999480078,24.986558510235916],[121.43879800725767,24.98614353447271],[121.43857700286142,24.985453549916514],[121.43819793676737,24.984362592853028],[121.43775798832588,24.983700519274002],[121.43686698315884,24.982181551336613],[121.43629993086643,24.981548564017661],[121.43598395668306,24.980658582631929],[121.43588792648902,24.980254538794743],[121.43579295965104,24.979480572333685],[121.4350399369068,24.978712592199358],[121.43491392273688,24.978311523340533],[121.43402394051094,24.977275597769577],[121.43358200048476,24.976568540519391],[121.43298197189146,24.97564960101019],[121.43242498354127,24.974346602244122],[121.43097693535876,24.973483540455035],[121.43044196351967,24.97331353515343],[121.42990698183958,24.972881507336723],[121.42933996411473,24.972538587580967],[121.42873493274082,24.972205537338134],[121.42767292890986,24.971791539720609],[121.42707495246276,24.971964532124566],[121.42653999778398,24.971936552318027],[121.4260679446172,24.971764535278631],[121.42562793982046,24.97150855261377],[121.4247150000546,24.970817544878518],[121.42427399493269,24.97009854945205],[121.42301400307655,24.969037502211428],[121.41989899703808,24.967748572275955],[121.4176969469768,24.96751955856843],[121.41634395171086,24.967034594363941],[121.41555698216769,24.966803564493681],[121.41269497048073,24.966087575843808],[121.41209595439331,24.965456561401115],[121.41146698898248,24.96522850309222],[121.41027197741107,24.964969513522416],[121.41017697381716,24.964624588151352],[121.41061696137801,24.963962525675296],[121.4100189915583,24.962726560760544],[121.4098919667441,24.962065518607325],[121.40989093848701,24.961061565015889],[121.40992294193916,24.960686586619371],[121.41011093027203,24.959708573486282],[121.41029897994511,24.959392582119047],[121.41010893951318,24.957896522276513],[121.41013998222984,24.957553594938204],[121.41020194874829,24.956977543431638],[121.41045294700773,24.956575514020894],[121.41054693791204,24.956028533623602],[121.41032698895064,24.955713578515159],[121.40975996897501,24.954046547524111],[121.40903599696011,24.953299563866565],[121.40828095943584,24.952841511022623],[121.4075689781111,24.952134581739625],[121.4086259654397,24.951573587857983],[121.40884597577585,24.951286582404091],[121.40846797878764,24.950281580295073],[121.40859098480243,24.94757954445382],[121.40884300173684,24.947318546535243],[121.40871596844168,24.946572543727175],[121.40880998091217,24.946199565138212],[121.40934499538442,24.945564512790444],[121.40915596593605,24.945134520229729],[121.40918699950609,24.944788528331216],[121.40956401095249,24.94421459991424],[121.40978294503377,24.94309256650488],[121.40959393637537,24.942546553366924],[121.40915292318802,24.941742539574157],[121.40952892620301,24.941510548254126],[121.41040994591799,24.941309567665645],[121.41210794819608,24.941307593639305],[121.41248595739607,24.941335530435659],[121.41333493768749,24.941450549546538],[121.41377496423637,24.941363551396119],[121.41446593787425,24.94055858728106],[121.41455999927022,24.939867582908654],[121.41487299184736,24.939408567077702],[121.41528196969035,24.939321562493259],[121.41634995365267,24.938745588773692],[121.41672694973349,24.938112591818033],[121.41760600482574,24.937507523600857],[121.41832995757888,24.937679581512679],[121.41895994684579,24.938252508355244],[121.41949499717741,24.938711582892427],[121.42015499771765,24.938712523306968],[121.42125500599413,24.938336520387377],[121.42194699424145,24.938307559148559],[121.42336199574626,24.93833452227457],[121.42395996182729,24.93841859934216],[121.42446297162901,24.938390530453443],[121.42590893840847,24.938447524855206],[121.42688398429178,24.939049510763372],[121.4282359803892,24.939018553337373],[121.42898993042776,24.938930519553601],[121.4304679289845,24.939131574575971],[121.43147494242494,24.939733527136841],[121.43185294063052,24.939762588523031],[121.43226194413705,24.939991552769275],[121.43276494400999,24.9408225859117],[121.43326898133961,24.940967575460078],[121.43361395035333,24.940822551944379],[121.43417992923067,24.940303544360219],[121.43439899973967,24.939960606559485],[121.43455595765732,24.939557536092103],[121.43515293442717,24.93849359350877],[121.43596894689172,24.937341527402989],[121.43621995675427,24.936537561364236],[121.43684798568255,24.935673527411105],[121.43741294511847,24.935730567854716],[121.43920597638463,24.93624356281606],[121.43961496206265,24.936560541848568],[121.43986699015187,24.937106518771223],[121.44081098537264,24.93727754131347],[121.44140799947468,24.937593606027928],[121.44181697478666,24.93756358762047],[121.4424769770209,24.937791603415491],[121.44279293314897,24.938424600332954],[121.44329593450068,24.938739574252864],[121.4438940062756,24.939026541048346],[121.44433496159829,24.939573574908312],[121.44464993500004,24.939859579446559],[121.44600300180508,24.940805574523065],[121.44710398617553,24.941150540151749],[121.44826796462056,24.941810591663497],[121.44899092516799,24.942324525361837],[121.44940099260189,24.942698544846888],[121.44993699225131,24.943272529318875],[121.45018896665871,24.943589586856863],[121.45053499107708,24.943848582287064],[121.45138497273662,24.944247536703138],[121.4519199365869,24.944419549519189],[121.45242294476211,24.944477527486502],[121.45286299989723,24.944448557872679],[121.45345998684466,24.944361595787655],[121.45399494003605,24.94453358850615],[121.45478091889672,24.944646594555],[121.45563094776978,24.945162541485452],[121.45591399589037,24.94567859251649],[121.45604096358385,24.946025547412699],[121.45638693137934,24.946196583926039],[121.4568579360609,24.946167519394436],[121.45745597119323,24.945965601954292]]]},"properties":{"OBJECTID":24,"COUNTYNAME":"新北市","TOWNNAME":"土城區","TOWNID":"F17","TRANSP":50,"CODE":" ","INDEXCODE":"1000113","Shape.STArea()":29994685.51751709,"Shape.STLength()":26736.715469412207}},{"type":"Feature","id":25,"geometry":{"type":"Polygon","coordinates":[[[121.48868803033835,24.862248588047365],[121.48984399838679,24.863357559009316],[121.49197603236897,24.865244610342252],[121.49348202625769,24.867304523098728],[121.49404603923,24.867505541932204],[121.49495605154,24.868562552238902],[121.49774604008201,24.869989555604771],[121.49815402796817,24.870217539697808],[121.49890600333656,24.870161577999649],[121.49943805306057,24.870446567706736],[121.49972102845626,24.870702586741455],[121.50047402414147,24.87158952908678],[121.50176006262122,24.872819590255965],[121.50238605127022,24.873075547018942],[121.50329500418147,24.873218575795644],[121.50416201093265,24.873705579260619],[121.50460303158935,24.874020560561046],[121.50491908082472,24.874337589180239],[121.50598801190615,24.874794537853127],[121.50649101226782,24.875253600951957],[121.50687002191563,24.875971574421921],[121.50734200565843,24.876430550183823],[121.50775604245148,24.876711572317085],[121.50821506186534,24.876872546125739],[121.50878705938067,24.877511572031189],[121.50939702157025,24.877811521192783],[121.51285706044588,24.879129575704624],[121.51391006590097,24.879329568761086],[121.51579401378594,24.880062559889719],[121.51651706602578,24.88038059127696],[121.51757102999827,24.880730515709583],[121.51835008369396,24.881299544239045],[121.52016500936367,24.882692573600576],[121.52077603312452,24.883193549578731],[121.52116605250141,24.883379545070852],[121.52336402231929,24.883706562039595],[121.52417605651962,24.883784520294114],[121.52504403405081,24.883731537065465],[121.52637400217714,24.883508533099569],[121.52670500615999,24.88369453339503],[121.52722404792331,24.884062532561316],[121.52868701815196,24.884646518776748],[121.52959207230208,24.885113549704116],[121.53009306715144,24.885684573524077],[121.53111300838549,24.886572577731428],[121.532058014402,24.887174528420438],[121.53265005266817,24.887610607227458],[121.533209031182,24.888332559814437],[121.53378306244825,24.889154597802285],[121.53432303448893,24.889707595795642],[121.53467601465782,24.890668564494344],[121.53506699589215,24.891237530688475],[121.5356800080219,24.89204452613582],[121.53604906318098,24.892109566740046],[121.53697205446784,24.892155537310494],[121.53738405840321,24.89259459065822],[121.5382160283241,24.893227518171173],[121.53980901439219,24.893713581855131],[121.54030806801231,24.893743546147089],[121.54082406549205,24.893371580985136],[121.5421300427941,24.892254549148625],[121.54288002733121,24.891177530426024],[121.54357901841394,24.890466564487806],[121.54527403569733,24.889331553628438],[121.54654306234174,24.888351588066939],[121.5470990372103,24.888300526764485],[121.54768905039107,24.888449597710743],[121.54837407940944,24.88883551639497],[121.54911604985864,24.889674572176144],[121.54984203654261,24.890495533448249],[121.55060207756902,24.890930555078096],[121.55119303157289,24.891197532622254],[121.55176602285583,24.891295557379436],[121.55328201781853,24.891443524910009],[121.55440899708211,24.891556547924033],[121.5549980410607,24.891554535398964],[121.5556620311976,24.89146655269785],[121.55662199705201,24.891108582631858],[121.55735900869792,24.89075351939065],[121.55778605244123,24.890733598379601],[121.55859800582937,24.890631593010546],[121.55937103736318,24.890373537945766],[121.55981306002862,24.890017575545592],[121.56099207288732,24.889358532675143],[121.56145203919543,24.888783548882675],[121.5618000158297,24.888464598107287],[121.56277505087066,24.887785549501086],[121.56417301789362,24.886704543067911],[121.56437105433285,24.885389517057458],[121.56456800650074,24.884192596706619],[121.56456499575096,24.883335563738264],[121.56430102873306,24.882426520722081],[121.56426101690816,24.881921587050034],[121.56459000066184,24.881113584926986],[121.56484704503821,24.88058857096182],[121.56482601983006,24.880236603238441],[121.56439304140856,24.878351602355185],[121.56459203271845,24.877088572095946],[121.56516204383387,24.877154597635499],[121.56555099403953,24.877168562160762],[121.56682506807853,24.876981520586426],[121.56723103889382,24.87716254154941],[121.56767502875456,24.877397599831067],[121.56865406559656,24.877579615615776],[121.56928104330231,24.877253518598856],[121.56990599089227,24.876696570987455],[121.57045901080943,24.87652759811667],[121.57068405287741,24.876880589144662],[121.57107307951642,24.876962532474803],[121.57147604553948,24.876792590419534],[121.57232102745387,24.87594757054752],[121.57304001311671,24.875289578308752],[121.57383101372653,24.874830568183096],[121.57462404774164,24.874827518217256],[121.57569703412891,24.874977607929633],[121.57608602093865,24.8751946026395],[121.57629202071723,24.875731583590845],[121.5765930270238,24.877009573376636],[121.5768360454742,24.877850606785767],[121.57731703060659,24.878101560675454],[121.57767099747524,24.878470564732517],[121.57804301646755,24.879123551413581],[121.5780999915047,24.87952756708227],[121.57801001685357,24.880015569873429],[121.57745999500786,24.880827520709484],[121.57702005299319,24.881720569872392],[121.57724599436591,24.882207552871652],[121.57776406977102,24.882896537423747],[121.57776600359503,24.8833835539631],[121.57726904792858,24.883672519170048],[121.57695601831986,24.88399651558289],[121.57684805355819,24.884515562870831],[121.57648504994602,24.885613553330273],[121.57639604439957,24.886187604579732],[121.57649001822048,24.88685955174256],[121.57662206692522,24.887396538659281],[121.57697700193179,24.887968521309805],[121.57745905254406,24.888386595617085],[121.57762607281192,24.888839562247224],[121.57777800861653,24.88961359527109],[121.5782260277484,24.890539593383469],[121.57839700568624,24.891698528369275],[121.57820108201788,24.892997581823206],[121.57861206112204,24.894137537700892],[121.57885406352969,24.8946285915011],[121.5788570124933,24.895314522723613],[121.57867701061092,24.896039530690189],[121.57812699261065,24.89690160509894],[121.5775560559986,24.897409529476292],[121.57717201009343,24.897833577261729],[121.57639906932582,24.898639512460324],[121.57591806035462,24.898844528091928],[121.57431403675358,24.899372593905237],[121.5737060613466,24.899609596900085],[121.57309802383809,24.899713613041897],[121.57193401954738,24.900089536405424],[121.57160507059966,24.900391549344057],[121.57059206909774,24.901172556503955],[121.57027906842129,24.901374553332492],[121.5697610572833,24.90154556231855],[121.56924801084882,24.901852523578356],[121.56906501251913,24.902203552458044],[121.56858501134082,24.902845543333761],[121.56799500183561,24.903303585557978],[121.56758999393975,24.903388556737411],[121.56679702967529,24.903407551544795],[121.56665006043123,24.903728550018865],[121.56924405113681,24.905384539623512],[121.57017106258068,24.906173566550617],[121.57085700366997,24.90676054085365],[121.57111799345776,24.907246576414419],[121.57139806734898,24.908188585364996],[121.57171300873841,24.908440556432357],[121.57225199706853,24.908722542956454],[121.57308501871447,24.908988590905839],[121.57496706982705,24.908980540782292],[121.57598299822503,24.908807591641033],[121.57687006402297,24.908753601131444],[121.57779199553403,24.9087005554907],[121.57836600567268,24.908716567807556],[121.5791410477556,24.909031565117491],[121.58173306377496,24.910033547539403],[121.58434402120621,24.911354575278924],[121.5864199945121,24.912809595918514],[121.5879180610499,24.913812600607265],[121.5890280150561,24.914313579378948],[121.58980600012647,24.914446578136044],[121.5902110007722,24.914460589175903],[121.59181706279801,24.91428456510663],[121.59292507094652,24.91385959741261],[121.59397500547215,24.913282522325488],[121.59470602487914,24.912270531154586],[121.59510904087999,24.911226612853021],[121.59531105670328,24.910920527985294],[121.59649005841312,24.910209571452562],[121.59720802881864,24.910071520469618],[121.59787200264269,24.910118527110864],[121.59844805482855,24.910639535760829],[121.59817401193797,24.910891555041058],[121.59716003913002,24.911570535454764],[121.59691099434906,24.912112558192199],[121.59687305123056,24.913119542437684],[121.59676206406046,24.913690525366455],[121.59658206910018,24.914483544060488],[121.59682406527354,24.915191532530887],[121.59679104712684,24.915661532914534],[121.59664405294092,24.915998551215388],[121.59653602162041,24.916540538863359],[121.59661201226302,24.916907540365671],[121.5967240432896,24.917245590520427],[121.59656103483992,24.917666544431519],[121.59648899017735,24.918154584634141],[121.59653003888525,24.918709520687344],[121.59625304816612,24.91908055752798],[121.59594003687876,24.919384552039958],[121.59562899990446,24.91979155387407],[121.59566907718025,24.920179546997719],[121.59583604476622,24.920598550393738],[121.59578698914822,24.921761590738075],[121.5955320290788,24.922436542522757],[121.59557403553636,24.923191567638174],[121.59561303036901,24.923814593155033],[121.59515399047298,24.924728539304621],[121.59489902827887,24.924998524666893],[121.59480900194116,24.925603562766263],[121.59470303441,24.92671455167681],[121.59424305794212,24.927338582924524],[121.59443006178034,24.927674519854527],[121.59472801265689,24.928363520336585],[121.59506403059552,24.928902561311904],[121.59525303999906,24.929810577769427],[121.59549701720957,24.930787538910771],[121.59592701911062,24.931896575273509],[121.59609700962396,24.932382561474029],[121.59650402127784,24.932767546436203],[121.59656100104422,24.933254526821248],[121.59656303021663,24.933644576124834],[121.59645603034325,24.934317573180696],[121.59643903437836,24.934789588353421],[121.59674001441267,24.935492558929791],[121.59735600005409,24.936821595967132],[121.59784200626949,24.937612574262729],[121.59877007235275,24.938414588966772],[121.5994350209113,24.938614543326572],[121.59980499612455,24.938834523910835],[121.59991802061566,24.939371574351053],[121.59953905453038,24.940955521079591],[121.59935706704728,24.941357597027977],[121.59865704551649,24.941983590520781],[121.59827506450398,24.942727577552013],[121.59800002644786,24.943432578001428],[121.59792905515155,24.944141552205149],[121.59808102022721,24.944779571528837],[121.59874504838538,24.944896530996239],[121.59942906511506,24.944927543245079],[121.59998306915732,24.944959543590393],[121.6002820695077,24.945244558929449],[121.60067001508511,24.945728575988301],[121.60126902625018,24.947057573635391],[121.60163900959923,24.947139597429672],[121.60302504993226,24.947050565103034],[121.60424299879581,24.947046537906658],[121.60514606897412,24.946905539629668],[121.60544302734024,24.946602574596977],[121.60608603506161,24.946245584912141],[121.60667901043819,24.946310520456866],[121.60688402443753,24.946695578933895],[121.60705205076266,24.94714851493551],[121.60685199262156,24.948009515447254],[121.60698398986484,24.948528509744026],[121.60680204607358,24.949018538697324],[121.60669501752325,24.949761513634353],[121.60726905621297,24.950246557584975],[121.60792005903892,24.950799542223418],[121.60816101723051,24.951098513262732],[121.60840298975893,24.951637539027125],[121.60848005092191,24.952176531123001],[121.60826405060978,24.95291751786932],[121.60815602132901,24.953455550371253],[121.60808805082675,24.954716536414612],[121.6080380538219,24.95591354161029],[121.60804003360855,24.956333555337249],[121.60842900602724,24.956399592898254],[121.60881504377544,24.956366598605406],[121.60975699207907,24.956362569464154],[121.61029703315651,24.956865523417338],[121.61029901093109,24.95728355618941],[121.61045205061066,24.958616597192929],[121.61049401818558,24.959790562066278],[121.61040200654469,24.960147571683873],[121.60936800050303,24.96412455621422],[121.60722903414498,24.963532591937142],[121.60619900273451,24.963345550716102],[121.60526498762744,24.963129596847775],[121.60462201901798,24.963028548958647],[121.60344604907775,24.962123556808248],[121.60303500779769,24.961671513487133],[121.60231405570755,24.961205562665139],[121.60175899584601,24.960988583266317],[121.60137000698329,24.960904555393792],[121.60079698654779,24.961008534545726],[121.60002301809141,24.96122753675257],[121.59930101357504,24.961081557746489],[121.59847101562757,24.961118569354412],[121.5976550060642,24.960465536834349],[121.59719202601603,24.960451591220266],[121.59687906639222,24.960752522277733],[121.59625204468412,24.961143550638408],[121.59551400336056,24.961263518821195],[121.59503606635549,24.961586584450711],[121.59468601725894,24.962108510288775],[121.59428400820788,24.962853562128068],[121.59380804091084,24.963779576583931],[121.59331200589095,24.964200591737416],[121.59284804187666,24.964137512972346],[121.59196003050512,24.964054550834913],[121.59153801152426,24.964444568532379],[121.59115006330809,24.964631557386145],[121.59081801597056,24.964379522792289],[121.59009399376464,24.963913524709959],[121.58933405451783,24.963710578362274],[121.58866901216648,24.963379592702758],[121.58820900694695,24.963615529342214],[121.58780204737663,24.963703541644314],[121.58700700613386,24.963487541737642],[121.5862130322205,24.963373565548864],[121.58560102466811,24.963339587389868],[121.58541800276382,24.963796538580613],[121.58492200648753,24.964369565920009],[121.58442400669136,24.964589584614199],[121.5837590068755,24.964544519070003],[121.58272606122965,24.964582516803056],[121.58222701557523,24.964666536265199],[121.58147000310501,24.964890521565412],[121.58069406684201,24.965245592083022],[121.5799580590127,24.965719599409983],[121.57938707559269,24.96612558785953],[121.57883399501469,24.966381558240393],[121.57824499606153,24.966569573248336],[121.57780005670804,24.966453552893359],[121.57709704741664,24.96640652421334],[121.57621100081916,24.966678582028845],[121.57499305905633,24.966902589617533],[121.57458505435204,24.966820558680698],[121.57458204856246,24.966280543714735],[121.57457902060739,24.965488537432492],[121.57439301182356,24.965171529845502],[121.57395103954437,24.964935582882646],[121.57335500831822,24.964382591030212],[121.57291006200433,24.963996517181119],[121.57233606388446,24.963948515283956],[121.57104500464089,24.96422253987755],[121.57006701419573,24.964291567598028],[121.56941806658352,24.964110581536239],[121.56902803347052,24.964010581700247],[121.56690204411265,24.96400353102295],[121.56625704960106,24.963971578770909],[121.56594405063586,24.964173579750145],[121.56548104903386,24.964157542359874],[121.56487204797398,24.964227568354612],[121.56437505744793,24.96456759816931],[121.56374604450693,24.964603566347265],[121.56274902574066,24.964709546847313],[121.5611960154982,24.964580519906054],[121.56040203559324,24.964987553783185],[121.560183071228,24.965374550241041],[121.55961401233922,24.966437600727048],[121.55921302312071,24.967366555774348],[121.55873403385894,24.96797357354848],[121.55855105840884,24.968375504126609],[121.55824304176419,24.969760541681758],[121.55800604288217,24.970465516773373],[121.557862066279,24.971309545551843],[121.55766101038479,24.972014562287537],[121.55723799967011,24.972540547434512],[121.55670602067808,24.972979536583644],[121.55635403917711,24.973299587200735],[121.55621106584692,24.974040594036275],[121.55604601587265,24.974598567229467],[121.55569806792472,24.975306563798494],[121.55513100541484,24.976669532123804],[121.55478804613888,24.976724525386853],[121.55418502974338,24.977033587352636],[121.55395606105898,24.977330585959471],[121.55367402430386,24.977985525133008],[121.55336905890016,24.979101561708298],[121.55329904905551,24.979925521897563],[121.55320204716827,24.98092350477329],[121.55349301921945,24.982247519012081],[121.55376906531892,24.983388572366437],[121.55407405791357,24.984466583928679],[121.55383601662176,24.985076573365138],[121.55330002664164,24.985765575945912],[121.55268903626373,24.986641578504198],[121.55227001587762,24.986995542517324],[121.55168500511657,24.987342528159353],[121.55103906528812,24.987162536938129],[121.55087000105111,24.986937519237213],[121.55098802288474,24.986561568147042],[121.55107506188527,24.98609255326809],[121.55100802640696,24.985715571928012],[121.5507750403083,24.985246568942962],[121.5505300486046,24.984868517814963],[121.54958507161554,24.984095517899192],[121.54890906928898,24.983784537783674],[121.54801905018211,24.983496526662748],[121.54713605618691,24.983375545475798],[121.54594004289339,24.983325579013631],[121.54549304121932,24.983489561979507],[121.54497001794172,24.983663570582564],[121.54449201004996,24.984080563012039],[121.54423700826233,24.984557504286041],[121.54419105710637,24.984957566439306],[121.54420501352926,24.985421516502068],[121.54424301186035,24.98601557426527],[121.54459099287207,24.987093548904351],[121.54456800486118,24.987752567627176],[121.54407104915312,24.988175581193655],[121.54353401442565,24.988195515981904],[121.54157506688244,24.987880593817248],[121.54041106236934,24.987701533462374],[121.53955801409479,24.987636547628227],[121.53911499208417,24.987706511597256],[121.53753805672696,24.988202576785984],[121.53689302738739,24.988550542287602],[121.53593305001773,24.98942754658664],[121.53559500141581,24.990121575010448],[121.53557905595869,24.990778574858457],[121.53588605125472,24.991555589414723],[121.53703305199171,24.993282586400241],[121.53686600855197,24.994181578806465],[121.53536702474555,24.995493561368992],[121.53507001442378,24.994777553152346],[121.5347540550689,24.99415559793194],[121.53436204204019,24.993594579668766],[121.53394104738773,24.99296451146482],[121.53324402337756,24.992059503528331],[121.5324210516184,24.990996583781467],[121.53152903517028,24.990173524448391],[121.52945105999115,24.98827852425951],[121.52832207576786,24.987289517096489],[121.52793201422996,24.987040537225671],[121.52733902599901,24.987006518050791],[121.52662306745735,24.986126553297222],[121.52499000450507,24.984922525121434],[121.52327507674154,24.98426953990036],[121.52271803446516,24.984388513151618],[121.52255907571821,24.984763590061224],[121.52254200402928,24.985517581507189],[121.5231440381658,24.987226549300033],[121.52332903755465,24.987579569558608],[121.52291801628996,24.988186588662227],[121.52227602387941,24.988313540066404],[121.52078800056752,24.988214552989749],[121.52025806577385,24.98819655551382],[121.51989207237963,24.988050561897783],[121.51884003496325,24.988284569852361],[121.51847003888318,24.988180573027932],[121.51817107637174,24.9877864996946],[121.51766805316799,24.987618502927521],[121.51733304838564,24.987578589774468],[121.51677104726271,24.987393553883042],[121.5159210053377,24.987064499868257],[121.5156230333204,24.986772551578035],[121.51509401160376,24.986148578416657],[121.51486200055849,24.985585515558469],[121.51469703394919,24.984500528794136],[121.51405107871732,24.983791534088812],[121.51379901076356,24.983374549306212],[121.5138170156949,24.982812525216975],[121.51395605245536,24.982372598157568],[121.51429607918229,24.981996537934936],[121.51439108222951,24.981659513999407],[121.51400002642215,24.981473510583481],[121.51351700448315,24.981139567335365],[121.51316903637618,24.980745576395712],[121.51282502863074,24.980101533908755],[121.51252701091822,24.979849572005222],[121.51188200240489,24.979517542368633],[121.51112507874744,24.979147516343694],[121.5110300719103,24.978497569229628],[121.51050101958195,24.977811539498386],[121.51015507616576,24.977665565293329],[121.50969505042565,24.977251518110336],[121.50935201994615,24.976918532244724],[121.5090540048937,24.976626569152149],[121.50873102109851,24.97637955360079],[121.50822102752829,24.976211546823262],[121.50735801890603,24.976043569972131],[121.50694906480375,24.975929573989159],[121.50628703383062,24.975182585237818],[121.50587800741756,24.97500953584829],[121.5058140479383,24.9746085956941],[121.50575103115565,24.974204588117029],[121.50553004836988,24.973862588990301],[121.50483701269336,24.973460529356043],[121.50430206863106,24.973460525905342],[121.50423800810195,24.972999551416017],[121.50379601054432,24.972168564703438],[121.50281907654043,24.971478522049409],[121.50275502398476,24.970932565218021],[121.50240802044496,24.970358593690456],[121.5019350462223,24.970044529843097],[121.50152602516826,24.969986592006961],[121.50114900958582,24.970130518686442],[121.50080300107008,24.970302516222624],[121.50017406386442,24.970246563719275],[121.49954606831801,24.970766593470831],[121.49854001452751,24.970769599910781],[121.49806802812874,24.970798535004825],[121.49734304085064,24.970340561030309],[121.49684001292002,24.97016753578529],[121.49630404771371,24.969709556817737],[121.49580101767745,24.969593585330482],[121.49545406032969,24.969450544543374],[121.4951400218891,24.969221528953373],[121.49419603758199,24.969194509108053],[121.49359706122129,24.968763555693407],[121.49309399912642,24.968620571716027],[121.49262206975253,24.968335546103848],[121.49236901825306,24.968076532386405],[121.49208607339497,24.967818513511901],[121.49158202476346,24.967530524671485],[121.49041800586329,24.967446518510346],[121.48960008114622,24.967045504746615],[121.48849703972409,24.966270559878534],[121.48796301407944,24.965955565933069],[121.4874590070645,24.965754512532985],[121.48692406296944,24.965496588735292],[121.48613699618953,24.965210591467688],[121.48582198316323,24.96489550560791],[121.48462695122538,24.964982564733806],[121.48409200729446,24.964697539655099],[121.48358695952405,24.964209534332163],[121.48314696820432,24.964036521966815],[121.48352291757298,24.963374544527319],[121.48298896790412,24.963405537679161],[121.48245394667656,24.963605549687305],[121.48195097680073,24.96375155127231],[121.48160599755269,24.963980558563104],[121.48059794042551,24.964127569783869],[121.4800819764816,24.963995593807173],[121.47952795291059,24.963467562158044],[121.47845799572899,24.963066578928423],[121.47804895803151,24.963038556213338],[121.47760797283239,24.962608567372147],[121.47722995524389,24.962494553782758],[121.47675792531685,24.962207584952843],[121.47571897639519,24.961431518518765],[121.47442900461193,24.960973531651359],[121.47401996322453,24.960859532783648],[121.47373595822475,24.960458545671845],[121.47342092585734,24.960170523941322],[121.47225596669088,24.95922454174508],[121.47203496048382,24.958823541018013],[121.47203498335595,24.95844856407189],[121.47231695656853,24.95784451277267],[121.47218997366168,24.957211537730878],[121.47215800453591,24.956838555346117],[121.47228296983101,24.956493515269059],[121.47218798442988,24.9560915723448],[121.47196795492425,24.955774528090171],[121.47149499034036,24.955344533032306],[121.47099195995069,24.955316586749262],[121.47058299057198,24.955259560512172],[121.46995397375296,24.954685579847425],[121.46809791828835,24.954544515530067],[121.46737299548259,24.95368253339084],[121.46712093853643,24.953078550788348],[121.46733892905232,24.952533583054421],[121.46727493335381,24.95195853648006],[121.46699198421456,24.951613530838632],[121.46626799368312,24.951297514059302],[121.46576396206686,24.950954534876299],[121.46535493206832,24.950810544083872],[121.4641899404765,24.949749560043873],[121.4636870024456,24.949606564059884],[121.46349797436612,24.949232528545163],[121.46315099011223,24.948772588915517],[121.46151392778926,24.947597558707336],[121.46088494075865,24.947712550346921],[121.46025697135205,24.947885590599476],[121.45956496882521,24.947858567263268],[121.45893600673554,24.947514600026523],[121.4583059722964,24.946711595126285],[121.45786495388542,24.946279540370572],[121.45745597119323,24.945965601954292],[121.45745496075199,24.945448587196388],[121.45826998156831,24.943605590122029],[121.45842598619946,24.942370551078877],[121.45848697195672,24.941218516543355],[121.45848597592355,24.940616557212156],[121.45870495727769,24.940069529599491],[121.45882896458534,24.939437546472217],[121.4595519836481,24.938918591144681],[121.45989695961345,24.938718516841643],[121.46033691892174,24.938342546761049],[121.46074499921643,24.937912579276279],[121.46077594560582,24.937537594671667],[121.46052399478947,24.936992561269442],[121.46045995250296,24.936330559898312],[121.46004993121865,24.935815539893326],[121.46014293144118,24.935038571321208],[121.45992198626934,24.934262559966012],[121.46070794802203,24.933944558373938],[121.46127394757214,24.933886569798403],[121.46240598517856,24.933914568076144],[121.46303396449535,24.933567519172037],[121.46353695073005,24.933367588399275],[121.46400798066369,24.933336597645315],[121.46630095774616,24.93204053529405],[121.46711799897967,24.931895584111366],[121.4675899517427,24.931722550979917],[121.46796596409878,24.93120454222742],[121.46834296747564,24.930887519486213],[121.46919196214024,24.930771540298398],[121.4698529863883,24.931229582133337],[121.47085895909144,24.931226583889163],[121.47161295778179,24.930765527212554],[121.47258698156784,24.930735528208253],[121.47302697464626,24.930878593915612],[121.47368799625767,24.930879572542285],[121.47393897757203,24.930562570580722],[121.47560295135636,24.929667546081976],[121.47604296086999,24.929494575640156],[121.47670297588871,24.929149549462554],[121.47751996839987,24.929176548228163],[121.47799196454017,24.92897458818781],[121.47843093684214,24.928659598566821],[121.47896593712288,24.928831502234438],[121.47943797158827,24.928915585426335],[121.48012895056556,24.928915530113859],[121.48078895009321,24.928741572520114],[121.48138698714057,24.928739554952589],[121.48232895734836,24.928538597112745],[121.48349200135075,24.928421520337892],[121.48437193515893,24.927959524441754],[121.48481194943024,24.927813543538708],[121.48499992091611,24.927411582603931],[121.48537599456414,24.92680757778178],[121.48568894445995,24.92643455718148],[121.48587693011477,24.925973543928709],[121.48593899148582,24.925370560714249],[121.48813501769106,24.922320571645226],[121.48932601408534,24.92073755302134],[121.48973301404152,24.919559548548477],[121.48992104951118,24.919243533803449],[121.49029703988644,24.918896581307074],[121.49130103169077,24.917658540380469],[121.4918660791952,24.91734155866612],[121.49196001971377,24.916938549253413],[121.49173906570705,24.916508591731944],[121.49183205678895,24.915618560052113],[121.4917040080414,24.914813570381838],[121.49132601139776,24.914440557359015],[121.49094900919199,24.914010569859133],[121.49085308062016,24.913579568954994],[121.49091504161227,24.912832561650053],[121.4904720280241,24.911711520351698],[121.490220002868,24.911453568769186],[121.48962200563221,24.911195579212272],[121.49006102484259,24.910275516569168],[121.48999604462186,24.909327571323498],[121.48943000242262,24.908869582496958],[121.4893030676093,24.90837952953828],[121.48952301794682,24.90806352407704],[121.49015000513315,24.907230600629028],[121.49033704647989,24.906769584224929],[121.49071301342117,24.905562593849833],[121.49080605361233,24.905160583375856],[121.49099406418314,24.904844567049906],[121.49143305330784,24.904441607631384],[121.49228099748564,24.903805595234157],[121.49259401752137,24.903490526707358],[121.4913360639144,24.902916536283833],[121.49067505944889,24.902056517751824],[121.49045406652699,24.901713595332183],[121.48966804501758,24.901282589221829],[121.48825403097315,24.90122853780494],[121.48771807295735,24.900683582731912],[121.48727804375771,24.900511562691406],[121.48652397366691,24.900455513951126],[121.48583092391337,24.899592600979837],[121.48570397648123,24.899135601209487],[121.48598694883516,24.898759600194509],[121.48626797584595,24.898155548456831],[121.48510496026957,24.897870573214131],[121.48447496022463,24.897297545616727],[121.48296300077037,24.895144568844898],[121.48286694466164,24.8942535235925],[121.48258296826724,24.893766595175212],[121.48223695628241,24.893277520187429],[121.48160694549775,24.892446518471779],[121.48129195807245,24.891872560679072],[121.48069292790893,24.890982593013128],[121.48047194414303,24.890522548514671],[121.47987499888717,24.890208528885474],[121.47943497868154,24.890151521799716],[121.47861698025524,24.889463593491634],[121.47836497087556,24.889148561301994],[121.47811295840768,24.888602570876333],[121.47795494315046,24.888142585143335],[121.47644393933612,24.886651546191437],[121.47575296565067,24.886335564347416],[121.47550096612753,24.886019531175673],[121.475561939749,24.884841576421273],[121.47549696767541,24.884440532356233],[121.47514996059309,24.8833195731962],[121.47505491877152,24.882802589831659],[121.47498993609149,24.88188452403848],[121.47388898676053,24.88076660214886],[121.47360593279075,24.880333557503441],[121.47306994828848,24.87958853749312],[121.47272394785379,24.879216557683943],[121.47196795318838,24.877435589751951],[121.47202996095761,24.876889577769639],[121.47271993419297,24.876228534131908],[121.47309597746272,24.876112570359574],[121.47384993964857,24.876053574448889],[121.47447797361228,24.875678579808074],[121.47485394951134,24.875075582093974],[121.47516692633528,24.874329595473739],[121.47548099493487,24.874039568925504],[121.47642191155175,24.873607595643414],[121.47672592366077,24.873227583404134],[121.47747694802777,24.872110522235577],[121.47766394306835,24.871278600599165],[121.47807098508096,24.870819516290315],[121.47875993838872,24.8706755452002],[121.47938694303002,24.87013053080393],[121.47875794493928,24.868040561362712],[121.47806596129938,24.866925592573196],[121.47778395672427,24.866379594318499],[121.47768892869199,24.865865600682181],[121.47784498315809,24.86552153877933],[121.47881599693891,24.864717538286509],[121.47890899959458,24.864087551187687],[121.47893995633083,24.863715535684491],[121.48050498422263,24.861766603051485],[121.48091192231887,24.861652525777082],[121.48156995117385,24.861650581743277],[121.4820399501566,24.861678591981171],[121.48329296970323,24.861877527138102],[121.48476596222739,24.862764554183791],[121.4856749904109,24.862933521406173],[121.48670893687535,24.862417561094279],[121.48771106373168,24.862387579202274],[121.48808706220386,24.862214519185546],[121.48868803033835,24.862248588047365]]]},"properties":{"OBJECTID":25,"COUNTYNAME":"新北市","TOWNNAME":"新店區","TOWNID":"F07","TRANSP":50,"CODE":" ","INDEXCODE":"1000106","Shape.STArea()":121173726.18237305,"Shape.STLength()":65231.596957116577}},{"type":"Feature","id":26,"geometry":{"type":"Polygon","coordinates":[[[121.71975306303946,24.846706524127956],[121.72015299625255,24.84726457437133],[121.72069801514819,24.848114551588225],[121.72061004492575,24.848509545417677],[121.72088202507581,24.848786595106766],[121.72137000077451,24.849129597345762],[121.72169704689944,24.849653589708549],[121.7227079887771,24.850190532636589],[121.72368299983422,24.850596538385506],[121.72453001950811,24.85066060180781],[121.72493304318117,24.850789573205272],[121.72538405615865,24.8510175301505],[121.72616301094887,24.851835563413054],[121.72661604934723,24.852340606688063],[121.7267270494855,24.852800546249785],[121.72707098524005,24.85311054319914],[121.72763103573972,24.85350257508706],[121.72860701513348,24.854123517079056],[121.72916705600338,24.854316536099514],[121.72970898811987,24.854709543935581],[121.73001699144622,24.854985593088639],[121.73064902296707,24.855361534565553],[121.73117203190782,24.855489536139451],[121.73203798162423,24.855616561762858],[121.73294006451474,24.855860533512583],[121.73362405939031,24.855871528897399],[121.73421801199977,24.855753588702232],[121.73475806056521,24.85575156363381],[121.7361509882974,24.855710578170047],[121.73672701928021,24.855692565932351],[121.7375710168766,24.855475585270021],[121.73852397907248,24.855191519861535],[121.73884603085843,24.854778572466216],[121.73954602926446,24.854364561029154],[121.74011998544016,24.853917597268218],[121.7405310106071,24.853454538505748],[121.74119499537778,24.853106608329639],[121.74193004248204,24.852511568116192],[121.74263199526358,24.852442522359301],[121.74339004081568,24.852718563805389],[121.74394802504872,24.852731589975136],[121.74457805375884,24.852712560197478],[121.74535298700769,24.852742546838549],[121.74574901706052,24.85287158398598],[121.74629803449874,24.853198572594184],[121.74685702731946,24.853473609637394],[121.74723699901456,24.853701590219394],[121.7476390386483,24.854652569845776],[121.74805502098775,24.855029530461554],[121.7488109942981,24.855025553523543],[121.74949502450168,24.854921542644195],[121.75024897686258,24.854541528439128],[121.7507350104614,24.854504605046035],[121.75113297621667,24.854897614484607],[121.75226802326731,24.854941556590063],[121.75270002232133,24.854890534338562],[121.75315003234725,24.854887546775171],[121.75358402691714,24.85509753089239],[121.75360400454497,24.855458588204804],[121.75346299105121,24.855920597592405],[121.75396900415254,24.856296531922588],[121.75474398897104,24.856342548964044],[121.75551801557947,24.856419530306955],[121.75629403495277,24.85661252776131],[121.75687099602382,24.856774558816163],[121.75764999574386,24.856623540350967],[121.7582190102125,24.856701547276987],[121.75919004771593,24.856749522486464],[121.75962700140605,24.856893576177495],[121.76097302708197,24.856816564021056],[121.76096599102176,24.857733582101439],[121.76159002380972,24.85805255104065],[121.76187002106815,24.858313591673724],[121.76205202653557,24.859059534460311],[121.76195403424089,24.859517535358709],[121.76144901812778,24.860057584676976],[121.76191605600683,24.860405526848755],[121.76241400553351,24.86092459312648],[121.76285102055868,24.861127585168198],[121.7631700427022,24.860299540443165],[121.76361004984884,24.859900568403464],[121.76417500111347,24.859847559161089],[121.76470300871424,24.860366552400571],[121.76541698493531,24.861172611907119],[121.76587901725119,24.862123597534264],[121.76603201015182,24.862582570488556],[121.76674699980394,24.863244600987937],[121.76724599293775,24.863477593065973],[121.76771504271315,24.863537574508914],[121.76742204737853,24.864970516193726],[121.76757598605985,24.865341539530441],[121.7679810065176,24.865633531466376],[121.7686989824378,24.865810592974714],[121.76919998855348,24.865812528262389],[121.76976497869323,24.86561459760766],[121.77033102128043,24.865245553259172],[121.77080198994275,24.865076543734599],[121.77114797773041,24.864905555494349],[121.77158500374129,24.864936517762168],[121.77224104370775,24.86514151514789],[121.77277302606682,24.86517453149072],[121.77330599517767,24.865119570983733],[121.77390105588333,24.86498160381101],[121.7745580442555,24.865129516366942],[121.77493399804607,24.864987535336031],[121.77552605386246,24.865334608845149],[121.77580304175628,24.865996610455191],[121.77570603256325,24.866396548571299],[121.77526698554219,24.866565596477624],[121.77526399767594,24.86693758931467],[121.77569904576808,24.867341537159827],[121.77650100205345,24.868924560892516],[121.77721699293311,24.86944459913391],[121.77736398273275,24.870734605883708],[121.77770601809827,24.871024551970372],[121.77905005942789,24.871376520487573],[121.78073398485193,24.8722475979745],[121.78202505458633,24.873141562376929],[121.78218104606222,24.873544605128846],[121.78264996568709,24.87377454903508],[121.78311905978488,24.874119523311371],[121.78358897595837,24.874092590185764],[121.78390299014183,24.873833519670825],[121.7844349928872,24.873749554952987],[121.78487404057985,24.873808553964214],[121.78515501755936,24.874095550543455],[121.78509097877235,24.874554558502879],[121.78477703144274,24.874955553732967],[121.78499502579005,24.875671573499922],[121.78474202019609,24.876530552800698],[121.78436400657871,24.877361573387962],[121.78411198751506,24.877705525388329],[121.7832340369512,24.878362562798081],[121.78276300728858,24.878590585694315],[121.78232299556693,24.879105542532677],[121.78232205003307,24.87956357490069],[121.78247802043995,24.879937546841607],[121.78244505372922,24.88062355722953],[121.7821620085755,24.881254527274702],[121.7821910048181,24.881854527391265],[121.78200202029444,24.882370526718216],[121.78222004742597,24.883030564531904],[121.78218703342898,24.883375548476781],[121.78202702751331,24.884866600571922],[121.78212002031803,24.885294527737127],[121.78230500980246,24.887045520437905],[121.78217806046287,24.887445530026699],[121.78198904792214,24.887960531678665],[121.78195604438947,24.888735556410118],[121.78176702911887,24.889250558666067],[121.78192202239042,24.889737575739474],[121.78286098276709,24.890197554680295],[121.78329896716487,24.890315599253146],[121.78452104109797,24.890202558692565],[121.78549200059534,24.890405560270072],[121.78583500745212,24.890721574880228],[121.7857720237763,24.891153574956853],[121.78555103617568,24.891580541349207],[121.78555004965591,24.891953518740525],[121.78583103071242,24.892441584168175],[121.78633201627648,24.892757585146637],[121.78680103010548,24.892858580587163],[121.78839905502183,24.892861610833975],[121.78886799009639,24.893080597340624],[121.78993297253578,24.893426558066277],[121.7907440253514,24.894690528046226],[121.79001102680114,24.896518596684178],[121.78991299778434,24.897123591105128],[121.79001800301221,24.897588565867387],[121.79037903957806,24.898168566408479],[121.79192300879596,24.899679570257142],[121.79236101197382,24.89999758679128],[121.79345799876351,24.899797545769157],[121.7921060059394,24.901887583663768],[121.79172998854314,24.902059588464393],[121.79128904921154,24.902600593593473],[121.79135100739268,24.903176565341621],[121.79103696728473,24.903518537327557],[121.79059799753965,24.903575574625464],[121.78987605030386,24.904032557456681],[121.78940399283941,24.904831585216964],[121.7885250469929,24.905574609469333],[121.7883369903367,24.905891518209582],[121.7879280450198,24.906231538793424],[121.7861730030456,24.906629573921272],[121.78573201186589,24.907631566248153],[121.78569897391618,24.908347540573349],[121.78516198422828,24.910039566635582],[121.78490900302155,24.911069561615726],[121.78484397893645,24.911670595839901],[121.7848740490099,24.912615572514181],[121.78493501932276,24.912960602757984],[121.78474600663745,24.913647607869354],[121.78465002463967,24.914363547114689],[121.78376803306662,24.916022536501611],[121.78348601224211,24.916281515100749],[121.78285798020566,24.916679552780831],[121.78232397093124,24.917136597753768],[121.78153903058053,24.917966577724567],[121.78084903543487,24.918394544427414],[121.78025298836333,24.918478569306359],[121.77987703911037,24.918764581171931],[121.77893602595292,24.919076574412571],[121.77852800390336,24.919248523587054],[121.77808802040504,24.919647553002864],[121.77827605476071,24.920163557477135],[121.77865099154933,24.920536564516812],[121.77893205351769,24.920938601018715],[121.77946299904033,24.921628520842567],[121.7802450292502,24.922288584823491],[121.78061899195423,24.922891555672539],[121.7811789992535,24.924470555155761],[121.78173705516591,24.927020536387591],[121.78176598768806,24.927737533242077],[121.78201604362323,24.928282555523236],[121.78286101361432,24.928630508191649],[121.78448699865606,24.930010588524311],[121.78526799183506,24.930843537419154],[121.78539198462258,24.931244572224543],[121.78542103162488,24.932104597996901],[121.78504300141213,24.933020570164498],[121.7851059850538,24.933421572501103],[121.78598104115297,24.934310535088663],[121.78597903517951,24.934999530523204],[121.78603899404713,24.93603057351887],[121.78613198630018,24.936632575840637],[121.78635002021433,24.937234548459259],[121.78722505949696,24.938267517632678],[121.78759999109256,24.938613598381199],[121.78925700363843,24.939936565298478],[121.78953700944078,24.940711567072967],[121.7887190087565,24.942227578124069],[121.78840405702596,24.942942519218622],[121.78783597533246,24.94448953901821],[121.78789701912761,24.945174580675555],[121.78920801980354,24.947041569962476],[121.78930101314387,24.947587585216684],[121.79023901500594,24.949078588088717],[121.79033001354256,24.949937550257768],[121.79123599608337,24.951346550203553],[121.79208197973256,24.951519565114179],[121.7924250176965,24.951836554935152],[121.79333004840781,24.953844593659095],[121.79317104068342,24.954446581505611],[121.79235602702829,24.954585537479286],[121.79163402142038,24.955244584649261],[121.79128801539201,24.955613540052497],[121.79113003203928,24.956072591915685],[121.79128303951322,24.957620558335378],[121.79093600116774,24.958621532917036],[121.79032001928996,24.959566589026338],[121.79031602097777,24.961141583335074],[121.79064603770256,24.961742600085358],[121.79089604065162,24.962402533438258],[121.79067202167452,24.964263545458241],[121.79085998005583,24.964609523525588],[121.79123501196159,24.965095531718028],[121.79135898450269,24.965525552716041],[121.79163997019995,24.965957525800921],[121.79223397304382,24.966360567254668],[121.7922329955483,24.96707655516807],[121.79182205208279,24.968164527590719],[121.79188104400093,24.970055550800243],[121.79225603408725,24.97057055067225],[121.79288100438336,24.970972515836504],[121.79284798867778,24.971632514279793],[121.79392305424011,24.972982536930818],[121.79391500760332,24.976477514030268],[121.79396402225241,24.976935551379135],[121.79415000843325,24.977566572739779],[121.79386704463023,24.978168578461585],[121.79377198201044,24.978568524353932],[121.79292202390607,24.980543566399955],[121.79276204694359,24.981573512643902],[121.79291600571915,24.983005551313809],[121.79250697322433,24.983407509947973],[121.79178603128614,24.983605555106017],[121.79078297228011,24.983601594017802],[121.79022002272991,24.983198561265009],[121.78981299251961,24.983055535128223],[121.7867100525408,24.983130576597372],[121.78633404074287,24.982816562698947],[121.78595900414732,24.98264257188249],[121.78492503913245,24.981923558485757],[121.78451804110611,24.981864574941685],[121.78373397556963,24.981862564093028],[121.7820110112027,24.981972571028564],[121.78113205276841,24.982198574221002],[121.78037800913327,24.982825513643661],[121.77987603455431,24.983341519611585],[121.77965605362921,24.983655507427958],[121.77862004758967,24.984139548658113],[121.77821300125672,24.984137527573989],[121.77752299700413,24.984337512642053],[121.77724004151429,24.984566519903247],[121.7768950371389,24.984907514404107],[121.77614206498804,24.985305561886875],[121.77552704293802,24.985374576770553],[121.77501298773785,24.985246520396604],[121.77454604061002,24.984041537376786],[121.7742339780543,24.983525548309078],[121.77370301965023,24.982806549380498],[121.77335904467377,24.982463530257121],[121.77320501778934,24.981716565441864],[121.77298604015596,24.981345541456996],[121.77270502030409,24.981087512498032],[121.77204805413936,24.980596514679686],[121.77154903096667,24.979822543349975],[121.77111102537853,24.979477559455169],[121.77020200388515,24.979531565418391],[121.76963702803096,24.979787556447036],[121.76872798811341,24.979814564704508],[121.76782003716357,24.979582514846442],[121.76659797302321,24.979721528284834],[121.76515498853378,24.980175524720487],[121.76405698372899,24.980716573923861],[121.76365004753823,24.980571570980189],[121.76214998941718,24.97899353794892],[121.76158705906809,24.978732516853441],[121.76058400467215,24.978615575863724],[121.75964599040294,24.97795458757377],[121.75933403706783,24.977495532667461],[121.75867700173194,24.97691851185051],[121.7582270311304,24.977065537994466],[121.75762697935183,24.977093513877101],[121.75702402113356,24.977218551146539],[121.75662198381295,24.977563510974807],[121.75594706311588,24.977555563997353],[121.75534102095271,24.977271531572931],[121.75438800642281,24.977064536419334],[121.75385000011444,24.976936528024204],[121.75320605775924,24.976907564424423],[121.75244697302163,24.977047547845018],[121.7519989759917,24.976835561446137],[121.75165502114136,24.976428561930742],[121.75112704597768,24.976069544572034],[121.75078004564415,24.975832565548028],[121.74975098152649,24.974950584587088],[121.74908901083222,24.974572547332659],[121.74842102890732,24.974453558969454],[121.74815501087095,24.974491558480061],[121.74775598565515,24.974687596676475],[121.74717098837264,24.975055558778493],[121.74648000768013,24.975472543571922],[121.74598701074581,24.975571533264471],[121.745094053301,24.975648510419795],[121.74464100622419,24.975748557822371],[121.74418798733201,24.975908559026625],[121.74358302619241,24.976760562183905],[121.74342500379989,24.977260553809884],[121.74332301645816,24.977838534784141],[121.74319601377424,24.978292514830905],[121.74280204438718,24.978725503912912],[121.74280404861442,24.979084565757827],[121.74246598927613,24.979616517932055],[121.74199400062815,24.979327512671539],[121.74141205245034,24.979213588552017],[121.74078199937765,24.97943052200014],[121.74022802431205,24.979336582670573],[121.73965002715329,24.979052524291536],[121.73925502734265,24.979366515915601],[121.73875801168585,24.979537553795851],[121.73849198677642,24.978916516945592],[121.73806798206317,24.97834258521269],[121.73785402882257,24.977890577750181],[121.73740405973012,24.977483539181637],[121.73698404620518,24.977440557282886],[121.73695404154802,24.977079565304297],[121.73687400545035,24.97664656685961],[121.73686906238741,24.975951564580129],[121.73647499873734,24.975669545701592],[121.73597298964258,24.97567157436308],[121.73557703181118,24.97576852422452],[121.73518603282238,24.975959506947312],[121.73458398606662,24.976229561383409],[121.73389800735886,24.976327558543336],[121.73331902748238,24.97596853982698],[121.73276504925587,24.975926584039478],[121.73197598102414,24.975833581018353],[121.73126604267861,24.975789574225342],[121.73084598273665,24.97566957942384],[121.73026305837942,24.975315523374679],[121.72984204520216,24.975101534177735],[121.72942100129096,24.975006536658686],[121.72889504783342,24.974936519165002],[121.72800198653968,24.975133560800188],[121.72681503545851,24.974757535581066],[121.72577001525208,24.974717584592607],[121.72468599021813,24.975005561243865],[121.72416104219445,24.975007573211574],[121.72344905607828,24.974794514122287],[121.72228899205011,24.974276576706231],[121.72105104335994,24.973946521449097],[121.72024001519645,24.974189531077325],[121.71958205739526,24.974359568387133],[121.71879500485271,24.974624562887911],[121.71837705069851,24.974890585705573],[121.71831004145733,24.974466556410761],[121.71826199629398,24.973774545448556],[121.71820002464253,24.973357541649758],[121.71789704238063,24.972699538789964],[121.71785204628273,24.971602570056049],[121.71790903123848,24.971160513055388],[121.71742700397411,24.97136552240184],[121.71672302338112,24.971131557160721],[121.71611801493357,24.970821528626775],[121.7153340344104,24.970696542439391],[121.71491502585452,24.970738559733196],[121.71409299359972,24.971451534762611],[121.7137340334707,24.971676537432966],[121.71301099822472,24.971808567340734],[121.71245401158319,24.972102506626864],[121.71207301821615,24.972305577145363],[121.71144503376492,24.971906537042901],[121.7108450136773,24.971781556286302],[121.71002604670849,24.972279523409714],[121.70928307099148,24.972465534617523],[121.70884203372036,24.972542575423127],[121.70781901754357,24.972603501934866],[121.70739803564277,24.972328596052026],[121.70703101728242,24.971763596875192],[121.70675098761417,24.97149152517169],[121.70594404983797,24.971093575355681],[121.70515899485061,24.97074959678994],[121.70469502782835,24.970514513060508],[121.70431098739732,24.969911575003657],[121.70378401439409,24.96909451786405],[121.70352402089539,24.968455513871724],[121.70321600664029,24.967743511074822],[121.70273302616513,24.967161543652789],[121.70248702989764,24.966868542950905],[121.70198499011883,24.966598593227186],[121.70154400515867,24.966579534324875],[121.70106503148212,24.966602574426169],[121.70049904602071,24.966566582997483],[121.69979399868005,24.965874587856753],[121.69920603645153,24.964999558508165],[121.69880098900913,24.96467453196033],[121.69820098786874,24.964527554870177],[121.69762003668886,24.964733519393828],[121.69709800323257,24.964695516893954],[121.69635297908486,24.964574586127291],[121.69442599773561,24.964493560290279],[121.69380399488584,24.9642955767324],[121.69329603038506,24.963839547749988],[121.69291398993559,24.963550594553453],[121.69215001422459,24.963294568028171],[121.69158797721985,24.963115516004532],[121.69110506557826,24.963117569214646],[121.69068503232248,24.963119517926543],[121.69030501304846,24.963233513395263],[121.68976201848533,24.963434567869644],[121.68920202569103,24.963547590259545],[121.68847598035678,24.96307557822049],[121.68797402832141,24.962768564201959],[121.68765601188457,24.962458542422056],[121.68752899655252,24.962090568608851],[121.68694801169038,24.961364529620937],[121.68643800477119,24.960488557889519],[121.68577405856433,24.959778509326615],[121.68580798623412,24.958810547428165],[121.68526098496849,24.958228536471246],[121.68425703226535,24.957772587956516],[121.68389604140216,24.957575518537602],[121.68335202506219,24.957338577107127],[121.68292504766639,24.956875543740772],[121.6827760210514,24.956275529617646],[121.68168499689774,24.955551541178639],[121.68110802122233,24.954976588459004],[121.6806420338437,24.954455597753082],[121.67906603619966,24.95415056821696],[121.67722898672793,24.954025572261006],[121.67607804174428,24.954058521078924],[121.67420898243455,24.953648589173937],[121.67378099458558,24.953517531902182],[121.67196798509725,24.953241572180413],[121.67090399797165,24.952619588348036],[121.66972500079541,24.952313578813268],[121.66857702397134,24.952212554889208],[121.66751700859034,24.952399514352972],[121.66711404050699,24.952347605363521],[121.66688504229958,24.951958565038503],[121.66668305593548,24.951642566710479],[121.66650904274607,24.951226568366348],[121.66610199997055,24.950444588398664],[121.66578504264925,24.950238512740292],[121.66566702755837,24.949844573097888],[121.6656650267079,24.949428523518563],[121.66594799732704,24.948691585748488],[121.66614400067341,24.947806593488195],[121.66605600722446,24.947361592539508],[121.66608204042642,24.946628502219802],[121.66599298668554,24.946001577089703],[121.66599005636658,24.945348538760083],[121.666702067424,24.944795582182003],[121.66644103682584,24.944144581397424],[121.66646904237778,24.943778517492497],[121.66655106734426,24.943281564236869],[121.66663202707487,24.942391572950367],[121.66674500760928,24.941817547546638],[121.66671007062176,24.940849539524084],[121.66693803524851,24.940354543816468],[121.66699206417968,24.940012565616787],[121.66730705661865,24.939645569615713],[121.66867902035781,24.939350578790982],[121.66925205070744,24.939219527267891],[121.66956703137096,24.938928552814446],[121.66950900667329,24.938511593590395],[121.66962299334303,24.938116513819484],[121.66967501009559,24.937493547221258],[121.66975404424343,24.936341560229135],[121.66997406353164,24.934196560409344],[121.67016502145073,24.932313528679508],[121.6701849839107,24.931293539384988],[121.67009402402991,24.930223562786743],[121.67034805129896,24.929750565114638],[121.67086403608886,24.929330570261474],[121.67148803924702,24.928545572611309],[121.67214902044196,24.928018563242773],[121.67303203641566,24.927414598321533],[121.6746360042082,24.926621566209221],[121.67500704005241,24.926254577749802],[121.67548903822201,24.925283586559644],[121.67594003375191,24.924081593299285],[121.67602203246889,24.923530553662058],[121.67619599163204,24.923190537861078],[121.67668101407911,24.922612571409978],[121.67710698643613,24.922350602073838],[121.67765405926731,24.922162567252304],[121.67742006251939,24.921719597730789],[121.67710302508483,24.921488534370241],[121.67647301709314,24.921385578773222],[121.67538204968784,24.921519546477725],[121.67486405813442,24.921366599175524],[121.67437403985299,24.921054599668359],[121.67382903483197,24.920691565740544],[121.67368603279039,24.920297567736494],[121.67339703215842,24.919932568114596],[121.67235906173083,24.919391540165993],[121.67169801890184,24.919053589439798],[121.67115301869214,24.918872575782309],[121.67049204797907,24.918352588791745],[121.66956904421346,24.917834596217133],[121.66899404926326,24.917521521795095],[121.6678709824198,24.917242594781758],[121.66741300562558,24.917111562246873],[121.66666805846467,24.917008537356562],[121.66618001391998,24.917010528855151],[121.66545902554779,24.916516516174397],[121.66474303864184,24.916314574203607],[121.66402202477842,24.916056576761868],[121.6636780092242,24.915689545401474],[121.66335901015975,24.915192572533797],[121.66318600987881,24.914829558590519],[121.6634109872365,24.914544596427767],[121.66374899179972,24.913680562844728],[121.66403303194743,24.913155518201645],[121.66426099295452,24.912816561612036],[121.66428798912713,24.912292572645104],[121.6641990571384,24.911482527441621],[121.66425104321455,24.910958528213907],[121.66447901398232,24.910379575524328],[121.66476297665605,24.909857518080553],[121.66538804437879,24.908992554837543],[121.66595799591386,24.908493598549608],[121.66555201761885,24.907763518028069],[121.6651480629738,24.907345562947945],[121.66488902628396,24.906956575694242],[121.66419901656235,24.90667054196911],[121.66333704864155,24.906412537355763],[121.6625300054377,24.905842512615187],[121.66221606403396,24.905476515126555],[121.66152398843711,24.904906516865427],[121.6617789967809,24.904589565460434],[121.66206006703598,24.903569574034048],[121.66197206796733,24.9030985618781],[121.66156699549435,24.902499567897777],[121.66070703444315,24.901614564132714],[121.660044994974,24.901143569264551],[121.65935500707501,24.900884590129127],[121.65886701730281,24.900809547509791],[121.65826200028985,24.900528533124177],[121.65794401866609,24.90024055032988],[121.65719704671172,24.899747529945166],[121.65616307144076,24.899435516247046],[121.65489904802368,24.899050560413674],[121.65409300731542,24.898688520513655],[121.65317202559908,24.898403536083475],[121.65285599645038,24.897752568589436],[121.65216704790112,24.89762457890717],[121.65159299544349,24.897575528213153],[121.65098804856032,24.897238586626631],[121.65044205352235,24.896640541212417],[121.65015198304246,24.896142591336694],[121.6496890117818,24.895910577059471],[121.64920104510348,24.895729585117863],[121.64905705081389,24.895233531525324],[121.64917002737947,24.894840550096752],[121.6495080113414,24.893976546793525],[121.64965201024692,24.893585585863452],[121.64975998797669,24.893033535539505],[121.65033506144914,24.892563598781049],[121.65073202359694,24.892428595875309],[121.65127899888719,24.892191560382162],[121.65161399850906,24.89174559509042],[121.65207203493581,24.890958512353937],[121.65264304518851,24.890434591860021],[121.65284101572581,24.889860566708109],[121.65263704091345,24.889231594710633],[121.65206100093633,24.888841534017182],[121.6516250083487,24.888057549678418],[121.65145204709097,24.887640539339703],[121.65144906573201,24.88711956911035],[121.65153201620748,24.886701529154418],[121.6515300145042,24.886256594107575],[121.65143601945356,24.884819582461247],[121.65134899752232,24.884400557138921],[121.65120106927907,24.884086553724011],[121.65105401939391,24.883694516053865],[121.65093505293353,24.883065535752941],[121.65076102733366,24.882493588689016],[121.65032599032,24.881867599562554],[121.64995003809452,24.88126854458827],[121.64966103961129,24.880719570301995],[121.64965903084676,24.880274533684691],[121.6498570013318,24.879777533620111],[121.65048700609847,24.879068532934259],[121.65108405318101,24.87875452315382],[121.65217303406413,24.878460572968233],[121.65297506996058,24.878089585351354],[121.65371702949524,24.877458542527787],[121.654086009743,24.877039526209458],[121.65425603673474,24.876727537574236],[121.65405505075915,24.875888535749965],[121.65370400452838,24.875106541619893],[121.65346505456222,24.873782576213028],[121.65346107316977,24.873209521640817],[121.65329701783067,24.872763578802541],[121.65322799978961,24.872210583941957],[121.65324904564558,24.871619534960356],[121.65343098900533,24.870966575546959],[121.65315802905356,24.870376548222069],[121.65278002682473,24.870285564117403],[121.65164903986744,24.869852596670729],[121.65110102350253,24.86956353192355],[121.6507630218329,24.869203577271897],[121.65054799760574,24.868575543733328],[121.65006602840077,24.868254581473774],[121.64912205320307,24.867836582135361],[121.64845000044282,24.867954525191617],[121.6481360413881,24.867648541353571],[121.64777800627976,24.866736542630452],[121.64728199871666,24.864826518685962],[121.64710900206778,24.86398956502908],[121.646860063204,24.863376566924796],[121.64588704224801,24.862198609645077],[121.64509000835908,24.861285600228825],[121.64479406595078,24.860767532086172],[121.64515506977516,24.859949559531383],[121.64572303051322,24.859362565948995],[121.6465439961805,24.859150535162193],[121.64721999456572,24.858638552937769],[121.64819603628945,24.858211584455542],[121.64887306993829,24.857913569936837],[121.64951298675031,24.857499605096301],[121.65032103491393,24.856988574166014],[121.65085201279595,24.85656361391495],[121.65106700145034,24.856206570575466],[121.65149205138019,24.855940516933416],[121.65187603377883,24.855875553453618],[121.65222699574404,24.855439544194226],[121.65289198861176,24.855172539084595],[121.65311903807832,24.854860580128975],[121.65328404604492,24.854329590508666],[121.65356301318414,24.853707534239287],[121.6538610122671,24.853340551213314],[121.65414198916751,24.853009587823156],[121.65467800898452,24.852400566300417],[121.65494406016036,24.851561596184947],[121.65528801777687,24.850962546306892],[121.65577205145915,24.850526574436472],[121.65650801598137,24.849950546111476],[121.65689600300421,24.849718605157605],[121.65738905583262,24.84973854578308],[121.65796303727096,24.850309546879835],[121.65864300073518,24.850658596589362],[121.65940602113606,24.850844565421795],[121.66047305230725,24.850605555082105],[121.66083904676461,24.850473551896933],[121.66122200628382,24.850295526573557],[121.66192305681265,24.85008059989195],[121.66271000637383,24.850103559572553],[121.66329104091254,24.850001572150877],[121.66378802714205,24.849719563131551],[121.66459798167917,24.849650580675046],[121.66512199623311,24.850104584045546],[121.66541201624496,24.850326591816508],[121.66588501815265,24.850243576832778],[121.66623200409643,24.850011605040361],[121.66669404007213,24.849832570406232],[121.66728602545662,24.849430574991271],[121.66944502874927,24.848073606556753],[121.66985903988089,24.847967548958124],[121.67022605537673,24.848074531874669],[121.67056401535309,24.848483567730774],[121.67124198666318,24.848548604107116],[121.67168202664266,24.848862550043833],[121.672516987497,24.848908549432476],[121.6731010195646,24.849212534903426],[121.67372901666603,24.848925564037025],[121.67413098953334,24.848901540836131],[121.67470804946778,24.849063525856799],[121.67543601145216,24.84925654517453],[121.6762170130208,24.8494625642717],[121.67699298471661,24.84971656590195],[121.6774000417425,24.849681575939407],[121.67784402780102,24.849460526762925],[121.67793105730817,24.849060603622632],[121.67857505463043,24.849375582367028],[121.67977102405186,24.849647614601537],[121.68067102952757,24.849600535182873],[121.68175801955287,24.849661578785586],[121.68203003287852,24.849944565155614],[121.6824030236736,24.850200554317958],[121.68282803027097,24.850043583995234],[121.6836150253564,24.850074567642473],[121.684765984053,24.849865610550111],[121.68520904584281,24.849579515114414],[121.68562204555896,24.84943956850908],[121.68627799711376,24.849667523216926],[121.68687299178447,24.849867580208102],[121.68763504780053,24.849875539866833],[121.68821699304922,24.849692556814471],[121.68854704666973,24.848589577756616],[121.68962503288674,24.848261558762019],[121.69045899833053,24.848257530495786],[121.69101505809734,24.847691549033964],[121.69134702304841,24.846982584735628],[121.69180601102997,24.846470589055638],[121.69197901172181,24.845206540824456],[121.69215700446142,24.844810601707852],[121.69266506007125,24.844320598932011],[121.69323300643714,24.844017568427223],[121.69432303623866,24.843563590929051],[121.6947180561737,24.843466583170052],[121.69529005869498,24.843658592246712],[121.69571604506314,24.843656609708837],[121.69660902539491,24.843457604582369],[121.69783000906958,24.842855529316576],[121.69929500995745,24.842909547258675],[121.69992498645423,24.842873541589903],[121.70062603734755,24.84267857758315],[121.7015190061397,24.842536600291623],[121.70206599257816,24.842590559523604],[121.70298197880572,24.842190597601515],[121.7036839954071,24.842165537790468],[121.70450502652011,24.842003563665692],[121.70515603743428,24.841392575293217],[121.70539897947798,24.840888608073978],[121.70597704158573,24.840118593242845],[121.70651499844959,24.839732591325859],[121.70746506532954,24.838944566678006],[121.70793804448105,24.838858532559893],[121.70846204813338,24.839104533549602],[121.7085539930803,24.83953052774957],[121.70862902138278,24.840024592886746],[121.70882905450983,24.840400520740548],[121.70949700642274,24.840659557875579],[121.71004399746772,24.840756545808247],[121.71053101670223,24.840884526913911],[121.71103600378609,24.841128516261264],[121.71134399481146,24.84135756296827],[121.71231599195713,24.841482586243025],[121.71345101702902,24.841576580785095],[121.71390203020533,24.841657591365284],[121.71426298021611,24.841771519618693],[121.71455204297216,24.842000561548407],[121.71500499778614,24.842505554990542],[121.71527804134503,24.842998592759631],[121.71535504108023,24.843885588478035],[121.71544703943761,24.844246574121218],[121.71593401793274,24.844474577018762],[121.71708905401337,24.844764566025312],[121.71770999861711,24.845172577085844],[121.71830598330327,24.845496556268156],[121.71877498822248,24.845609613490474],[121.71947700989537,24.845556568789085],[121.7198730506651,24.845638544281428],[121.71969700633539,24.846327573108468],[121.71975306303946,24.846706524127956]]]},"properties":{"OBJECTID":26,"COUNTYNAME":"新北市","TOWNNAME":"坪林區","TOWNID":"F10","TRANSP":50,"CODE":" ","INDEXCODE":"1000120","Shape.STArea()":168147749.9921875,"Shape.STLength()":63324.575064305856}},{"type":"Feature","id":27,"geometry":{"type":"Polygon","coordinates":[[[121.33947399948326,24.928406594744313],[121.34105496774376,24.929197547327583],[121.34400594761763,24.931203566817519],[121.34634795693674,24.933537529158357],[121.34831197056629,24.936155575436594],[121.34909395722313,24.936645568907092],[121.35103896813264,24.937674579356045],[121.35379795606976,24.939158594498554],[121.35772494469259,24.941320566666469],[121.35809993718293,24.941581512227508],[121.35850693551734,24.941783506029179],[121.35919499545695,24.942156564844947],[121.3594129974895,24.942473608259757],[121.35950394380467,24.943076527816043],[121.359659980318,24.94350956558171],[121.36009592767559,24.944225504258938],[121.36162795562991,24.945291581046572],[121.36177998753269,24.946528580033277],[121.3620600029776,24.946872547344174],[121.36249798535849,24.947074542170029],[121.36299894267552,24.94722058539465],[121.36352996885951,24.947708589975921],[121.3640909647762,24.948601554487112],[121.36462095778397,24.94914852061655],[121.36471395129665,24.949520561554255],[121.3653979940014,24.950672543647634],[121.36555395245881,24.95107351334434],[121.36586498210126,24.951592558189926],[121.36598799602787,24.952280553594591],[121.36579796367693,24.952653565881331],[121.36613695182032,24.954232577082415],[121.36591399013967,24.955180556652113],[121.36603696384934,24.955582590646184],[121.36660100634732,24.955612532694715],[121.36872995134614,24.956135574233624],[121.36935694266198,24.95645257224303],[121.36998196632672,24.956827527005174],[121.37045001109928,24.95723051518922],[121.37120092930311,24.957662587874296],[121.37198195462382,24.958323560220308],[121.37348298818273,24.959044575730299],[121.37511097923735,24.95925050639557],[121.37561193480467,24.959452592935698],[121.37658095900842,24.960086505170889],[121.37729994966695,24.960375526890907],[121.37792596953356,24.960577541453208],[121.37858399182501,24.960666527949073],[121.37911200899347,24.961727552292555],[121.37957998056972,24.962361570741635],[121.38098396930739,24.963743594705939],[121.38235899657499,24.964751520527884],[121.38216898256306,24.965151556387845],[121.38166696147377,24.965350580725168],[121.38085196586977,24.965492526464342],[121.38016294104146,24.965377534064253],[121.37887898695196,24.965317504445345],[121.37837799429686,24.965429578045722],[121.37803200452902,24.965660519456883],[121.37802997311775,24.966118568927083],[121.37759092958562,24.966374578750642],[121.37749496465864,24.966864561082467],[121.37705496725559,24.967235521820776],[121.37689599837184,24.967723581337047],[121.3762049647616,24.968124511312414],[121.37585897407847,24.968495570451299],[121.37582597669561,24.968983513898074],[121.37598098160987,24.96952955375227],[121.37569694031883,24.970044578300016],[121.3750060015566,24.970619577924193],[121.37268295051497,24.971819526336567],[121.37183399576155,24.972534588918659],[121.37130095447317,24.972648521912248],[121.37061000043315,24.972934564317264],[121.36985495067684,24.973881525478031],[121.3690980159566,24.974998603957268],[121.36857794307635,24.976789550710823],[121.36821197848704,24.977322546748102],[121.36777299915293,24.977350547061249],[121.36695695777379,24.977806543054914],[121.36645399762067,24.978265560590195],[121.36576300146119,24.978579581106434],[121.36510499950322,24.978578572844668],[121.36469594624603,24.978893522630546],[121.3642549827413,24.97943851075739],[121.36384697989848,24.979608539865996],[121.36331396099789,24.979521542416784],[121.36215598127038,24.979145589551941],[121.36143697944027,24.978684589311175],[121.36122098687844,24.97796657345372],[121.36049998466819,24.977907554554637],[121.35855594187811,24.978160550526667],[121.35717793167723,24.977825548756261],[121.35413599082504,24.977817542519563],[121.3536649598918,24.978179565855825],[121.35344496333258,24.978523561832333],[121.35341195836784,24.979040558961806],[121.35315794817383,24.979815587430064],[121.35302993412664,24.98033254435472],[121.35265198626365,24.980761516899673],[121.35224493701527,24.98084654229131],[121.34839297214609,24.979516576908942],[121.34773693391745,24.978911530144575],[121.34662195123315,24.978963520880608],[121.3449490002988,24.979964580304078],[121.34449297437574,24.980559592076727],[121.34322800084269,24.981711553398945],[121.34256197139135,24.981536577259856],[121.34214695994869,24.981167509615592],[121.34174093388268,24.980734589147723],[121.3412729851532,24.980390574879614],[121.34089700335372,24.980217536875298],[121.34033294014469,24.98015850231365],[121.33992499539383,24.980302560187589],[121.33913897088577,24.980759597245672],[121.33854295638085,24.980756527458087],[121.33782295838171,24.980439523740568],[121.33700697630853,24.980696534105498],[121.33663098389148,24.980665514099293],[121.33569396738247,24.979859515625812],[121.33472399036718,24.979340542738655],[121.33334593558581,24.978878540926328],[121.33293799736589,24.97887754892934],[121.33174697974755,24.978787570374074],[121.3309189726392,24.978890539517391],[121.33016694544021,24.978651589598247],[121.32964096393351,24.979263574747076],[121.3289529580404,24.980188513309486],[121.32812399052291,24.981190507325415],[121.32731497683332,24.982302520542579],[121.32678095602006,24.982391552035956],[121.32618101259366,24.982449560378409],[121.325809007418,24.982194583286073],[121.32531097018972,24.981954586065484],[121.32555796797281,24.981622592368002],[121.32738697012967,24.979065577407447],[121.32738893860882,24.978575555977578],[121.32711094721863,24.977659522407468],[121.32705998213218,24.976339569199492],[121.327608929576,24.975945598801747],[121.3284470006454,24.975824564816797],[121.32840499807821,24.975420505809371],[121.3272790098365,24.974698578539307],[121.32383598542027,24.97296753662949],[121.32355496180695,24.972564550014649],[121.32355696346013,24.972049516852998],[121.32379897624618,24.971340550800289],[121.32612800694258,24.972513505479313],[121.3271599557151,24.973206576465348],[121.32777001685116,24.973250564008438],[121.32809195930439,24.972814562580908],[121.3283649858455,24.971700562020924],[121.32842198730224,24.97095851051316],[121.32855099686087,24.970192551035222],[121.32880301244144,24.969849529672587],[121.32846296099446,24.96869850083397],[121.3284020021424,24.968355539992249],[121.32808994457348,24.967896542594513],[121.32774598906337,24.967664525439247],[121.3271529933476,24.967146562546375],[121.32690395748472,24.96648555064106],[121.32843596447866,24.967665540322038],[121.32887496820494,24.967754585580757],[121.32963093603455,24.966922587934185],[121.32956899807478,24.966576551918614],[121.32900696065028,24.966088584037884],[121.32816294380257,24.965512582870179],[121.32866900660916,24.96430652524165],[121.32905195981174,24.962671575216586],[121.32911698871035,24.962183582908288],[121.32928296282805,24.96057854813003],[121.32912394814709,24.959389571808899],[121.32894393221846,24.95841850879598],[121.32876099496487,24.957356541917971],[121.32814097410483,24.955373555028665],[121.32833195155244,24.954540548699626],[121.32825597381783,24.953335596741294],[121.32826498835843,24.951037538159557],[121.32819295217763,24.950175597214511],[121.32822799857557,24.949227542603989],[121.32841793692803,24.948710568882657],[121.32879796860463,24.948023586996857],[121.32942794498929,24.947248572393683],[121.33030899922966,24.946475533870352],[121.33074895537989,24.946275558604025],[121.33118800509064,24.946161525827836],[121.33166094242503,24.945560574282062],[121.33131796414526,24.945186533457022],[121.33081800262072,24.944754506435377],[121.33016095393702,24.944405551727538],[121.32884397768123,24.94440160336698],[121.32796694525246,24.94425653756765],[121.32571100863538,24.943849575256188],[121.32470797276565,24.943587571181133],[121.31754301144757,24.939661562720044],[121.31700394391505,24.939304528000058],[121.31614197198033,24.938732541288427],[121.31583493396667,24.938534545629924],[121.31598100385386,24.938191580530308],[121.31695896833693,24.936728574710258],[121.3180629580395,24.935209583016],[121.31822198770917,24.934837591569252],[121.31875494108165,24.934695508131554],[121.32010596092164,24.934038528914623],[121.3207019998372,24.934068589643395],[121.32110999915908,24.933840535746345],[121.32161695970817,24.932751602524348],[121.32202600375415,24.932262603153745],[121.32281295647802,24.931633543739775],[121.32337997604326,24.931031593875289],[121.32400895026952,24.930458579463288],[121.32567699436633,24.92879854585642],[121.32605397309747,24.928797533113375],[121.32736899950417,24.929147510610548],[121.32962501101289,24.929525555262327],[121.33304000829455,24.929881583367031],[121.33473393478184,24.929571519964018],[121.33620994204557,24.928856589606703],[121.33846899179733,24.928460515895988],[121.33947399948326,24.928406594744313]]]},"properties":{"OBJECTID":27,"COUNTYNAME":"新北市","TOWNNAME":"鶯歌區","TOWNID":"F14","TRANSP":50,"CODE":" ","INDEXCODE":"1000108","Shape.STArea()":21809613.18951416,"Shape.STLength()":24517.553875516303}},{"type":"Feature","id":28,"geometry":{"type":"Polygon","coordinates":[[[121.4503469330047,24.790952535329346],[121.45127496732302,24.791861618430694],[121.45221392402793,24.791976611214039],[121.45271494650136,24.791832612338133],[121.45409296349891,24.791774531829596],[121.45453099471756,24.79183153598488],[121.4554089393262,24.792059564007936],[121.45619197009732,24.792544580184895],[121.45631695776133,24.79297256104579],[121.45616097612702,24.793661608107733],[121.45578598356398,24.794493530035243],[121.45566193981112,24.794951605652436],[121.45563097666806,24.795295544607043],[121.45585097438303,24.796095584748038],[121.45585194807865,24.796985614657647],[121.45578899450055,24.79732855313582],[121.4555079663775,24.797958562044123],[121.45547794250278,24.798760562221048],[121.45607298852546,24.799361542651145],[121.45767094130574,24.800277559102994],[121.45829796373093,24.801250529570517],[121.45898699740216,24.80133456151669],[121.46024094461177,24.802707586431058],[121.46149593353415,24.804996534701342],[121.4617469499118,24.805370568158285],[121.46215393166911,24.805685608944859],[121.46356400703564,24.80619752986404],[121.46403393083693,24.806284562483203],[121.46490995849985,24.806381532881012],[121.46663295319915,24.806378602891726],[121.46726094855586,24.806710548186508],[121.46835695784949,24.807052578241557],[121.46976695646904,24.807709560441772],[121.47230598068279,24.810026601306141],[121.4727759202416,24.810884523230698],[121.47315392974447,24.812946613064728],[121.47353093273276,24.813518597547844],[121.47575496805432,24.814345568967831],[121.47647598446231,24.814745525385618],[121.47688293307748,24.815059541829058],[121.47719695594955,24.815374560554179],[121.47757294962713,24.815719549131963],[121.47801200468936,24.815975567963232],[121.47879494363413,24.816119609060056],[121.47957800083945,24.816060570780635],[121.48061093402535,24.815887604370136],[121.4810489601106,24.815771611398379],[121.4816439468032,24.815857542910422],[121.48198897896462,24.816086596875646],[121.48233398291268,24.81660060525704],[121.48249091818825,24.817030615411053],[121.48283694292148,24.817343525272221],[121.48336995016773,24.817544600289068],[121.48390293039014,24.818175558595904],[121.48418597498312,24.81920353341599],[121.48418596931137,24.819749529892075],[121.48299696574587,24.821010615114265],[121.48255995260337,24.821727597160301],[121.48240398991817,24.822499557264923],[121.48187195077679,24.822957606244966],[121.48115199646017,24.8231605515649],[121.48049498267707,24.823648535948625],[121.48046398400751,24.824049536649355],[121.48074593428244,24.824335577907522],[121.48168692736184,24.82579358271871],[121.48325495081089,24.827796534882776],[121.48359997323216,24.828369578325372],[121.48372593873877,24.828741542779802],[121.48375794353396,24.82914261709961],[121.48356991932609,24.829687594211784],[121.48357099671415,24.830089575691439],[121.48391596165425,24.830688536989705],[121.48404196147843,24.831089572287439],[121.48401099580302,24.83143260641355],[121.48435594564124,24.831919605680024],[121.48476295471524,24.832062573445633],[121.48683400491304,24.834265564662019],[121.48733502619736,24.834406603878669],[121.49056107707034,24.83463252387131],[121.49259904999208,24.835659591490721],[121.49306806261114,24.835832563444939],[121.49363206604308,24.835945564435445],[121.49447899680315,24.836488570294001],[121.49488701966472,24.837060582283552],[121.49482705200055,24.839609559695681],[121.49485808097923,24.839981549875056],[121.49545404113357,24.840839607668418],[121.49573703457592,24.841098523392873],[121.4959880099195,24.841497594454811],[121.49630200337967,24.841956591854991],[121.49683903514253,24.845134547600743],[121.49655807063516,24.845878582281575],[121.49646402474282,24.846422542158869],[121.49668503027368,24.847281573636508],[121.49709306014356,24.848255549930812],[121.49709402893397,24.849172547539624],[121.49678208236099,24.850145589117918],[121.49606305903481,24.851148586559127],[121.49565607987077,24.851465614116186],[121.49499803239632,24.851636538107318],[121.49456007858247,24.851694605148445],[121.49396505617463,24.852010523347662],[121.4936829970452,24.852239526006436],[121.49324506813822,24.852698577595824],[121.49277702270454,24.853731529889938],[121.49287107827175,24.854562543928111],[121.49302906473285,24.855277577325761],[121.49287405402156,24.856593554007738],[121.4926550393333,24.856995541856666],[121.49212304365085,24.857512588682628],[121.49168504566724,24.857998538542528],[121.49149701850087,24.858313560154716],[121.48912001605188,24.861411612403973],[121.48883805756341,24.861670586061589],[121.48868803033835,24.862248588047365],[121.48808706220386,24.862214519185546],[121.48771106373168,24.862387579202274],[121.48670893687535,24.862417561094279],[121.4856749904109,24.862933521406173],[121.48476596222739,24.862764554183791],[121.48329296970323,24.861877527138102],[121.4820399501566,24.861678591981171],[121.48156995117385,24.861650581743277],[121.48091192231887,24.861652525777082],[121.48050498422263,24.861766603051485],[121.47893995633083,24.863715535684491],[121.47890899959458,24.864087551187687],[121.47881599693891,24.864717538286509],[121.47784498315809,24.86552153877933],[121.47768892869199,24.865865600682181],[121.47778395672427,24.866379594318499],[121.47806596129938,24.866925592573196],[121.47875794493928,24.868040561362712],[121.47938694303002,24.87013053080393],[121.47875993838872,24.8706755452002],[121.47807098508096,24.870819516290315],[121.47766394306835,24.871278600599165],[121.47747694802777,24.872110522235577],[121.47672592366077,24.873227583404134],[121.47642191155175,24.873607595643414],[121.47548099493487,24.874039568925504],[121.47516692633528,24.874329595473739],[121.47485394951134,24.875075582093974],[121.47447797361228,24.875678579808074],[121.47384993964857,24.876053574448889],[121.47309597746272,24.876112570359574],[121.47271993419297,24.876228534131908],[121.47202996095761,24.876889577769639],[121.47196795318838,24.877435589751951],[121.47272394785379,24.879216557683943],[121.47306994828848,24.87958853749312],[121.47360593279075,24.880333557503441],[121.47388898676053,24.88076660214886],[121.47498993609149,24.88188452403848],[121.47505491877152,24.882802589831659],[121.47514996059309,24.8833195731962],[121.47549696767541,24.884440532356233],[121.475561939749,24.884841576421273],[121.47550096612753,24.886019531175673],[121.47575296565067,24.886335564347416],[121.47644393933612,24.886651546191437],[121.47795494315046,24.888142585143335],[121.47811295840768,24.888602570876333],[121.47836497087556,24.889148561301994],[121.47861698025524,24.889463593491634],[121.47943497868154,24.890151521799716],[121.47987499888717,24.890208528885474],[121.48047194414303,24.890522548514671],[121.48069292790893,24.890982593013128],[121.48129195807245,24.891872560679072],[121.48160694549775,24.892446518471779],[121.48223695628241,24.893277520187429],[121.48258296826724,24.893766595175212],[121.48286694466164,24.8942535235925],[121.48296300077037,24.895144568844898],[121.48447496022463,24.897297545616727],[121.48510496026957,24.897870573214131],[121.48626797584595,24.898155548456831],[121.48598694883516,24.898759600194509],[121.48570397648123,24.899135601209487],[121.48583092391337,24.899592600979837],[121.48652397366691,24.900455513951126],[121.48727804375771,24.900511562691406],[121.48771807295735,24.900683582731912],[121.48825403097315,24.90122853780494],[121.48966804501758,24.901282589221829],[121.49045406652699,24.901713595332183],[121.49067505944889,24.902056517751824],[121.4913360639144,24.902916536283833],[121.49259401752137,24.903490526707358],[121.49228099748564,24.903805595234157],[121.49143305330784,24.904441607631384],[121.49099406418314,24.904844567049906],[121.49080605361233,24.905160583375856],[121.49071301342117,24.905562593849833],[121.49033704647989,24.906769584224929],[121.49015000513315,24.907230600629028],[121.48952301794682,24.90806352407704],[121.4893030676093,24.90837952953828],[121.48943000242262,24.908869582496958],[121.48999604462186,24.909327571323498],[121.49006102484259,24.910275516569168],[121.48962200563221,24.911195579212272],[121.490220002868,24.911453568769186],[121.4904720280241,24.911711520351698],[121.49091504161227,24.912832561650053],[121.49085308062016,24.913579568954994],[121.49094900919199,24.914010569859133],[121.49132601139776,24.914440557359015],[121.4917040080414,24.914813570381838],[121.49183205678895,24.915618560052113],[121.49173906570705,24.916508591731944],[121.49196001971377,24.916938549253413],[121.4918660791952,24.91734155866612],[121.49130103169077,24.917658540380469],[121.49029703988644,24.918896581307074],[121.48992104951118,24.919243533803449],[121.48973301404152,24.919559548548477],[121.48932601408534,24.92073755302134],[121.48813501769106,24.922320571645226],[121.48593899148582,24.925370560714249],[121.48587693011477,24.925973543928709],[121.48568894445995,24.92643455718148],[121.48537599456414,24.92680757778178],[121.48499992091611,24.927411582603931],[121.48481194943024,24.927813543538708],[121.48437193515893,24.927959524441754],[121.48349200135075,24.928421520337892],[121.48232895734836,24.928538597112745],[121.48138698714057,24.928739554952589],[121.48078895009321,24.928741572520114],[121.48012895056556,24.928915530113859],[121.47943797158827,24.928915585426335],[121.47896593712288,24.928831502234438],[121.47843093684214,24.928659598566821],[121.47799196454017,24.92897458818781],[121.47751996839987,24.929176548228163],[121.47670297588871,24.929149549462554],[121.47604296086999,24.929494575640156],[121.47560295135636,24.929667546081976],[121.47393897757203,24.930562570580722],[121.47368799625767,24.930879572542285],[121.47302697464626,24.930878593915612],[121.47258698156784,24.930735528208253],[121.47161295778179,24.930765527212554],[121.47085895909144,24.931226583889163],[121.4698529863883,24.931229582133337],[121.46919196214024,24.930771540298398],[121.46834296747564,24.930887519486213],[121.46796596409878,24.93120454222742],[121.4675899517427,24.931722550979917],[121.46711799897967,24.931895584111366],[121.46630095774616,24.93204053529405],[121.46400798066369,24.933336597645315],[121.46353695073005,24.933367588399275],[121.46303396449535,24.933567519172037],[121.46240598517856,24.933914568076144],[121.46127394757214,24.933886569798403],[121.46070794802203,24.933944558373938],[121.45992198626934,24.934262559966012],[121.46014293144118,24.935038571321208],[121.46004993121865,24.935815539893326],[121.46045995250296,24.936330559898312],[121.46052399478947,24.936992561269442],[121.46077594560582,24.937537594671667],[121.46074499921643,24.937912579276279],[121.46033691892174,24.938342546761049],[121.45989695961345,24.938718516841643],[121.4595519836481,24.938918591144681],[121.45882896458534,24.939437546472217],[121.45870495727769,24.940069529599491],[121.45848597592355,24.940616557212156],[121.45848697195672,24.941218516543355],[121.45842598619946,24.942370551078877],[121.45826998156831,24.943605590122029],[121.45745496075199,24.945448587196388],[121.45745597119323,24.945965601954292],[121.4568579360609,24.946167519394436],[121.45638693137934,24.946196583926039],[121.45604096358385,24.946025547412699],[121.45591399589037,24.94567859251649],[121.45563094776978,24.945162541485452],[121.45478091889672,24.944646594555],[121.45399494003605,24.94453358850615],[121.45345998684466,24.944361595787655],[121.45286299989723,24.944448557872679],[121.45242294476211,24.944477527486502],[121.4519199365869,24.944419549519189],[121.45138497273662,24.944247536703138],[121.45053499107708,24.943848582287064],[121.45018896665871,24.943589586856863],[121.44993699225131,24.943272529318875],[121.44940099260189,24.942698544846888],[121.44899092516799,24.942324525361837],[121.44826796462056,24.941810591663497],[121.44710398617553,24.941150540151749],[121.44600300180508,24.940805574523065],[121.44464993500004,24.939859579446559],[121.44433496159829,24.939573574908312],[121.4438940062756,24.939026541048346],[121.44329593450068,24.938739574252864],[121.44279293314897,24.938424600332954],[121.4424769770209,24.937791603415491],[121.44181697478666,24.93756358762047],[121.44140799947468,24.937593606027928],[121.44081098537264,24.93727754131347],[121.43986699015187,24.937106518771223],[121.43961496206265,24.936560541848568],[121.43920597638463,24.93624356281606],[121.43741294511847,24.935730567854716],[121.43684798568255,24.935673527411105],[121.43621995675427,24.936537561364236],[121.43596894689172,24.937341527402989],[121.43515293442717,24.93849359350877],[121.43455595765732,24.939557536092103],[121.43439899973967,24.939960606559485],[121.43417992923067,24.940303544360219],[121.43361395035333,24.940822551944379],[121.43326898133961,24.940967575460078],[121.43276494400999,24.9408225859117],[121.43226194413705,24.939991552769275],[121.43185294063052,24.939762588523031],[121.43147494242494,24.939733527136841],[121.4304679289845,24.939131574575971],[121.42898993042776,24.938930519553601],[121.4282359803892,24.939018553337373],[121.42688398429178,24.939049510763372],[121.42590893840847,24.938447524855206],[121.42446297162901,24.938390530453443],[121.42395996182729,24.93841859934216],[121.42336199574626,24.93833452227457],[121.42194699424145,24.938307559148559],[121.42125500599413,24.938336520387377],[121.42015499771765,24.938712523306968],[121.41949499717741,24.938711582892427],[121.41895994684579,24.938252508355244],[121.41832995757888,24.937679581512679],[121.41760600482574,24.937507523600857],[121.41672694973349,24.938112591818033],[121.41634995365267,24.938745588773692],[121.41528196969035,24.939321562493259],[121.41487299184736,24.939408567077702],[121.41455999927022,24.939867582908654],[121.41446593787425,24.94055858728106],[121.41377496423637,24.941363551396119],[121.41333493768749,24.941450549546538],[121.41248595739607,24.941335530435659],[121.41210794819608,24.941307593639305],[121.41040994591799,24.941309567665645],[121.40952892620301,24.941510548254126],[121.40915292318802,24.941742539574157],[121.40959393637537,24.942546553366924],[121.40978294503377,24.94309256650488],[121.40956401095249,24.94421459991424],[121.40918699950609,24.944788528331216],[121.40915596593605,24.945134520229729],[121.40934499538442,24.945564512790444],[121.40880998091217,24.946199565138212],[121.40871596844168,24.946572543727175],[121.40884300173684,24.947318546535243],[121.40859098480243,24.94757954445382],[121.40846797878764,24.950281580295073],[121.40884597577585,24.951286582404091],[121.4086259654397,24.951573587857983],[121.4075689781111,24.952134581739625],[121.40560595632867,24.95080155069434],[121.40500796925616,24.950256544929779],[121.40453598991935,24.949797524960221],[121.40274293647288,24.948389581322548],[121.40242794727565,24.947701518913849],[121.40182994020721,24.946608515342913],[121.40179794327892,24.945832548492163],[121.40110595824603,24.94497157327153],[121.39965798003294,24.943707589971535],[121.39924896546091,24.943563593390348],[121.39874494764922,24.943334514349516],[121.39789597644197,24.942847586555533],[121.39723597053846,24.942675536219838],[121.39654497563502,24.94327953073817],[121.39594799886542,24.944199566494902],[121.39585297745373,24.944545549981385],[121.39594800844849,24.944890561724034],[121.3963259882762,24.945291552227783],[121.39660899551613,24.945750558576112],[121.39623194071991,24.94609755812213],[121.39597999413,24.94644052808713],[121.39469099547013,24.946326564863298],[121.39380992251371,24.945351573529905],[121.39327496580364,24.945075526598973],[121.39060300161195,24.945241559851713],[121.38915598632796,24.945184579264478],[121.38865296094045,24.944725589890869],[121.38808696650054,24.944552521605299],[121.38745797944762,24.944610586373852],[121.38701800658512,24.944352595444869],[121.38585400471928,24.943980546301503],[121.38494194776534,24.94377956768988],[121.38450194247537,24.943722560458735],[121.38396695140975,24.943694590734395],[121.38358994966892,24.943724545337204],[121.38321897822917,24.943937590443756],[121.3828099744003,24.944453581003913],[121.38224393200002,24.945028571684244],[121.38183593644047,24.94531358640327],[121.38108295103285,24.945712527244932],[121.37967200475777,24.945883534133156],[121.3781069734078,24.945591525774589],[121.37669999637973,24.944926567520561],[121.37619899424087,24.944899569212836],[121.37503895025628,24.945067552073901],[121.37447299314108,24.945468524894306],[121.37397098870545,24.945898582330486],[121.37315293873975,24.946672538723362],[121.37215000945592,24.946697523157965],[121.37155497633807,24.946782527424016],[121.37052195348991,24.946579592692618],[121.37014494192367,24.946693575231993],[121.36929699916216,24.947148591605426],[121.36873299725801,24.94709156799312],[121.36807492744511,24.947318566538549],[121.36713496527045,24.947260572848787],[121.36644597900144,24.947227597511784],[121.36584999894053,24.947457586238649],[121.36547393571539,24.94742654981237],[121.36497393898519,24.947053602725141],[121.36444399393213,24.946219514976374],[121.36385000255476,24.945873519525666],[121.36253696108952,24.945181573826083],[121.36212896464735,24.945150593029169],[121.36162795562991,24.945291581046572],[121.36009592767559,24.944225504258938],[121.359659980318,24.94350956558171],[121.35950394380467,24.943076527816043],[121.3594129974895,24.942473608259757],[121.35919499545695,24.942156564844947],[121.35850693551734,24.941783506029179],[121.35809993718293,24.941581512227508],[121.35772494469259,24.941320566666469],[121.35379795606976,24.939158594498554],[121.35103896813264,24.937674579356045],[121.34909395722313,24.936645568907092],[121.34831197056629,24.936155575436594],[121.34634795693674,24.933537529158357],[121.34400594761763,24.931203566817519],[121.34105496774376,24.929197547327583],[121.33947399948326,24.928406594744313],[121.33709997857218,24.926043508393914],[121.33675594607405,24.925786599926479],[121.33537998465881,24.925005595538067],[121.33447198783932,24.924716538876005],[121.33117894619244,24.925051563275797],[121.33061496460355,24.925077548235375],[121.32910995752214,24.925044592119505],[121.32713700802412,24.924637551690633],[121.32638593976756,24.924203536961087],[121.32550999529913,24.923885548445504],[121.32469499597599,24.923451563514927],[121.32435099699946,24.923163562039164],[121.32113494743317,24.920079537501937],[121.32041895891679,24.918697523242258],[121.31992096347575,24.917893548070797],[121.3199569991791,24.916888517800999],[121.32077795685176,24.915483599312598],[121.32162596931293,24.915196540646146],[121.3217830109764,24.914882528417749],[121.32172394985396,24.914250516597221],[121.32134995753576,24.913588572829983],[121.32150796451997,24.913273562019473],[121.32197894542308,24.913045545932249],[121.3226709806541,24.91241353787515],[121.32279994226195,24.91161055945253],[121.32320897688678,24.911209579323149],[121.32336997843885,24.910290597225945],[121.32371595468335,24.909946559062927],[121.32437495073553,24.909805532097693],[121.32556794675003,24.909349575520238],[121.32610294212952,24.909034544515521],[121.32592296951489,24.90679351493705],[121.32564192943202,24.906333543928874],[121.32520593609956,24.9058155903634],[121.32417595837148,24.904777563285982],[121.32361299841928,24.904317570416055],[121.32264294241865,24.903796516070656],[121.3221729786592,24.903709584218987],[121.32179900942943,24.903391571225036],[121.32205398838256,24.90215654332918],[121.3224629645288,24.901871600910948],[121.32262197721593,24.901354596505538],[121.32322198829418,24.900495607050136],[121.32316001020155,24.900150549072588],[121.32243995380261,24.899774588456292],[121.32156296227835,24.899771511915862],[121.32121696792623,24.899971535026761],[121.32043201063668,24.900255567540984],[121.32021500875001,24.899824533113332],[121.32009100530587,24.899479605962906],[121.32056294159453,24.899105589287721],[121.32178698483733,24.89859352082112],[121.32257097623632,24.898539548936675],[121.3233879442179,24.898197557408547],[121.32395292443589,24.897911553122491],[121.32439300755262,24.897567573294197],[121.32524098729613,24.897312543557046],[121.32558596242465,24.897140600769465],[121.32643599480146,24.896395536371408],[121.32693897978261,24.895793548221633],[121.32816094982532,24.895942545009909],[121.32837894418476,24.896343610386563],[121.32890895790304,24.897006544084675],[121.33012895997842,24.897642574636006],[121.33056797875361,24.897643595228097],[121.33075499457638,24.897961546856305],[121.33081598754737,24.898333595131838],[121.33159397155647,24.89957357207383],[121.33222000605554,24.899861574135919],[121.33347594332942,24.899233594069958],[121.33372795208621,24.898889553948987],[121.33348000140651,24.898314572722583],[121.3330749359022,24.897852546830027],[121.33304598671664,24.897164584482873],[121.33329799787185,24.896791561112693],[121.33320700918465,24.896044597575859],[121.33264597491399,24.895237549301953],[121.3326189699352,24.894174586286386],[121.33265301070189,24.893657585048242],[121.33299899039086,24.893372577305865],[121.33321897961071,24.893085579497061],[121.33331796804072,24.891791550634217],[121.33363299986287,24.891477538126082],[121.3343530097729,24.891595556844663],[121.33513693948274,24.8915985916403],[121.33554199175425,24.892116599448972],[121.33635694704815,24.892234570989324],[121.33735799380929,24.89266751962916],[121.33782793993097,24.892698518209166],[121.33842696198599,24.891895532873697],[121.33911698809064,24.891553579131887],[121.33996396119279,24.891411602507155],[121.34059198621276,24.891097568139926],[121.3408749808906,24.890866591913191],[121.34153596951383,24.890066530379912],[121.34153796502348,24.889605574827797],[121.3410399427419,24.888742527538056],[121.34116993685583,24.88773753949906],[121.34142199916685,24.887308515177036],[121.34180294759824,24.886188556733078],[121.3418990106352,24.885643600897904],[121.34224597272436,24.884697532288175],[121.34127497520487,24.884550599683759],[121.34074596051032,24.883802546961888],[121.3410319569449,24.882767600738273],[121.34216493182674,24.881564557646708],[121.34317293570832,24.880160534394218],[121.34351794359721,24.879961547174982],[121.34392597024647,24.879847561048098],[121.3443639321701,24.879993550405576],[121.34473993068632,24.880166585361351],[121.34520893217648,24.880167582637462],[121.34561696038897,24.880024607955036],[121.34662397640479,24.879107598446517],[121.34722100774296,24.878709545564426],[121.34794199716616,24.87856756530411],[121.34847392720457,24.878656529410726],[121.34978899236923,24.878775518297918],[121.35079294375595,24.878491549132686],[121.35148594824174,24.877632581338737],[121.35202097940632,24.87688460629975],[121.35343300107691,24.87651656553032],[121.35359096341571,24.876201533902364],[121.35340794318634,24.874764589211772],[121.35403698591074,24.87410657737027],[121.35419497467633,24.873230537692141],[121.35389394821912,24.872553604083304],[121.35355698913006,24.871520550039797],[121.35327699748676,24.871232548629031],[121.35284093969764,24.870858595621833],[121.35243596588938,24.87059761469818],[121.35027900990765,24.869930540355043],[121.34975194541761,24.86918460713645],[121.34909697851744,24.868664596925022],[121.34831400576047,24.868635549742539],[121.34781494442657,24.868345614543671],[121.34618498775926,24.868369531664985],[121.3454990112872,24.867991531428018],[121.34522095940925,24.86724752796831],[121.34444796974537,24.865868550418071],[121.34348496616319,24.864574598459892],[121.34397099701363,24.862312546716669],[121.34447800930336,24.861597519089649],[121.34476094420934,24.86137159218514],[121.34513894862044,24.861201597516054],[121.34579798997594,24.861029588257207],[121.3462379592995,24.860832544400392],[121.34680395461329,24.860489568880286],[121.34811996510427,24.86043757080164],[121.3489700029736,24.859954593433073],[121.34934694000397,24.859811581193338],[121.35035099269676,24.859588560054867],[121.35079094814057,24.859361534777133],[121.35151093900416,24.859420597358625],[121.35207600673051,24.859250610782606],[121.3535849639667,24.858540590955268],[121.3539659820879,24.857683520513906],[121.35403494393044,24.856880565972034],[121.35491693789626,24.856083526804746],[121.3550759322823,24.855767569653946],[121.35561094511246,24.855454525951028],[121.35576994281843,24.855111564874118],[121.35605397235271,24.854855545748961],[121.35702801340693,24.854399596919443],[121.35743496680755,24.854402596367631],[121.35787195425766,24.854519553823561],[121.35812497133767,24.854234520843494],[121.35816094493239,24.853602568972043],[121.35775593164844,24.853201551418895],[121.3570359837184,24.853169597515386],[121.3567519553965,24.853539572849449],[121.35606399723781,24.85345156422834],[121.35527897299298,24.853590582386033],[121.35459396153649,24.853129541538539],[121.35450393303633,24.852441549060035],[121.35388200993184,24.851894576696363],[121.35360295641574,24.851405578467652],[121.35360793864251,24.850775592962759],[121.3531719584698,24.850345563385392],[121.35276599156062,24.850256581855284],[121.3520109544047,24.85065557111999],[121.35195195511911,24.850224560852205],[121.35267498760223,24.849712612998779],[121.35299198168785,24.849282606654366],[121.35271100703565,24.849053557397127],[121.35183394826416,24.849134541914417],[121.35129993968842,24.849361538599936],[121.35089193663185,24.849475544366236],[121.34982398607713,24.849671538174366],[121.34992095602212,24.849269599929737],[121.35039392863159,24.848812596093573],[121.34983094891375,24.848755582335908],[121.34939399814836,24.848494577195428],[121.34867398121504,24.848432602988002],[121.34851498682713,24.848805525064126],[121.3482239658408,24.850065522444787],[121.34837695983819,24.850668603380704],[121.34809300284688,24.850982575132104],[121.34771896968516,24.850780559510849],[121.3477219397605,24.850062542100904],[121.3467499608841,24.850202593185031],[121.34624900308702,24.850171605464524],[121.34587496347754,24.849910521006102],[121.34531199043303,24.849767547446923],[121.34490497445833,24.849736526765948],[121.3441869366095,24.849417544883828],[121.34303197862221,24.848752576883435],[121.34234396852575,24.848607596642832],[121.3415289519766,24.848631596751307],[121.34049297308238,24.848971563181482],[121.33980498853845,24.848683555822198],[121.33939798025432,24.848653605297603],[121.33902297274251,24.84850754454488],[121.3386449839889,24.848763567698594],[121.33805299515649,24.848360585565885],[121.33733199628877,24.848357611347421],[121.33689397707269,24.848268570392776],[121.33633194143363,24.848066584060412],[121.33579898485273,24.8480625362415],[121.33539098563112,24.848120524190843],[121.33548893843009,24.847517598211443],[121.3357429730506,24.847088588998457],[121.33584101550014,24.846458569899237],[121.33572097438838,24.845769535053488],[121.33553695096708,24.84516760682817],[121.3356389738103,24.844050542450233],[121.33595494723619,24.843650542041349],[121.33670999997196,24.843309524880432],[121.33724300544239,24.843313570414178],[121.33783697557212,24.843402610204642],[121.33861892844929,24.843603551323142],[121.34043693812903,24.843612600784283],[121.34149998190537,24.843903532907692],[121.34218695220507,24.84427857408885],[121.34315501052096,24.844741546058156],[121.34349792879325,24.844887581851697],[121.3444979915504,24.845234522486201],[121.34581194038509,24.845527568948651],[121.34618696803697,24.845711538544439],[121.3481919386565,24.84570957992689],[121.35038899611659,24.845117541474853],[121.350860970093,24.844832549530771],[121.35145796780935,24.844519539338538],[121.35280695313202,24.844267602306068],[121.35487795938961,24.843646547980892],[121.35563701319842,24.842702530888861],[121.35633493977316,24.841417522510334],[121.35772496017515,24.839617547238177],[121.3603659454342,24.838197581664417],[121.36083599330792,24.838027590153054],[121.36190196024846,24.837860594824804],[121.36309099459862,24.837950527414687],[121.36384195414702,24.838067524903924],[121.36471899651664,24.838043542193894],[121.36582000316528,24.837361573833459],[121.36795299408422,24.836683569276424],[121.3683289656373,24.836684535684281],[121.36977196742895,24.836316543826538],[121.37024298294706,24.8360605650388],[121.37112496113589,24.835291518720918],[121.37168797688588,24.83529454741776],[121.37278594259273,24.834984544217011],[121.37297594970825,24.834668591559435],[121.37294893568794,24.834038583598844],[121.37332600404065,24.833841528935572],[121.37473499922443,24.833817595661316],[121.37620498022194,24.833910604666855],[121.37667293553301,24.834112590031939],[121.37726793868991,24.834201560147822],[121.37795493425085,24.834403531116987],[121.37851594831099,24.834663596449857],[121.37895194686989,24.834953602585355],[121.38041498867589,24.836162525952286],[121.38132000425676,24.836509563279868],[121.38275900865078,24.836603582310818],[121.38323098728283,24.836830548086656],[121.38382795816337,24.837632526559617],[121.38476795975795,24.840236602939619],[121.38545793503467,24.840837543178264],[121.38724394296192,24.842040581391814],[121.38802799163837,24.842439552256302],[121.3894690041196,24.842237609900405],[121.39125594676322,24.84286652296991],[121.39169393274929,24.843066559033119],[121.39275996321619,24.843668534539876],[121.39304195634188,24.844069591861288],[121.39366893886405,24.844212595127058],[121.39416995617107,24.844240535651171],[121.39467094054197,24.84415352368379],[121.39523497952985,24.844009548142196],[121.39630094355745,24.843636521619541],[121.39717498244519,24.843454521991664],[121.39770292350634,24.842868563209997],[121.39816493288215,24.842564568217927],[121.39880393524913,24.842361606272327],[121.39973096785124,24.842239586940398],[121.40052498524524,24.842197542836921],[121.40143899894217,24.842346605651194],[121.40175198013291,24.842602568365081],[121.40304396319905,24.843337593394505],[121.40378900093897,24.843116527358969],[121.40425893548453,24.842971600222803],[121.40469693940703,24.842771589886226],[121.40551197558956,24.842341574989049],[121.40598197636479,24.84219755054896],[121.40645194779572,24.841968540144894],[121.4087699936338,24.840648556946668],[121.40999099921623,24.83895953046386],[121.41061697933105,24.83852856817095],[121.41143194272367,24.838413533176261],[121.41274694653627,24.836979580136997],[121.41324799028251,24.836806550928191],[121.41421895083238,24.836291540841749],[121.4149709488814,24.83594651934407],[121.41547200509402,24.835775564651009],[121.41572296522382,24.835488548418304],[121.41559694543859,24.834971606962295],[121.41534598767535,24.834256554137774],[121.4150329861977,24.83362753884321],[121.41418596473221,24.832853546807129],[121.41387299721968,24.832281601107493],[121.41387198745358,24.831707605051857],[121.41449896389646,24.830735583234766],[121.41571999826097,24.829471603334635],[121.41615800192091,24.828728538212232],[121.41615696320362,24.827466602360015],[121.41675199165418,24.825805545416671],[121.41703296099554,24.825547604150366],[121.41878799282084,24.825402560548135],[121.4195399408371,24.825574544368529],[121.42198295891856,24.825486583655788],[121.42348695046309,24.82559954057772],[121.42392499730684,24.825341594778607],[121.42436296764674,24.824538546331517],[121.42470699931208,24.823966547339985],[121.42486397916642,24.823650535058622],[121.42505194874933,24.823020570018432],[121.42514498630413,24.822620575183841],[121.42514295799562,24.820471611698718],[121.42554995180436,24.820041550967812],[121.42589397516468,24.81978360244042],[121.42642697611352,24.81955355669723],[121.4271159301767,24.819066536043227],[121.42752196427568,24.81826356842107],[121.42789794051814,24.81726060009596],[121.42846092907477,24.816974574439698],[121.42877394341565,24.81660058437188],[121.42924396780148,24.815741530771074],[121.43037094968736,24.814594557705092],[121.43174797674276,24.813791581318306],[121.43644592934237,24.812240524313843],[121.43669594929973,24.811897589695295],[121.43663198388391,24.810150605276867],[121.43681996006518,24.809777594466425],[121.43710097794829,24.809090547945871],[121.43735096745498,24.808229588203002],[121.43741399243858,24.807800614275411],[121.43738199876913,24.807141560977168],[121.43709896737347,24.806397564005955],[121.43709895970423,24.805508527524466],[121.43778694147812,24.804849538535176],[121.43797498976288,24.804248553114828],[121.43808095710271,24.803733560878317],[121.43809698733769,24.800981558533056],[121.43724999368708,24.798749548820272],[121.43724895051417,24.798148561025812],[121.43759396555386,24.797547558414863],[121.43759292939056,24.79685853494713],[121.43768697946524,24.796456536018656],[121.43796792876839,24.795826558820703],[121.43865698072007,24.795138578423234],[121.43984597794125,24.794536532731783],[121.44112999530172,24.793790539531031],[121.44184892911836,24.793187616513077],[121.44260098909712,24.79212959303976],[121.44313294883648,24.791784540382135],[121.44357097160133,24.79172753282554],[121.44422798611029,24.791497598589007],[121.44535498619294,24.790408555830819],[121.44579298127017,24.790206534940861],[121.44673298245965,24.789977537975592],[121.44732795550726,24.790061539560664],[121.4477349908578,24.790234590759077],[121.44936395654548,24.791091553842023],[121.4503469330047,24.790952535329346]]]},"properties":{"OBJECTID":28,"COUNTYNAME":"新北市","TOWNNAME":"三峽區","TOWNID":"F13","TRANSP":50,"CODE":" ","INDEXCODE":"1000109","Shape.STArea()":189956536.33087158,"Shape.STLength()":79034.038202551994}},{"type":"Feature","id":29,"geometry":{"type":"Polygon","coordinates":[[[121.53814807641533,24.698653570315116],[121.53788407593792,24.699192571974212],[121.53780303735371,24.699704557193428],[121.53834000325523,24.700506613182785],[121.54088605916535,24.702350545374788],[121.5412900513637,24.702933559041565],[121.54169100533061,24.703566602960287],[121.54249803867422,24.704148611907776],[121.54292706423738,24.70463654357836],[121.54295308386692,24.705071573116491],[121.5430380374104,24.70541257540323],[121.54354502740442,24.705701574921946],[121.54442599639123,24.705773602873911],[121.54501500486681,24.705723599390723],[121.54538900844594,24.705722607088436],[121.54648304726722,24.70617858394812],[121.54701604338531,24.706204540772148],[121.54816802495331,24.70615257269418],[121.54928601220338,24.705804551323826],[121.54973902166597,24.705678556878485],[121.55035301465074,24.705728585583135],[121.55102303452807,24.70589759531882],[121.55147799818333,24.706159577679323],[121.55265806500928,24.707153613374594],[121.55415601264436,24.708222581959497],[121.55464003502414,24.708707564686179],[121.55568905925668,24.710530582224379],[121.55612103256374,24.711115619016912],[121.55660106668768,24.711357539440993],[121.55705503839701,24.711333542565551],[121.55825603849786,24.710913556755155],[121.55868299761148,24.711083624528513],[121.56053103277175,24.711807556499263],[121.56202904506139,24.712777574261498],[121.56253906453489,24.712922573607575],[121.56307300490592,24.712893567408582],[121.56453502708905,24.712109561240919],[121.56541805033127,24.711740546114093],[121.5667240074677,24.711587546829612],[121.56792804883739,24.711680603068711],[121.56867400122825,24.712115598115346],[121.56967001478255,24.712894581439315],[121.57026102415357,24.714012598012651],[121.57066103479586,24.713523575752326],[121.571057064249,24.712982578247747],[121.57177106069409,24.711471608895927],[121.57224803995922,24.710467619418022],[121.57281003780383,24.710393595870681],[121.57331602212199,24.710368556791778],[121.57406401667384,24.710144560520799],[121.57449002025609,24.71012054306097],[121.57486505184326,24.710214546197033],[121.57529306803576,24.710700570218773],[121.57580404747574,24.711797568975353],[121.57672204673301,24.713843611267873],[121.57715600898509,24.714764552005452],[121.57734502462696,24.716010588992194],[121.57748306300174,24.716666579463411],[121.57724800182824,24.717421614949853],[121.57752204754671,24.718738560015403],[121.57749604274693,24.719126571707488],[121.57742200874826,24.720345621356934],[121.57753202274445,24.721076562106997],[121.57777906050976,24.721906576413133],[121.57815106586558,24.722344602025395],[121.57860706532672,24.722539598940038],[121.57914002794629,24.722485629419953],[121.5797010357098,24.722291586602491],[121.5805790103045,24.721775591464421],[121.58132599497505,24.721429586736704],[121.58247205216637,24.720989565485823],[121.58407499191536,24.720396608853754],[121.58564700669454,24.72014759948345],[121.58701803527114,24.720174553618708],[121.58746505034179,24.720310595088183],[121.58810805597869,24.720795563328441],[121.58977106453641,24.722761571309075],[121.59039200560085,24.723540613357816],[121.59076804483625,24.723857598656181],[121.59157000740939,24.723998536218389],[121.5919689969099,24.724168617975092],[121.59277300050522,24.724844614491118],[121.59387305667923,24.725915567982771],[121.59580203106447,24.726857614436433],[121.59657704684373,24.727003601079833],[121.59695206316157,24.727268560941685],[121.59756803027277,24.727778616915657],[121.59775902490726,24.728556527222427],[121.5978970133758,24.728971597173253],[121.59763105006282,24.729312602406779],[121.59706906548159,24.729218594900097],[121.5956550117819,24.729320565990218],[121.59418504515337,24.729254620431824],[121.59375900187729,24.729524550593055],[121.59362599896734,24.729863597655111],[121.59362706142853,24.730206615460165],[121.59370901381671,24.730621545535158],[121.59494799650621,24.732348535134854],[121.59497799248382,24.732688549771886],[121.59495203993741,24.733198539033676],[121.59421001306139,24.734716584825161],[121.59400107243336,24.735033620248352],[121.59453906662283,24.736080596861836],[121.59475403044074,24.736736628617486],[121.5951350586256,24.738073605675247],[121.59529706958399,24.738808574064297],[121.59527201958596,24.739490568060411],[121.59508998403071,24.740563605751316],[121.59493304771667,24.74092755678706],[121.59421304959962,24.741173568527017],[121.59338905853606,24.742304592636245],[121.59296504646095,24.742840624143881],[121.59254004572975,24.743133590083712],[121.59197900306687,24.743332549726876],[121.59158606125865,24.744940579859787],[121.59177505845655,24.745330531313602],[121.59223002833733,24.745717539415935],[121.59274204075379,24.745938529755605],[121.59316801178724,24.745984607305832],[121.59383407097178,24.746053571084829],[121.59434501912378,24.746273588639568],[121.59480102326417,24.74663456575648],[121.59539100876485,24.74743853871465],[121.59601906400563,24.748424558335696],[121.59524603320789,24.748743561271713],[121.59475302777213,24.74994858562329],[121.59431007576541,24.750275568187181],[121.59329605376087,24.750229565410379],[121.59268206245547,24.750281561618188],[121.59218406261718,24.75042158676068],[121.59107400632163,24.750865615606813],[121.59065700931897,24.751061567461338],[121.59020503834796,24.751403557089393],[121.58997500761865,24.751804556924849],[121.58975001110028,24.753202540282327],[121.58958404994479,24.753893562885644],[121.58921401318769,24.754698521463567],[121.58898607203234,24.75542158315961],[121.58909807134982,24.75639658014536],[121.58918001797048,24.75696455106193],[121.58945000424615,24.757476526816138],[121.59045903317393,24.75835057090546],[121.59073802264567,24.758883533886809],[121.59075703290281,24.759249598663747],[121.59049406933343,24.760137582312943],[121.59040800780676,24.760772581734606],[121.59056204067345,24.761250617535218],[121.59127901129384,24.762028551812918],[121.59203101070469,24.763072605532678],[121.59343604693528,24.76490458106991],[121.59432102616694,24.765607609364807],[121.59612303952932,24.766681613901376],[121.59632101029037,24.76702853814157],[121.59618900611979,24.767412532634491],[121.59594299461668,24.768038597205678],[121.59564300057814,24.768633559433756],[121.59550306213376,24.76903158510256],[121.59559305730514,24.769364587086617],[121.5971420066405,24.771381581092633],[121.59750104828296,24.771980603086377],[121.59753005138629,24.772501556958829],[121.59663905973828,24.774121608680762],[121.59595106338944,24.775383560928308],[121.59532703108536,24.776857537140902],[121.59508104884195,24.777630597261012],[121.5944640643452,24.7788426063434],[121.59434199420234,24.779436581017965],[121.59444201317866,24.77993260949528],[121.59445299552118,24.780338610576678],[121.594323009871,24.78096457685783],[121.59405704812248,24.781362558395319],[121.59367602734785,24.781567584540401],[121.59325001574366,24.782000605288157],[121.5931990721495,24.782350588125919],[121.59325801911513,24.783512602069163],[121.59337805040464,24.78446362093684],[121.59337101926754,24.784957538916885],[121.59309101574019,24.78595854917096],[121.59277301481939,24.786415596519589],[121.59202898530232,24.787222595457372],[121.59227905030362,24.787505562426997],[121.59339100718479,24.787257561878423],[121.59388006276212,24.787280545134276],[121.59847503432927,24.787602552982428],[121.59899998608019,24.78769760700856],[121.601186070092,24.788663542841554],[121.60215804572192,24.789009604958267],[121.60256805546213,24.789235583121936],[121.60303199273037,24.789290596758828],[121.60355704872146,24.789216602561361],[121.60508699430279,24.789054599815504],[121.60555900929904,24.789111552868238],[121.60600501190446,24.789319580202108],[121.60692505684365,24.790071600317184],[121.60820699464392,24.791829609166619],[121.609533019561,24.793667616790181],[121.61001405573985,24.79376561011896],[121.61058406464672,24.793738540088597],[121.6119620110056,24.793464571340429],[121.61337599785631,24.793204605875975],[121.61379503591432,24.793284603052911],[121.61608502085564,24.793825611151128],[121.61683298337707,24.793840591428847],[121.61924104406795,24.793002581777081],[121.62051105571958,24.79255056690889],[121.62137501016099,24.792515552399827],[121.62183004805686,24.792879610602508],[121.62285898120551,24.793978611054641],[121.62349303200835,24.794375594356044],[121.62435005610079,24.794728585371455],[121.62587505545304,24.795412578331447],[121.62600500199417,24.796387550186125],[121.62600598924566,24.79674655730016],[121.62559406011971,24.797682615335351],[121.62552601330523,24.798445581445009],[121.62506402570078,24.800397546102662],[121.62488406960362,24.801714560333021],[121.62494005800926,24.802307536323095],[121.62532401729926,24.802493565811261],[121.62567101401029,24.802629539037028],[121.6259750217999,24.80289660752987],[121.62618306242933,24.8034485866784],[121.62635898870089,24.804755548835441],[121.62651399951811,24.805485533025806],[121.62651506199049,24.805842545925341],[121.62627000260373,24.806721555386343],[121.62583104151807,24.807885542984337],[121.62573705332692,24.808763566396134],[121.62611201498419,24.808859603888891],[121.62780003814919,24.80814654113081],[121.62830604086578,24.807972586456689],[121.6288860175038,24.808082563984865],[121.62945802557103,24.808633549061504],[121.62992204317665,24.808931542638657],[121.63142003257252,24.809218589763404],[121.6324170005369,24.809246615585835],[121.63321300789067,24.809145553602974],[121.6347090291561,24.809155559384877],[121.6360420491864,24.809313592502011],[121.63723199710039,24.809473573825162],[121.63877404287332,24.810649540381622],[121.6393500295863,24.810532597038488],[121.63990705702338,24.810364528003138],[121.64111305233571,24.810393581267729],[121.641923040592,24.810455577739699],[121.64301804874444,24.809841586783868],[121.64364600245393,24.809428595094285],[121.64427505727784,24.809213533940714],[121.64467106884075,24.809211550714554],[121.64553699333931,24.809600589225585],[121.64593499396435,24.810027575319143],[121.64624405621633,24.810487535569514],[121.64677501458939,24.812340536037535],[121.64717905389186,24.813850535421466],[121.6484520680259,24.812858589251995],[121.64875706556117,24.81262757225667],[121.64947706456429,24.812608543624897],[121.65009101814432,24.81295160453168],[121.650540060186,24.812933583813983],[121.65108303074265,24.81237160207229],[121.65144099491299,24.811909555985611],[121.65190799849886,24.8116275280628],[121.65282404310942,24.81136060482871],[121.65350804210486,24.811276533828625],[121.65525405139371,24.811235586984282],[121.65692802004666,24.811243593781221],[121.65773706450963,24.81112454773103],[121.65876203853438,24.810939555999081],[121.65928500300846,24.810953584980659],[121.65984301916201,24.811068595260725],[121.66052600393741,24.810932584472923],[121.66094206362335,24.811325586868048],[121.6610170385034,24.811817524619613],[121.66157605896538,24.812029588066238],[121.66297203139219,24.812614532551489],[121.66329699591054,24.812827538164555],[121.66364001393981,24.813168578720731],[121.66401905323048,24.81333258320549],[121.66432705368531,24.813610577364297],[121.66461701873183,24.814035546318536],[121.6649429934928,24.814379547572244],[121.66541103314742,24.814492591135238],[121.66582704564323,24.81472153153932],[121.66649706207951,24.815390579225074],[121.66716705885615,24.816028559567155],[121.66796703632077,24.816436538771491],[121.66886899353932,24.816827524199248],[121.66903300200096,24.817253601620624],[121.66900000221935,24.817747544047087],[121.6693610272125,24.817926599232806],[121.66971898285711,24.817611608004235],[121.67063402809521,24.817032527733893],[121.67110106303883,24.81671757315759],[121.67262200110605,24.815132544679155],[121.67353702171447,24.814406564593927],[121.67400303179136,24.814173585415105],[121.67454299869176,24.814040589943108],[121.67528403448141,24.814529602615718],[121.67573298742015,24.814479547708252],[121.676110985555,24.814478558158637],[121.67666800784212,24.814211573529416],[121.67692400205399,24.8139485722077],[121.67730299699359,24.813996611809483],[121.67768307066748,24.814405532329225],[121.67793699921255,24.814682570087463],[121.67846003025159,24.814959559717028],[121.67905604323111,24.815318548742837],[121.67963603480058,24.816121583870142],[121.68036199637815,24.817070583009844],[121.6807230044877,24.817380524762232],[121.68133599690155,24.817558593312778],[121.68187504185512,24.81735957495107],[121.68235898362498,24.816962617529889],[121.68279700961614,24.816879534480115],[121.68317499067346,24.816861551333407],[121.68416602752691,24.817103602503273],[121.68494200130958,24.817379588601856],[121.68584199644766,24.817506567777968],[121.68659700052142,24.817173546082618],[121.68693703713802,24.816827519828653],[121.68732903314829,24.816166603867909],[121.6877779848032,24.81596860952375],[121.68844501281045,24.816179519392222],[121.68907799770064,24.816653536023967],[121.68933304347581,24.817094595203255],[121.68907005304226,24.818477613906321],[121.68898198940677,24.81887060085975],[121.68903905810953,24.819379581221593],[121.68927601949491,24.81985558406042],[121.68978303964387,24.820444557376558],[121.69009198089165,24.82108355450222],[121.68991599151209,24.821806604949707],[121.68979505754129,24.822497517312041],[121.68940205723624,24.822960532888853],[121.68864902444189,24.823522546809432],[121.68812798203423,24.823838611266449],[121.68784204447525,24.824216528006957],[121.6877920057408,24.824907579374564],[121.68802901579033,24.825463582132084],[121.68911405521261,24.826298546247347],[121.69035998062732,24.826965558662579],[121.69117705885607,24.827206560728744],[121.69186106242883,24.827187594259161],[121.69231201706486,24.827284550298653],[121.69301606069048,24.827742579813634],[121.69403001145983,24.828771521275669],[121.69432001210646,24.829049534872247],[121.69545600546306,24.829455526241119],[121.69610601474862,24.829714531614027],[121.69641505090698,24.830288599271363],[121.69647199216372,24.830780600377906],[121.69626305088592,24.831997601640946],[121.69648101769664,24.832438555829384],[121.69671901536869,24.833146579106433],[121.69677704169288,24.833834593076116],[121.6967260366231,24.834329530916349],[121.697409978013,24.834423581039655],[121.69792004602469,24.834404590471827],[121.69836998472583,24.834371601985829],[121.69876998681185,24.835010531470623],[121.69897004793606,24.835336541339792],[121.69936702532674,24.835450615823333],[121.70022702735696,24.834739526253649],[121.7007290159177,24.834441557300899],[121.70128699280092,24.834308568842626],[121.70195401285365,24.834354549377913],[121.70254999410226,24.834794537401738],[121.70356202575033,24.835430564094633],[121.70379797629445,24.835741579538862],[121.70457500139268,24.836231545870017],[121.70526205301952,24.836754598171854],[121.70598501266396,24.837308542483083],[121.70670800128255,24.837749540178962],[121.70705200119164,24.838174543943698],[121.70746506532954,24.838944566678006],[121.70651499844959,24.839732591325859],[121.70597704158573,24.840118593242845],[121.70539897947798,24.840888608073978],[121.70515603743428,24.841392575293217],[121.70450502652011,24.842003563665692],[121.7036839954071,24.842165537790468],[121.70298197880572,24.842190597601515],[121.70206599257816,24.842590559523604],[121.7015190061397,24.842536600291623],[121.70062603734755,24.84267857758315],[121.69992498645423,24.842873541589903],[121.69929500995745,24.842909547258675],[121.69783000906958,24.842855529316576],[121.69660902539491,24.843457604582369],[121.69571604506314,24.843656609708837],[121.69529005869498,24.843658592246712],[121.6947180561737,24.843466583170052],[121.69432303623866,24.843563590929051],[121.69323300643714,24.844017568427223],[121.69266506007125,24.844320598932011],[121.69215700446142,24.844810601707852],[121.69197901172181,24.845206540824456],[121.69180601102997,24.846470589055638],[121.69134702304841,24.846982584735628],[121.69101505809734,24.847691549033964],[121.69045899833053,24.848257530495786],[121.68962503288674,24.848261558762019],[121.68854704666973,24.848589577756616],[121.68821699304922,24.849692556814471],[121.68763504780053,24.849875539866833],[121.68687299178447,24.849867580208102],[121.68627799711376,24.849667523216926],[121.68562204555896,24.84943956850908],[121.68520904584281,24.849579515114414],[121.684765984053,24.849865610550111],[121.6836150253564,24.850074567642473],[121.68282803027097,24.850043583995234],[121.6824030236736,24.850200554317958],[121.68203003287852,24.849944565155614],[121.68175801955287,24.849661578785586],[121.68067102952757,24.849600535182873],[121.67977102405186,24.849647614601537],[121.67857505463043,24.849375582367028],[121.67793105730817,24.849060603622632],[121.67784402780102,24.849460526762925],[121.6774000417425,24.849681575939407],[121.67699298471661,24.84971656590195],[121.6762170130208,24.8494625642717],[121.67543601145216,24.84925654517453],[121.67470804946778,24.849063525856799],[121.67413098953334,24.848901540836131],[121.67372901666603,24.848925564037025],[121.6731010195646,24.849212534903426],[121.672516987497,24.848908549432476],[121.67168202664266,24.848862550043833],[121.67124198666318,24.848548604107116],[121.67056401535309,24.848483567730774],[121.67022605537673,24.848074531874669],[121.66985903988089,24.847967548958124],[121.66944502874927,24.848073606556753],[121.66728602545662,24.849430574991271],[121.66669404007213,24.849832570406232],[121.66623200409643,24.850011605040361],[121.66588501815265,24.850243576832778],[121.66541201624496,24.850326591816508],[121.66512199623311,24.850104584045546],[121.66459798167917,24.849650580675046],[121.66378802714205,24.849719563131551],[121.66329104091254,24.850001572150877],[121.66271000637383,24.850103559572553],[121.66192305681265,24.85008059989195],[121.66122200628382,24.850295526573557],[121.66083904676461,24.850473551896933],[121.66047305230725,24.850605555082105],[121.65940602113606,24.850844565421795],[121.65864300073518,24.850658596589362],[121.65796303727096,24.850309546879835],[121.65738905583262,24.84973854578308],[121.65689600300421,24.849718605157605],[121.65650801598137,24.849950546111476],[121.65577205145915,24.850526574436472],[121.65528801777687,24.850962546306892],[121.65494406016036,24.851561596184947],[121.65467800898452,24.852400566300417],[121.65414198916751,24.853009587823156],[121.6538610122671,24.853340551213314],[121.65356301318414,24.853707534239287],[121.65328404604492,24.854329590508666],[121.65311903807832,24.854860580128975],[121.65289198861176,24.855172539084595],[121.65222699574404,24.855439544194226],[121.65187603377883,24.855875553453618],[121.65149205138019,24.855940516933416],[121.65106700145034,24.856206570575466],[121.65085201279595,24.85656361391495],[121.65032103491393,24.856988574166014],[121.64951298675031,24.857499605096301],[121.64887306993829,24.857913569936837],[121.64819603628945,24.858211584455542],[121.64721999456572,24.858638552937769],[121.6465439961805,24.859150535162193],[121.64572303051322,24.859362565948995],[121.64515506977516,24.859949559531383],[121.64479406595078,24.860767532086172],[121.64424698574771,24.860693589264354],[121.64376601853128,24.860602571598825],[121.64330405500377,24.860681584931925],[121.64267701688546,24.8612756083722],[121.64198902106055,24.861716551202523],[121.6412400153787,24.861988573758989],[121.64055005066469,24.861952524433637],[121.63998502913812,24.861785564229312],[121.63922702603649,24.861421592366426],[121.63861805614108,24.861024579097165],[121.63832205951023,24.860587569218691],[121.63754101917461,24.859308594308853],[121.63693401479762,24.859181529979722],[121.63653703415558,24.858914606419553],[121.63615500366703,24.858232562330336],[121.63579702831839,24.857674544286681],[121.63512401626542,24.857469557449118],[121.63481499838498,24.858122583799076],[121.63445706188217,24.858562568649209],[121.63402001495508,24.85888657914213],[121.63358301397737,24.859141598336866],[121.63321600881061,24.859273539739366],[121.6323330298889,24.859381571178876],[121.63193200747727,24.859473559237244],[121.63136704116144,24.860132541864417],[121.63051501888727,24.86082658561072],[121.63002801943807,24.861316570284568],[121.62968103449009,24.861489585439479],[121.62912900093268,24.861547544286573],[121.62771304212283,24.861513583464596],[121.62587700819914,24.861504589643197],[121.62408201067946,24.862105582714264],[121.62327206043878,24.862312564234447],[121.62116604093256,24.863303516776867],[121.62061405310389,24.863240542942265],[121.62008501727071,24.862529530165851],[121.61978700566908,24.861806546095476],[121.61947900035891,24.86151852309235],[121.61893904999226,24.861708570799514],[121.61857603052786,24.861926589120259],[121.6176880275587,24.861817586617036],[121.61646305494268,24.861242533456668],[121.61595202384196,24.860880589014943],[121.61539802315816,24.860754568096084],[121.61495501030707,24.861189598790595],[121.61454404532944,24.861466590197562],[121.61344907152133,24.86165853507849],[121.61135702596074,24.862303578288774],[121.61007402852589,24.862888572947195],[121.60956800174698,24.862992583822976],[121.60870907402105,24.863169530621885],[121.60650299890376,24.863338592678232],[121.60429601974889,24.863203519282131],[121.60121805701083,24.863272556880386],[121.60082104419249,24.863303591902881],[121.60040999619439,24.863508580360907],[121.59961904041285,24.863958509717715],[121.59922103244013,24.864004540400682],[121.59831699754599,24.864094571171002],[121.59766702480303,24.864225566699361],[121.59731702987649,24.86443056693799],[121.596971995125,24.864937585891699],[121.59672202837193,24.865764563782626],[121.5964070088238,24.866097550774239],[121.5959320402043,24.866286524296608],[121.59496400349882,24.866407590193354],[121.59389804589722,24.866282531614669],[121.59305700354219,24.866184571661954],[121.59258100491459,24.866242522819981],[121.59213699658207,24.866402568677028],[121.59172601558019,24.866693586727482],[121.59098500763902,24.867753557022603],[121.5905300067068,24.868624583205317],[121.59007201817153,24.869467545617741],[121.58965905871166,24.869656532459803],[121.58842205606945,24.869993593900453],[121.58802801733263,24.870211573526959],[121.58646002775191,24.871158579029558],[121.58568600914113,24.871741555324956],[121.5853080041307,24.872436549206043],[121.58467503944364,24.872727598366971],[121.5842140130619,24.872903579138324],[121.58373801108682,24.873020565190611],[121.58272307067358,24.87321856977999],[121.58037204058209,24.87420457427887],[121.57951005478354,24.874368552703949],[121.57895105001096,24.874209549256733],[121.57846500376361,24.874184530779775],[121.57784503139079,24.87434358847624],[121.57715401266459,24.874601597793671],[121.57608602093865,24.8751946026395],[121.57569703412891,24.874977607929633],[121.57462404774164,24.874827518217256],[121.57383101372653,24.874830568183096],[121.57304001311671,24.875289578308752],[121.57232102745387,24.87594757054752],[121.57147604553948,24.876792590419534],[121.57107307951642,24.876962532474803],[121.57068405287741,24.876880589144662],[121.57045901080943,24.87652759811667],[121.56990599089227,24.876696570987455],[121.56928104330231,24.877253518598856],[121.56865406559656,24.877579615615776],[121.56767502875456,24.877397599831067],[121.56723103889382,24.87716254154941],[121.56682506807853,24.876981520586426],[121.56555099403953,24.877168562160762],[121.56516204383387,24.877154597635499],[121.56459203271845,24.877088572095946],[121.56439304140856,24.878351602355185],[121.56482601983006,24.880236603238441],[121.56484704503821,24.88058857096182],[121.56459000066184,24.881113584926986],[121.56426101690816,24.881921587050034],[121.56430102873306,24.882426520722081],[121.56456499575096,24.883335563738264],[121.56456800650074,24.884192596706619],[121.56437105433285,24.885389517057458],[121.56417301789362,24.886704543067911],[121.56277505087066,24.887785549501086],[121.5618000158297,24.888464598107287],[121.56145203919543,24.888783548882675],[121.56099207288732,24.889358532675143],[121.55981306002862,24.890017575545592],[121.55937103736318,24.890373537945766],[121.55859800582937,24.890631593010546],[121.55778605244123,24.890733598379601],[121.55735900869792,24.89075351939065],[121.55662199705201,24.891108582631858],[121.5556620311976,24.89146655269785],[121.5549980410607,24.891554535398964],[121.55440899708211,24.891556547924033],[121.55328201781853,24.891443524910009],[121.55176602285583,24.891295557379436],[121.55119303157289,24.891197532622254],[121.55060207756902,24.890930555078096],[121.54984203654261,24.890495533448249],[121.54911604985864,24.889674572176144],[121.54837407940944,24.88883551639497],[121.54768905039107,24.888449597710743],[121.5470990372103,24.888300526764485],[121.54654306234174,24.888351588066939],[121.54527403569733,24.889331553628438],[121.54357901841394,24.890466564487806],[121.54288002733121,24.891177530426024],[121.5421300427941,24.892254549148625],[121.54082406549205,24.893371580985136],[121.54030806801231,24.893743546147089],[121.53980901439219,24.893713581855131],[121.5382160283241,24.893227518171173],[121.53738405840321,24.89259459065822],[121.53697205446784,24.892155537310494],[121.53604906318098,24.892109566740046],[121.5356800080219,24.89204452613582],[121.53506699589215,24.891237530688475],[121.53467601465782,24.890668564494344],[121.53432303448893,24.889707595795642],[121.53378306244825,24.889154597802285],[121.533209031182,24.888332559814437],[121.53265005266817,24.887610607227458],[121.532058014402,24.887174528420438],[121.53111300838549,24.886572577731428],[121.53009306715144,24.885684573524077],[121.52959207230208,24.885113549704116],[121.52868701815196,24.884646518776748],[121.52722404792331,24.884062532561316],[121.52670500615999,24.88369453339503],[121.52637400217714,24.883508533099569],[121.52504403405081,24.883731537065465],[121.52417605651962,24.883784520294114],[121.52336402231929,24.883706562039595],[121.52116605250141,24.883379545070852],[121.52077603312452,24.883193549578731],[121.52016500936367,24.882692573600576],[121.51835008369396,24.881299544239045],[121.51757102999827,24.880730515709583],[121.51651706602578,24.88038059127696],[121.51579401378594,24.880062559889719],[121.51391006590097,24.879329568761086],[121.51285706044588,24.879129575704624],[121.50939702157025,24.877811521192783],[121.50878705938067,24.877511572031189],[121.50821506186534,24.876872546125739],[121.50775604245148,24.876711572317085],[121.50734200565843,24.876430550183823],[121.50687002191563,24.875971574421921],[121.50649101226782,24.875253600951957],[121.50598801190615,24.874794537853127],[121.50491908082472,24.874337589180239],[121.50460303158935,24.874020560561046],[121.50416201093265,24.873705579260619],[121.50329500418147,24.873218575795644],[121.50238605127022,24.873075547018942],[121.50176006262122,24.872819590255965],[121.50047402414147,24.87158952908678],[121.49972102845626,24.870702586741455],[121.49943805306057,24.870446567706736],[121.49890600333656,24.870161577999649],[121.49815402796817,24.870217539697808],[121.49774604008201,24.869989555604771],[121.49495605154,24.868562552238902],[121.49404603923,24.867505541932204],[121.49348202625769,24.867304523098728],[121.49197603236897,24.865244610342252],[121.48984399838679,24.863357559009316],[121.48868803033835,24.862248588047365],[121.48883805756341,24.861670586061589],[121.48912001605188,24.861411612403973],[121.49149701850087,24.858313560154716],[121.49168504566724,24.857998538542528],[121.49212304365085,24.857512588682628],[121.4926550393333,24.856995541856666],[121.49287405402156,24.856593554007738],[121.49302906473285,24.855277577325761],[121.49287107827175,24.854562543928111],[121.49277702270454,24.853731529889938],[121.49324506813822,24.852698577595824],[121.4936829970452,24.852239526006436],[121.49396505617463,24.852010523347662],[121.49456007858247,24.851694605148445],[121.49499803239632,24.851636538107318],[121.49565607987077,24.851465614116186],[121.49606305903481,24.851148586559127],[121.49678208236099,24.850145589117918],[121.49709402893397,24.849172547539624],[121.49709306014356,24.848255549930812],[121.49668503027368,24.847281573636508],[121.49646402474282,24.846422542158869],[121.49655807063516,24.845878582281575],[121.49683903514253,24.845134547600743],[121.49630200337967,24.841956591854991],[121.4959880099195,24.841497594454811],[121.49573703457592,24.841098523392873],[121.49545404113357,24.840839607668418],[121.49485808097923,24.839981549875056],[121.49482705200055,24.839609559695681],[121.49488701966472,24.837060582283552],[121.49447899680315,24.836488570294001],[121.49363206604308,24.835945564435445],[121.49306806261114,24.835832563444939],[121.49259904999208,24.835659591490721],[121.49056107707034,24.83463252387131],[121.48733502619736,24.834406603878669],[121.48683400491304,24.834265564662019],[121.48476295471524,24.832062573445633],[121.48435594564124,24.831919605680024],[121.48401099580302,24.83143260641355],[121.48404196147843,24.831089572287439],[121.48391596165425,24.830688536989705],[121.48357099671415,24.830089575691439],[121.48356991932609,24.829687594211784],[121.48375794353396,24.82914261709961],[121.48372593873877,24.828741542779802],[121.48359997323216,24.828369578325372],[121.48325495081089,24.827796534882776],[121.48168692736184,24.82579358271871],[121.48074593428244,24.824335577907522],[121.48046398400751,24.824049536649355],[121.48049498267707,24.823648535948625],[121.48115199646017,24.8231605515649],[121.48187195077679,24.822957606244966],[121.48240398991817,24.822499557264923],[121.48255995260337,24.821727597160301],[121.48299696574587,24.821010615114265],[121.48418596931137,24.819749529892075],[121.48418597498312,24.81920353341599],[121.48390293039014,24.818175558595904],[121.48336995016773,24.817544600289068],[121.48283694292148,24.817343525272221],[121.48249091818825,24.817030615411053],[121.48233398291268,24.81660060525704],[121.48198897896462,24.816086596875646],[121.4816439468032,24.815857542910422],[121.4810489601106,24.815771611398379],[121.48061093402535,24.815887604370136],[121.47957800083945,24.816060570780635],[121.47879494363413,24.816119609060056],[121.47801200468936,24.815975567963232],[121.47757294962713,24.815719549131963],[121.47719695594955,24.815374560554179],[121.47688293307748,24.815059541829058],[121.47647598446231,24.814745525385618],[121.47575496805432,24.814345568967831],[121.47353093273276,24.813518597547844],[121.47315392974447,24.812946613064728],[121.4727759202416,24.810884523230698],[121.47230598068279,24.810026601306141],[121.46976695646904,24.807709560441772],[121.46835695784949,24.807052578241557],[121.46726094855586,24.806710548186508],[121.46663295319915,24.806378602891726],[121.46490995849985,24.806381532881012],[121.46403393083693,24.806284562483203],[121.46356400703564,24.80619752986404],[121.46215393166911,24.805685608944859],[121.4617469499118,24.805370568158285],[121.46149593353415,24.804996534701342],[121.46024094461177,24.802707586431058],[121.45898699740216,24.80133456151669],[121.45829796373093,24.801250529570517],[121.45767094130574,24.800277559102994],[121.45607298852546,24.799361542651145],[121.45547794250278,24.798760562221048],[121.4555079663775,24.797958562044123],[121.45578899450055,24.79732855313582],[121.45585194807865,24.796985614657647],[121.45585097438303,24.796095584748038],[121.45563097666806,24.795295544607043],[121.45566193981112,24.794951605652436],[121.45578598356398,24.794493530035243],[121.45616097612702,24.793661608107733],[121.45631695776133,24.79297256104579],[121.45619197009732,24.792544580184895],[121.4554089393262,24.792059564007936],[121.45453099471756,24.79183153598488],[121.45409296349891,24.791774531829596],[121.45271494650136,24.791832612338133],[121.45221392402793,24.791976611214039],[121.45127496732302,24.791861618430694],[121.4503469330047,24.790952535329346],[121.45058500283469,24.790574575752451],[121.45052199629755,24.78980059079926],[121.44923692882433,24.78880057811422],[121.44886095521461,24.788370543871046],[121.44886000049206,24.787855611332812],[121.44926693385892,24.787165540861487],[121.44951694557734,24.78659458625113],[121.44948498592679,24.785964530931455],[121.44926598738485,24.785563552737059],[121.4489209863455,24.785218598101508],[121.44848194793845,24.784962578456906],[121.4478239622477,24.784475608141321],[121.44747998352156,24.784047555335658],[121.44725996604117,24.783359551306077],[121.44625695243904,24.78198655730392],[121.44550399818236,24.781557561205833],[121.44472097571158,24.781043591532878],[121.44393792960045,24.780614575641561],[121.44343695898462,24.780557562913074],[121.44280999038101,24.780615570145351],[121.44202799661502,24.780387549142706],[121.44105597136061,24.779613528075821],[121.44064898564885,24.779183576053249],[121.4402409895099,24.778611594364762],[121.43980197292122,24.777495594160293],[121.43911194196419,24.776321541562261],[121.43829795843426,24.775148578707512],[121.43713794105669,24.773916574009483],[121.43575997384144,24.773001581272865],[121.43372398017608,24.772488569313367],[121.43303498819959,24.772461578951592],[121.43131299379105,24.771888586609016],[121.43027795540434,24.770945551179853],[121.42867992127145,24.769600603883589],[121.42611096389335,24.767569551353215],[121.42535894853391,24.766652590056907],[121.42426199815458,24.764333531807782],[121.42379193816224,24.76367553401559],[121.42341595466992,24.762615556117755],[121.42350896767367,24.761640571735438],[121.42391595235274,24.761526562475499],[121.42469900422384,24.761411549677302],[121.42513699315576,24.761182598459456],[121.42591900246595,24.760523583913706],[121.42601296793536,24.760121603149727],[121.4256049333904,24.759232547215003],[121.42563594648068,24.758402569169291],[121.42669793501852,24.75605461075633],[121.42701097023136,24.755567587663052],[121.42785598024251,24.754793608451198],[121.42816898351798,24.754363543027541],[121.42851292433556,24.753446537521913],[121.42854299861433,24.751442559552125],[121.42923098786017,24.750266588821621],[121.42919897135756,24.749751552933809],[121.42879199016178,24.74897654508127],[121.42864899255331,24.748225527468644],[121.42918194305545,24.74693253710883],[121.42995495149191,24.745752610287727],[121.43017194598028,24.745465578498301],[121.43032598956988,24.745090602427219],[121.4304059722963,24.743426605164515],[121.43205497424151,24.742152607438566],[121.43230196725311,24.741749537224305],[121.43276293793754,24.740714608677862],[121.43288599711988,24.740341610808613],[121.43303596866249,24.739564562605015],[121.43306398501697,24.739136582662844],[121.432993946137,24.738217595760915],[121.43283293692755,24.73773254694968],[121.432829947475,24.737387547407558],[121.43310494941522,24.736553608398285],[121.43431396999773,24.735056550509036],[121.43465598090697,24.734736546092051],[121.43514897768625,24.733873528521556],[121.43536299392058,24.733184606092991],[121.43535894194375,24.732726549721491],[121.43519900491948,24.732268591935501],[121.43414894444794,24.730124535030544],[121.43452197896536,24.729778622113063],[121.43545596494113,24.729139613828927],[121.43673293102755,24.728356559426885],[121.43862692641559,24.726453599129943],[121.4400659726394,24.726356566275147],[121.44059696341827,24.726181544581873],[121.44112594446904,24.725832533446624],[121.44124793546494,24.725488616990397],[121.44154192765156,24.723105599313065],[121.44436898270155,24.716662524833275],[121.4449489755536,24.714938549632052],[121.44522794655514,24.714592611993723],[121.44656996105719,24.714096613331819],[121.44768794294912,24.713027542399807],[121.44855993982674,24.71250555788329],[121.44877596120573,24.712159537363643],[121.44886094095428,24.71101055277223],[121.44887994817658,24.709491568545349],[121.44915092531997,24.708170569225075],[121.45000898042845,24.705958586479756],[121.45072394776213,24.705378562565915],[121.45269192882171,24.704904554125182],[121.45343995664724,24.70461362754423],[121.45680792048631,24.703156618148675],[121.4575589923234,24.703122545927837],[121.4600899765796,24.702674534965894],[121.46152593520132,24.70214858885015],[121.46351998132359,24.70110262435821],[121.46445093630396,24.700119597806616],[121.46504094555965,24.699570579251873],[121.46575600089037,24.699020552854698],[121.46622193299751,24.69855860231484],[121.46659294354436,24.698040604582978],[121.46817998107726,24.696997558949231],[121.46961294375777,24.696155595932876],[121.47005195393891,24.696237567051455],[121.4708079391899,24.696806580329607],[121.47124593010071,24.696829585657582],[121.47396294607692,24.696180569165051],[121.4742119760208,24.695922634245388],[121.47481792260662,24.693595547901786],[121.47465393322665,24.692736559366544],[121.47420492931005,24.691390597020558],[121.47395097962185,24.690991587550542],[121.47366696529949,24.690764571627028],[121.47325393003531,24.690135627848644],[121.47315697485438,24.689736550786822],[121.47318493864834,24.689391542024609],[121.47340092849423,24.688959618451221],[121.47355292522974,24.688500627467928],[121.47358195099298,24.688155615241961],[121.47388400016963,24.686921589623143],[121.47397498508457,24.686519586645414],[121.47412200610408,24.685370579559141],[121.47405599305247,24.685027582618567],[121.47561895104144,24.683351563602972],[121.47559792223193,24.680857608940048],[121.47610296930731,24.679047591557179],[121.47750098679626,24.677890548274483],[121.47972592772898,24.674635570997015],[121.47962595351758,24.673766617879767],[121.48006296582213,24.673774618710148],[121.48128794823805,24.674336570315933],[121.48188196334452,24.674305592838731],[121.48234998609261,24.674128558984609],[121.48403695565733,24.673772610621771],[121.48516494826498,24.673992620623576],[121.4854799800961,24.674192612844724],[121.48661394559267,24.675071558412384],[121.48695894703351,24.675242541791295],[121.48824194628618,24.675204611604542],[121.48867803837837,24.674971585527842],[121.48954706836678,24.674133627331194],[121.49035902171379,24.673898563759288],[121.49126500287025,24.673805573212096],[121.49220006276717,24.673310590095149],[121.49282405957929,24.673134551081692],[121.49332604632437,24.673245585037048],[121.49389208104498,24.67358458453495],[121.49452301739872,24.674153626144477],[121.49685003459373,24.675484562256287],[121.49726600253582,24.676571577453352],[121.49796005758596,24.677225543268413],[121.49855800689888,24.677650563788941],[121.49928104661007,24.678047619947947],[121.50075805558662,24.678667537285932],[121.50195000672639,24.679029616807362],[121.50273508268225,24.679322607792628],[121.50467600794036,24.679309602641236],[121.50511606235419,24.679495573718828],[121.50571603651132,24.680150613644273],[121.50711104018855,24.682204620545352],[121.50820300934426,24.682598582570176],[121.50881600288002,24.683059620779801],[121.50937806981749,24.683202559899808],[121.50988799882364,24.683250573724852],[121.51050203272332,24.683442621590164],[121.5114650230017,24.684222555891228],[121.51197606656703,24.684464605290579],[121.51261303131467,24.684482574737583],[121.5134970260531,24.684359544367243],[121.51397400492503,24.684042607420579],[121.51440106112624,24.683381551601663],[121.51613300288291,24.683229591034813],[121.5196860723463,24.683291561534322],[121.52037903203151,24.683408617123916],[121.5210720529725,24.683307619685454],[121.52302301150795,24.68328060670963],[121.52390400854254,24.683323597188817],[121.52422302476228,24.683518598545323],[121.52449204193324,24.683881547171172],[121.52486803496532,24.68446659754526],[121.52532300067234,24.684681616826992],[121.52666205530575,24.684873583318168],[121.52684703160837,24.685191593949881],[121.52701205748495,24.685554625510079],[121.52704705357412,24.688043540251378],[121.52715705579439,24.688576608005256],[121.52742500078195,24.688893581481864],[121.52801405725386,24.688891612068378],[121.52881003109997,24.687838602874091],[121.52931505305233,24.687568551999192],[121.53054607073246,24.687663532321277],[121.53099999626512,24.687686585351866],[121.53188104969368,24.687731595878624],[121.53252305141376,24.68797256881895],[121.53308204288415,24.688338622996778],[121.5342570789869,24.688187622037319],[121.5351650625429,24.688279563105461],[121.53623206475216,24.688255626009781],[121.53674301672181,24.688422558210036],[121.53709307406993,24.689175619325187],[121.53728202843223,24.689734580068645],[121.5375500022416,24.690051547586833],[121.53771705282662,24.691807603841852],[121.5376680587046,24.692489594039543],[121.53751404119268,24.693807613988032],[121.53769899799175,24.694172554041806],[121.53821003566259,24.694292611758431],[121.53866406565378,24.694388604623242],[121.53869104186214,24.695239610011313],[121.53856301496141,24.69579961725081],[121.53850906772561,24.696237545333823],[121.5385110607756,24.696797540081917],[121.53867605407986,24.697311543821112],[121.53868002890505,24.698139613298043],[121.53814807641533,24.698653570315116]]]},"properties":{"OBJECTID":29,"COUNTYNAME":"新北市","TOWNNAME":"烏來區","TOWNID":"F11","TRANSP":50,"CODE":" ","INDEXCODE":"1000129","Shape.STArea()":333332300.86639404,"Shape.STLength()":100039.78671208066}},{"type":"Feature","id":30,"geometry":{"type":"Polygon","coordinates":[[[121.54428805636411,25.292996458553048],[121.54377407435659,25.293305422823643],[121.54283201089113,25.29353641859532],[121.54151604011271,25.294342448272307],[121.54083005990803,25.294859419597191],[121.54032603345441,25.295202462245662],[121.54035902851699,25.295604388415459],[121.54045203040305,25.295926451741614],[121.54045503538238,25.296438460350263],[121.54070602404373,25.296995416535108],[121.54079004151353,25.297396435914255],[121.54034105515809,25.29763037489893],[121.53996003786735,25.297803415191098],[121.53901802030884,25.298035471968905],[121.53849901416122,25.298791430835461],[121.53826907826246,25.299271424185733],[121.53787504165419,25.300026394753836],[121.53747807075948,25.300057441372044],[121.53693600429264,25.29971146064009],[121.53638707111492,25.298977442543247],[121.53567600014844,25.298307397893929],[121.53494200844374,25.297511391603013],[121.53402901402727,25.296776427275635],[121.53368100554856,25.29629943985568],[121.53348006771721,25.295864435065361],[121.53334003516848,25.295442412856847],[121.53349104636351,25.294480404390612],[121.53378302478987,25.293856458748721],[121.53412603986823,25.293198478075929],[121.53460301854679,25.293167402651047],[121.53495503033508,25.292882439476113],[121.53498705154686,25.292317396814397],[121.53497100920197,25.291108439043516],[121.53531507547827,25.290822419595436],[121.53487306242037,25.290309391802257],[121.53352501108135,25.291086409367153],[121.53339902425306,25.290915409419771],[121.53415304190747,25.290030407154546],[121.53424207143281,25.289770410643595],[121.53395204178149,25.289227393458305],[121.53347504748031,25.288766397565244],[121.53316803604095,25.2885164340328],[121.53260802765227,25.288491455690039],[121.53256600140236,25.288489438034464],[121.53194299202772,25.288462439373639],[121.53160900080923,25.288240454832295],[121.53123302245424,25.288063403933339],[121.53082002135,25.287733443568293],[121.53058599554417,25.287183445203986],[121.53023805447349,25.286897403112455],[121.52982906184624,25.286757394433923],[121.52939103050575,25.28665740516869],[121.52896100753088,25.286539401624434],[121.52793801397506,25.285777436250115],[121.52791606858881,25.285761434478164],[121.52721807639281,25.285283437973227],[121.52662402094717,25.285301437660213],[121.52570406624663,25.285467421844217],[121.52496005538399,25.28563646946629],[121.5241030789312,25.285955426678516],[121.52372302986581,25.286047428844793],[121.52321102035086,25.286078403453526],[121.52210204104504,25.286037460343302],[121.52170200043633,25.285918433851716],[121.52142300955788,25.285664449002905],[121.52118900715415,25.285394414862157],[121.52081503121418,25.285086421502275],[121.52077600236152,25.285055407952925],[121.52032906644504,25.28477041004594],[121.51989502831061,25.284471466102666],[121.51969899633221,25.284253394209202],[121.51932208485327,25.284078397586203],[121.51891307055948,25.283967428811504],[121.51815900626518,25.284026415100527],[121.51734305608758,25.284172471927519],[121.5162750124687,25.284376474031603],[121.51568605838237,25.284803409138064],[121.51517506965067,25.284940454207092],[121.51454801965325,25.284667442444768],[121.51366906343486,25.284927468948872],[121.51307405151205,25.285473418432208],[121.51293002327208,25.286146476109611],[121.51274904843527,25.286521433086911],[121.51253604162675,25.286899388212188],[121.51232299789866,25.287229394693902],[121.51240503782195,25.287728406781014],[121.51216200560621,25.28819141903908],[121.51234604591684,25.288581451745625],[121.51224600358351,25.289001453727806],[121.51170601194769,25.288906444105454],[121.51158207103788,25.289195429539262],[121.51183505480002,25.289932386849298],[121.51149202339346,25.29037841601443],[121.51117802401301,25.29036443340911],[121.5108640735114,25.290365419862081],[121.51054906749188,25.290366421938902],[121.50992105137844,25.29039739912222],[121.50919703846463,25.290172473465308],[121.50887302583136,25.28948740184498],[121.50931605087484,25.28854246852767],[121.50912402113913,25.287572459199442],[121.50943402679324,25.286512410405635],[121.50996401343927,25.285511467673036],[121.50989801047115,25.28482740972774],[121.5093290188979,25.284825402810803],[121.50933406806072,25.285310418764769],[121.50889504495831,25.285343438042194],[121.50889107100913,25.284487444949395],[121.5097080229334,25.284541402619766],[121.51065103787867,25.284538418973291],[121.51058607546021,25.284024465049264],[121.51017600438304,25.283655440092815],[121.50964003222653,25.283341469825295],[121.508665048412,25.283060415820227],[121.50789206978196,25.283064439982528],[121.50745701984981,25.282750379649077],[121.50619403676269,25.281296413647027],[121.50502100393064,25.280591401961047],[121.50460800731069,25.280239434505869],[121.5044970347672,25.279943400911691],[121.50449500708376,25.279372438075114],[121.50432202374473,25.279312442777595],[121.50391106195279,25.279629404196616],[121.50198006807889,25.278981411794373],[121.50193603489002,25.278966377684362],[121.50091706108114,25.278752439341041],[121.49955004462474,25.278403414674269],[121.49867206013774,25.278314381656724],[121.49861805999475,25.278307425825446],[121.49768599382871,25.278252444758902],[121.49723106269954,25.278195459969435],[121.49679604944126,25.277821423468115],[121.49603408335055,25.277056462362342],[121.49516402158918,25.276114437714941],[121.49388106458878,25.275172440320745],[121.49290404142943,25.274564466335342],[121.49160201893295,25.274173443141667],[121.49021404935637,25.273844441541165],[121.489411059974,25.273375439838581],[121.48871701985418,25.273278435225826],[121.4884350681277,25.273220408665118],[121.48794001487751,25.272607462361684],[121.48697702625174,25.272177441831854],[121.48561203249558,25.271238441911141],[121.48435093773706,25.270947432832699],[121.48309294903176,25.270693417809586],[121.48268098460753,25.27053938908951],[121.48248298377919,25.270418421401491],[121.48222498711422,25.270263433012556],[121.48144194964661,25.269399397700898],[121.48046395267025,25.268851399692409],[121.47955293402646,25.268421425208341],[121.47894495288158,25.268166434818873],[121.47816199700472,25.267501393937916],[121.4779039967339,25.266818394609952],[121.47783294056002,25.266261461408998],[121.47826294306678,25.265509428739012],[121.4784139502685,25.264843429203388],[121.47853695620363,25.264404405688598],[121.47894994723001,25.264243439412155],[121.47931899232945,25.264027449946909],[121.47933892273088,25.26351544874904],[121.47909797838057,25.262965398695847],[121.47780092836638,25.262037478106031],[121.4771649421502,25.261630434642463],[121.47668595049979,25.261140462582542],[121.47579598226613,25.260652444920428],[121.47555597494319,25.260337380976839],[121.47527299071035,25.259983459994867],[121.47535795608755,25.259450414097003],[121.47546397352878,25.258917464637733],[121.47523695943174,25.258130438090785],[121.475133966885,25.257776390448594],[121.47501500126383,25.257041468510284],[121.47469696813803,25.256773430911046],[121.47425697083499,25.256553470497597],[121.47372299747305,25.256614409189755],[121.47340699479955,25.256357473744128],[121.47318492373839,25.255871445930321],[121.47308795853979,25.255442438770267],[121.47175896160708,25.253528435601265],[121.46936499305325,25.252276473276162],[121.46863294354962,25.251628457447399],[121.46823295998205,25.251503418844809],[121.46750698181614,25.251623449622155],[121.46563196776638,25.250888467366789],[121.46558594679431,25.250886443056274],[121.46480093258903,25.251031392068541],[121.46442399628036,25.251061471650996],[121.46346499615854,25.251035400961094],[121.46341798441269,25.25103546001257],[121.46281899806134,25.250637456149121],[121.46228297349305,25.250411440762161],[121.46112095742238,25.250613432463819],[121.46036396153583,25.250216453449529],[121.45945496506292,25.249903458649605],[121.45941992134547,25.249903466552148],[121.45844596673253,25.250080397333882],[121.45775594962298,25.250597453445263],[121.45737994705307,25.25076943334766],[121.45669200500576,25.251517425144602],[121.45612598293923,25.251634484081787],[121.455308980284,25.251636462604992],[121.45486798832391,25.251552402310899],[121.45426991894284,25.251353437516599],[121.45367100230678,25.251097430118278],[121.45310399042525,25.250727449002309],[121.45161899540564,25.249528464010137],[121.45122899925475,25.248241433365255],[121.45081898535302,25.247784471574828],[121.45060796483901,25.247468483514126],[121.45000691989551,25.246409420847115],[121.44962897968898,25.246009426804068],[121.44934395512558,25.245493397821935],[121.44915200341977,25.244749467341261],[121.44921396701606,25.244347402532114],[121.44940096225081,25.244030477809019],[121.44917693609897,25.243112474742695],[121.44920398664949,25.242051421729347],[121.44860296184146,25.24116445298796],[121.44831995766008,25.240907450572344],[121.4476259888847,25.240192394702074],[121.44727794321743,25.239678444282607],[121.44711898493331,25.239191464997159],[121.44575999276314,25.237245450353551],[121.44578594378983,25.236099433873896],[121.44509093291394,25.235040467706913],[121.4448999732701,25.234580394899183],[121.44499295763858,25.234237462788879],[121.44580998195455,25.234090455666376],[121.44618398857202,25.233631478367446],[121.44621300377182,25.232942404932416],[121.4461169505757,25.232511482498424],[121.44560997779237,25.231396420393612],[121.44551396918462,25.230908429075942],[121.44484997827517,25.229906423681847],[121.44428293440687,25.229420403837263],[121.44409293710262,25.229019450533784],[121.44324193100161,25.228477386497655],[121.44226797209538,25.228137400160094],[121.44160600178444,25.227679449888321],[121.44144797642684,25.22733646329517],[121.4415359907649,25.225815396873028],[121.44074599725322,25.224700430315988],[121.44071198882104,25.224012452064979],[121.44117693180344,25.222433456942539],[121.44110998178172,25.221688420113111],[121.44047498409532,25.22002747416261],[121.43943397443657,25.218824409291422],[121.43914893736591,25.218367406755373],[121.43814093923248,25.217451443901655],[121.43722795413694,25.216966420187084],[121.43653599603786,25.216711408682411],[121.43593900301562,25.216571425205778],[121.43511995204508,25.216115434017144],[121.43492993595798,25.215741393609836],[121.4339229826162,25.21508543112968],[121.43367194490233,25.215345468661994],[121.43320196621056,25.215518406606606],[121.43260299080623,25.215003425663355],[121.43206593689088,25.214029439702667],[121.43197000466,25.213657466636931],[121.43190597332993,25.213285476129503],[121.4313999702313,25.212456395646857],[121.43039094307524,25.211339398819447],[121.42975797249142,25.210222474030363],[121.42918994862512,25.209765466312174],[121.42893696698034,25.209423459133383],[121.42893599279411,25.20905038850027],[121.4293119521593,25.208819432758805],[121.42883998995426,25.20856346824894],[121.42820691771247,25.207389392072834],[121.42760794915854,25.206759469950104],[121.42700898873233,25.206273459241125],[121.42637997820601,25.205902478614533],[121.42565494535532,25.205360399990081],[121.42527797618608,25.205016396613161],[121.42477193580947,25.204273419605336],[121.42397892523387,25.202298470884145],[121.42347300292066,25.201295454837471],[121.42239999231188,25.19980641739776],[121.42018995150872,25.197033454524838],[121.41936898016823,25.195888399329412],[121.41921100357111,25.195573473276955],[121.41933392997333,25.194999431307796],[121.41955298963751,25.194653444390148],[121.4197389987925,25.19419343802798],[121.41967496559491,25.193851420024281],[121.41945395771481,25.19350642825653],[121.41935899757519,25.193163425236289],[121.4200469868473,25.192387426790948],[121.42076599175381,25.191753449288996],[121.42088999488071,25.191209470514117],[121.42132599900624,25.190433463263062],[121.42075991870742,25.190175406616433],[121.42075898946364,25.189832402319723],[121.42038098934151,25.189432416281551],[121.42035292063318,25.190292404492304],[121.42000998086412,25.190925402238147],[121.41991896786443,25.191927403208261],[121.41951198036517,25.192215404324042],[121.41907194184623,25.192101454319978],[121.41894396749555,25.19144243826306],[121.41872294037093,25.19104144823746],[121.4184699258041,25.190669455069333],[121.41805995438827,25.190298447629846],[121.41736799049833,25.18984345739452],[121.41623496590618,25.189302481363793],[121.41585695930237,25.189014439819889],[121.4152909871619,25.188758430026752],[121.41472595957445,25.188588466686248],[121.41305993569078,25.18833643599416],[121.41199198294146,25.188081461065298],[121.41130093606401,25.18805438850606],[121.41076700654399,25.188198450209949],[121.41007699623438,25.188315474077893],[121.40966797054047,25.18831643115707],[121.40925993800342,25.18817543521876],[121.40891393090847,25.188004402988298],[121.40837791845635,25.187574477429866],[121.40787497943626,25.18728947197841],[121.40733994144016,25.1871463876859],[121.40696299201447,25.187147424982459],[121.40686795315614,25.186718463213069],[121.40727500987472,25.186372442653411],[121.40568092501161,25.18334546815214],[121.4061769771767,25.182441479248656],[121.40958599034299,25.182008459466761],[121.4168809574776,25.18082443025213],[121.4178739749735,25.180645478632421],[121.4194809809381,25.177118417623401],[121.42035500597268,25.173746430476371],[121.41880295881798,25.169365423830971],[121.41672495414286,25.16928541361364],[121.41650599543981,25.169601405773118],[121.41609993053221,25.170117470051537],[121.41522198131703,25.17052145120541],[121.41484494988065,25.170409466622385],[121.41411992426508,25.169549416078361],[121.41355292888819,25.169007461656804],[121.41301793986871,25.168692406457367],[121.41188594368813,25.168294397259],[121.41065799360351,25.167609457574923],[121.40908194107932,25.165837469128494],[121.40829398692067,25.165007453639376],[121.40706596882093,25.163893409834248],[121.40674997157122,25.163548469261322],[121.40520396584674,25.161404463764896],[121.40233392925627,25.157712412040507],[121.3999169304558,25.15505146169691],[121.39991494289397,25.15469247737424],[121.39990297330749,25.154336408965765],[121.39877095242552,25.153851450809842],[121.39795192617034,25.152957441428427],[121.39659795658463,25.151735484633271],[121.39524294133055,25.15039144576091],[121.3949590096101,25.150047478348167],[121.39461297200275,25.149732480772542],[121.39140193086482,25.147332437238283],[121.39096198307018,25.146931450981754],[121.3904890053997,25.146896401219223],[121.39047597515483,25.146894454809757],[121.38951699791907,25.146820411651156],[121.38898293080719,25.146794460000727],[121.38860595646209,25.146538490685479],[121.38816393887437,25.146022466605391],[121.38728296146452,25.145363408360041],[121.38611893231044,25.144937472629032],[121.38401500141235,25.144772476128534],[121.38369996669657,25.144543412341381],[121.38363598856334,25.144200479517739],[121.38305493334838,25.14371640524466],[121.38261496946279,25.143457430627411],[121.38186096952833,25.143256485343819],[121.3814520019681,25.143228468523603],[121.38063595702862,25.14296844979382],[121.37972495796799,25.142711483993647],[121.37878296745208,25.142135403924598],[121.3769909950672,25.141618464716803],[121.37551495029891,25.140873446442058],[121.37372393677408,25.14044241591904],[121.37253000169336,25.14023948033671],[121.37139897467914,25.139551416366839],[121.37073995941493,25.139178449821433],[121.37014295962376,25.138776443605199],[121.36920096158836,25.138288435705565],[121.36693899518806,25.137483423880543],[121.36616195154112,25.137163472843515],[121.36362899234533,25.136048493819846],[121.36322094843914,25.135934460358911],[121.36271800954822,25.135847482380658],[121.36237293024952,25.135618445946719],[121.36208994192762,25.135302397608207],[121.36177594541849,25.134872486142758],[121.36033196168891,25.13418248901926],[121.35577700707266,25.132575410656518],[121.35483494770011,25.132087486299948],[121.35404898972801,25.131800434959111],[121.35158798234207,25.130393445716688],[121.34774994066456,25.129027475617551],[121.34770500305827,25.129014489376772],[121.34718197292568,25.128927406076613],[121.34531794540389,25.128438423792549],[121.34431296190915,25.128122494462076],[121.3438400062762,25.12803545901566],[121.34314897451485,25.128007447411729],[121.3405680033656,25.127431476569782],[121.34008399513206,25.127163431535411],[121.33884597562853,25.126512478994258],[121.33799800867506,25.126254466450639],[121.33595900622802,25.125559455530603],[121.33529696478229,25.12544745749344],[121.33425996197627,25.125188412724786],[121.33388396541258,25.125017432243091],[121.33328694556937,25.124931474730619],[121.33284698421953,25.124758465947348],[121.33215598034158,25.124615468384803],[121.3313029423291,25.124470470787784],[121.32766398019236,25.123894478010588],[121.32656398371896,25.123806425509489],[121.32467896966124,25.123546468062028],[121.32411394871032,25.123344472139856],[121.32294796836051,25.123011394091531],[121.32226696204992,25.122895419187106],[121.32182201758046,25.122900447615031],[121.32072799399802,25.122776419355549],[121.31997394969476,25.122631407522796],[121.3182449607784,25.122571488393309],[121.3176479594236,25.122484458295528],[121.31714497763609,25.122540423678483],[121.31710096563583,25.12254042935896],[121.31072999838493,25.122703450728345],[121.30654598862475,25.12306844375901],[121.30506800976713,25.123064455422071],[121.30453301285254,25.123241432907896],[121.30360400580577,25.123451464553817],[121.30288400304622,25.123543404094459],[121.30237499792301,25.123577487224921],[121.30132500811686,25.123654478692689],[121.30015692947607,25.123550490628311],[121.29927693781767,25.123401478115301],[121.29882593581922,25.123241393446818],[121.29811895812823,25.122764462025408],[121.29767896121797,25.122822416846908],[121.29726998825208,25.122791454855008],[121.29688998196958,25.123241412295169],[121.29686196208561,25.122647446496451],[121.29626699758747,25.122043416300698],[121.29579498863987,25.121986493840112],[121.29582997136053,25.121297407703246],[121.29471195219317,25.120359445765921],[121.2939260006592,25.119812400985122],[121.29181599740572,25.118279470595102],[121.28942801480839,25.117672434914091],[121.2874159376169,25.11743942852193],[121.28601394892533,25.117374412333099],[121.28352898801785,25.117254413434058],[121.28363698706536,25.116913450349646],[121.28354495757164,25.116340451362092],[121.28354596238033,25.115995455066813],[121.28367400005749,25.115652473703754],[121.28383496937282,25.114735446924399],[121.28380494001905,25.114304444397312],[121.28358597864761,25.114018465337107],[121.2836509883699,25.113586486449581],[121.28390395345087,25.113157489980534],[121.28390902477082,25.112126443797283],[121.28331394327105,25.111319479914261],[121.28290696669021,25.1106454277989],[121.28236798248065,25.109752412696665],[121.2828569855165,25.109006488970561],[121.28493397908817,25.108343486377944],[121.28560998987361,25.107938481905546],[121.28654197649728,25.106832445608255],[121.28686797582543,25.106660440651719],[121.28987995748955,25.106697465920934],[121.29032199213913,25.105888422144432],[121.2904609929566,25.105185410010229],[121.29174797363517,25.102675422198246],[121.29203194848998,25.102447427176138],[121.29304598602978,25.102352425140801],[121.2936660086246,25.102882463082427],[121.29404299707566,25.102969484545643],[121.29473496322068,25.102941474360115],[121.29514900487898,25.102861458520572],[121.29533400848858,25.102391411795743],[121.29580096878763,25.102413410130335],[121.29602299044269,25.103087443561144],[121.29658799386347,25.103345432589599],[121.29724699852429,25.103748448424003],[121.29787397152317,25.104266447992153],[121.29859694852823,25.104269408973011],[121.29976298483049,25.1035544032448],[121.30014299336436,25.1028674164961],[121.30027195316251,25.102092475485374],[121.30099596910512,25.101721444909856],[121.30143798903609,25.101350441580081],[121.30159801430747,25.100776411599956],[121.30134798060762,25.100201411224443],[121.30147700364699,25.099456435174531],[121.30151097128906,25.098797428045273],[121.30148098393447,25.098339437843759],[121.30302798818678,25.096707454336936],[121.30343699077663,25.096650456675466],[121.30381501046337,25.096537446394581],[121.3044130025112,25.096251449019793],[121.30504100785693,25.096396422797522],[121.3055119835031,25.096599431843817],[121.30620194861578,25.096990400257411],[121.30692695353746,25.097201443424087],[121.30733495292398,25.096687482927152],[121.30830997754326,25.096546409478819],[121.30871892699248,25.096375458129479],[121.30934796016966,25.096205472432171],[121.30988294892546,25.096206436856932],[121.3102899686199,25.096408478178788],[121.31076200296229,25.096407490096428],[121.31167600714507,25.09575141505989],[121.31318499954232,25.095439439011528],[121.31422499589718,25.094811447040591],[121.31457095603653,25.094668409889653],[121.31513696551977,25.094584409400309],[121.31567295970102,25.094213442223673],[121.31715100717008,25.093900407545519],[121.3176579416281,25.093650483790277],[121.3179389694908,25.093096495018219],[121.318505993317,25.09284048641079],[121.31913492552798,25.092841481300884],[121.31966797148408,25.093102440731965],[121.32098897252874,25.092474413352747],[121.32491700031446,25.092481489828362],[121.3256719717246,25.092024407247358],[121.32655300222389,25.091740486453901],[121.32803196531128,25.090998476231597],[121.32932498014584,25.089682427441868],[121.33011498312747,25.088367488214857],[121.33042993684205,25.088079480740902],[121.33090096767185,25.087995454880449],[121.33200397752273,25.087080421821458],[121.33382793943278,25.086222444507602],[121.33472794651676,25.085661518625951],[121.33570694723392,25.085255539831611],[121.33631297070799,25.085082514847183],[121.33694298437213,25.084683548793027],[121.33772995026244,25.083968550867347],[121.33829697209553,25.083626502458401],[121.33870500079647,25.08353953139823],[121.33939596274082,25.08362850902045],[121.34030295707231,25.083777576287549],[121.34152998174588,25.08394856615012],[121.34322598861021,25.08375052669226],[121.34353897872764,25.084009575598152],[121.34416797466831,25.083638555209323],[121.34454593416467,25.08343849404562],[121.34498495101208,25.083410559332741],[121.34564394138556,25.083470523164728],[121.3465239415938,25.083498538378326],[121.34686999903782,25.083326543991195],[121.34712193130065,25.08289652166054],[121.34771895917312,25.082642489482563],[121.34825397037133,25.082212545625136],[121.3494789661345,25.082158561104169],[121.35029698591924,25.081530549400462],[121.35039297765053,25.081070570207679],[121.34979796195471,25.080697529313266],[121.34923194528848,25.081011544138505],[121.34866694649561,25.081011523759173],[121.34829098239553,25.080781527166337],[121.3457179841005,25.080430540888287],[121.34493294183116,25.080230559685614],[121.34289292930995,25.079995578704946],[121.34314498050539,25.079625521461526],[121.34377394380104,25.079483565795538],[121.34512399438069,25.079513577782595],[121.34556398212851,25.079456567559248],[121.34590995076748,25.079256501578897],[121.34628699042621,25.079030531779786],[121.34663097313077,25.079345551709675],[121.34811692541146,25.078800517640786],[121.34751399662304,25.07845855004684],[121.34694901204438,25.078085529121882],[121.3460369674047,25.07854154645732],[121.34550294915371,25.078483563840198],[121.34538001119083,25.077795563042649],[121.34556996939385,25.077366519672083],[121.345947001192,25.077193547076565],[121.34660692928574,25.077052504027385],[121.34654497707287,25.076650583076272],[121.3455719605923,25.076763549769826],[121.34516296821546,25.076936506362223],[121.34487994641013,25.077191515252103],[121.34459496949104,25.077792506173282],[121.34421894954689,25.077506526217814],[121.34412698093539,25.07699055938528],[121.34466400520557,25.075903564031567],[121.3458619491518,25.075410502920462],[121.34438498977744,25.074956529292894],[121.34363298568435,25.074975512297033],[121.34312793306806,25.075183534445678],[121.34268794044836,25.075412541489438],[121.34196295157443,25.076269537557796],[121.34161699576369,25.07649857755812],[121.34133499099035,25.076268536296379],[121.34136898607493,25.075638501922526],[121.34056795117621,25.076116530102926],[121.34083697717165,25.075150533905408],[121.3406199817144,25.074205505250593],[121.34071601015023,25.073717545038853],[121.34118798079754,25.073375514111198],[121.34256894257902,25.073490523515801],[121.34253898761595,25.072947496475642],[121.34401397912727,25.073094512425239],[121.34555201480306,25.073411555505949],[121.34636694416567,25.073529573167988],[121.34774800779284,25.073619523311987],[121.34850095751266,25.073820549537164],[121.34896994398136,25.074221500811309],[121.34928300586733,25.074710497446727],[121.34987396641345,25.076342564823822],[121.35034494779556,25.076086561277421],[121.35053692657131,25.07525551711554],[121.35019295764759,25.07451152648331],[121.35025698483645,25.07416855001253],[121.34997597916046,25.073738517850526],[121.34997793190487,25.073392522515199],[121.35066793134757,25.073452567490175],[121.35135695143518,25.073969565858707],[121.35173200687979,25.074284512375687],[121.35226698696572,25.074001537399681],[121.35320995792497,25.073629556480192],[121.35364999937734,25.073373527639628],[121.35289696617755,25.073198521712783],[121.35239395462919,25.073569557990954],[121.35132800588005,25.073109518391497],[121.35085794561923,25.07279452991094],[121.35070400344431,25.071876546626299],[121.35020395740098,25.071216530670263],[121.34973398596739,25.071158575278062],[121.34929296249859,25.071473569728749],[121.34900496962959,25.072097518811074],[121.34866494568928,25.071615533675406],[121.34866592445543,25.071271520397101],[121.34841599874882,25.070868502900527],[121.34747601023616,25.070410498547524],[121.34678593302289,25.070321555748837],[121.34813795547514,25.069722564254558],[121.3490469694475,25.06986950694046],[121.34961300303868,25.069725505287703],[121.3502410019799,25.069469497853142],[121.35083900757566,25.068985567078162],[121.3515009428195,25.0682405480078],[121.35190998203196,25.067985505001815],[121.35241197419077,25.067812586390673],[121.35240994096127,25.068500513088864],[121.35372800243672,25.068590557633225],[121.35394898763894,25.068131538020761],[121.35404398981245,25.067788574369679],[121.35517601555506,25.067103536342756],[121.35533493307936,25.066645558704614],[121.35517998162098,25.06595755343054],[121.35541299519188,25.06562057747394],[121.35584097503967,25.065356536832816],[121.35637398167152,25.065312553349258],[121.35850793928208,25.065316534685206],[121.35932297522299,25.065594556647802],[121.36139294532519,25.065799538403226],[121.36258394491226,25.066315539666359],[121.36584495349211,25.066897503218996],[121.36669197549233,25.066784539502027],[121.36760398693272,25.066154573733542],[121.36838797863913,25.066243551641428],[121.36879592496317,25.066072539158583],[121.36854593666807,25.065671535785235],[121.36788895177888,25.065183520651889],[121.36767099220877,25.064637534903415],[121.36779796688839,25.064122566075795],[121.36867895016793,25.063265511490258],[121.36930799841608,25.062695566279423],[121.37003095827677,25.062124563762197],[121.37050199560002,25.06186850821565],[121.37109992392654,25.061209527599484],[121.37235395545129,25.061668575546168],[121.37247695274262,25.062327571900088],[121.37362696278318,25.062692530679254],[121.37391596192471,25.063876494779944],[121.37378897923864,25.064220560672535],[121.37320796714293,25.064745530236564],[121.37416397039723,25.064537520107251],[121.37454095274663,25.064538562189387],[121.37482200814114,25.064795533469699],[121.37472597187389,25.065425554548316],[121.37503899414303,25.065684537416594],[121.37783100294742,25.065575527166896],[121.38022896257733,25.06476156826588],[121.38118999264134,25.064436584358386],[121.38228792516742,25.064180496087296],[121.38238292954001,25.063837514846199],[121.3831889747014,25.062871586213571],[121.38372400205833,25.062874529978416],[121.38466694985368,25.063023512607984],[121.38585994222089,25.063291555066279],[121.38633298610615,25.063265503913531],[121.38699799402978,25.062695566994098],[121.38746996669764,25.062668519224967],[121.38806495118199,25.063045545664913],[121.38797499282236,25.062470550703072],[121.388074952403,25.06181152805301],[121.39011999496205,25.061794515922841],[121.39056098415263,25.061770516347799],[121.39097094621528,25.061629580312047],[121.39076497629082,25.060973530547678],[121.38886995186087,25.060755572379364],[121.38849793832782,25.060148536403354],[121.38780696877981,25.059942580637422],[121.3875259693025,25.059681560256749],[121.38784295395928,25.059484537817884],[121.38954395484629,25.059263558408716],[121.38989199189614,25.059009569049397],[121.38948596091073,25.05860450828736],[121.38860600192031,25.058482570427852],[121.38845401422763,25.057907548102182],[121.38861593101224,25.05730650505205],[121.38763896424227,25.05750155890323],[121.38643992644387,25.057924544625298],[121.38599696512728,25.058150509099058],[121.38562292671396,25.057831584383685],[121.38565793118357,25.057314582292914],[121.38597798240573,25.05665652724511],[121.38642299720054,25.056199576877749],[121.38718097295452,25.055802588273298],[121.38746795706612,25.055402574831902],[121.38678498307429,25.05419255974823],[121.38597497785598,25.053296549354297],[121.38468795486639,25.052915518599931],[121.38484793444647,25.052572555803753],[121.38535200106504,25.052575575241015],[121.3866699879672,25.052870555090696],[121.38764196910951,25.053337536866628],[121.38821096377809,25.053082506885087],[121.3893070040271,25.053635560312923],[121.38937499048859,25.053032517939705],[121.39044294266023,25.053183570981282],[121.39081695689346,25.053674577233945],[121.39153996096564,25.053679534503566],[121.39141094867405,25.054137559083784],[121.39244994485136,25.053970581280389],[121.39317495985627,25.053889559833685],[121.39424898547203,25.053351563921446],[121.39645693898871,25.052562505948242],[121.39686894413909,25.052306512203394],[121.39866892863225,25.051484572301845],[121.39932799586275,25.051690562909886],[121.40011495010488,25.05157955092664],[121.40058698540035,25.051611512295533],[121.40040100711468,25.051208498421069],[121.40024692864175,25.050890543082701],[121.40025196292892,25.05017254100893],[121.40034999706228,25.049800556877319],[121.39997397455974,25.049654573895552],[121.39946695800697,25.050023508835615],[121.39880394760452,25.050337519099848],[121.3983969288267,25.050162544605691],[121.39849601096438,25.04953052012517],[121.39871998655784,25.049073595997829],[121.39878700060282,25.048612565332661],[121.39825000105058,25.048811564238274],[121.39764998505755,25.049094512352251],[121.39717494627006,25.049493509871755],[121.3966080007345,25.049634528118343],[121.39619999428449,25.049430566995643],[121.39569595496651,25.049483558014558],[121.39512697805104,25.049911516988768],[121.39487094602309,25.050397503281037],[121.39455795272468,25.050195543014663],[121.39418192932439,25.050047566347978],[121.39440693808908,25.049475521152655],[121.39456994605155,25.048760517371868],[121.39425992771281,25.048210576924603],[121.39420097038119,25.047693543794121],[121.39436099557476,25.047379541254468],[121.39476896891733,25.047524545483409],[121.39501799210792,25.047786545066018],[121.3956419760808,25.048479579021699],[121.39604994485333,25.048625575482678],[121.39686900215142,25.048514597237872],[121.3971549797896,25.048143550114769],[121.39816097444454,25.048150518270372],[121.39954895692051,25.047757540657159],[121.3995199693844,25.047412535277118],[121.39892796201043,25.046804564878894],[121.39792292364591,25.046481587481185],[121.39754999244801,25.045993571502056],[121.39836794936576,25.046027590676179],[121.3987789455972,25.045741526893593],[121.39949995202856,25.046003513454373],[121.39963094565205,25.045459510909563],[121.39985393426052,25.04503057406437],[121.40029400994722,25.0451195038295],[121.4002039871776,25.044631539077606],[121.39935493622973,25.044539560458393],[121.39901196850184,25.044219500105473],[121.39863697350775,25.043931585768007],[121.40137895856303,25.043202506404214],[121.40065898018511,25.042852581489967],[121.39946295438553,25.042959549363093],[121.39889397834025,25.043301570753172],[121.39832599113862,25.043440505442099],[121.39743995213227,25.044038528392381],[121.3969359728973,25.044150573052942],[121.39630600376799,25.044261502209462],[121.39586493173717,25.044317579418493],[121.3953599798903,25.044541579926623],[121.39485598676029,25.044624546826672],[121.39428896359233,25.044765544594675],[121.39378394603909,25.044762557701777],[121.39124200704677,25.044026538431883],[121.39099300031575,25.04373853731709],[121.39131296736274,25.043051576565713],[121.39226596515599,25.041909509502808],[121.39274100607051,25.041510528300435],[121.39454093131218,25.040688536615811],[121.39460796577521,25.040230584869033],[121.39439200294389,25.039768502930755],[121.39426894774353,25.039423556954905],[121.39480494295154,25.039254555121556],[121.39527596389024,25.039343492763564],[121.39571693553893,25.03928751881713],[121.39707499183304,25.038636509361762],[121.39801997236718,25.038584503066932],[121.39886695751588,25.038735546953895],[121.39918695013024,25.038048569261697],[121.39944199091933,25.037675532262011],[121.39991497273417,25.037563562705845],[121.40057296728884,25.037913558682437],[121.40114198335439,25.037571543433987],[121.40064399883562,25.036907540537829],[121.40014093633481,25.036818503880546],[121.40026993908518,25.03644552760883],[121.39989395337336,25.036272553874376],[121.39954998097716,25.03601154853494],[121.39986998112227,25.035381538036539],[121.39996799135325,25.034979574553081],[121.40034698270946,25.03472355983364],[121.40099896696684,25.034685515887322],[121.40003792125738,25.034089567081157],[121.39956994823518,25.033598557114491],[121.39938498434316,25.033195550612103],[121.39917093888342,25.032446529465346],[121.39923795289674,25.031958506960802],[121.39939799261072,25.03155655308915],[121.39895900377523,25.031381577437411],[121.39810697456487,25.031779521312746],[121.39747800405003,25.031746520190993],[121.39776499706157,25.031346587513248],[121.39761293928507,25.030627553916233],[121.39789894719756,25.030283507272099],[121.39875193440055,25.029829589869905],[121.39919294932261,25.029776568821411],[121.39969800145145,25.029578561872832],[121.40001493642966,25.029293567275211],[121.40026898785527,25.028920519544936],[121.40052394125087,25.028578544932099],[121.40137400687594,25.028441527612568],[121.40144094337641,25.028039558314049],[121.40103894803319,25.02717357543543],[121.40151694723022,25.026429562451568],[121.40199197048867,25.026031534030398],[121.4023709565331,25.025804510060105],[121.40306393611851,25.025694557812265],[121.4036629280739,25.025496547289112],[121.40391895721208,25.025010532432646],[121.40398400429727,25.024579583782156],[121.40461996354318,25.023837564592601],[121.40534598715914,25.023496531482259],[121.40575899512388,25.022982564641307],[121.40680299491224,25.022214588911901],[121.40787994510197,25.021301499899256],[121.40879500700579,25.020992545722756],[121.40932997176084,25.020939515501002],[121.40977098718001,25.021235533598571],[121.41055792710006,25.021206548747426],[121.41230494432203,25.019152562033614],[121.41211599356365,25.018688538514962],[121.41158392084729,25.018335532355959],[121.41111396631078,25.018325544569525],[121.41064494878258,25.01837650757458],[121.40988598349018,25.018554581505011],[121.40928794512892,25.018467564714918],[121.40756598790763,25.017479545349843],[121.4060279863162,25.017124568392124],[121.40451801389827,25.017142582092806],[121.40388996013186,25.017024574377601],[121.40309100352023,25.016816545704341],[121.40161995155584,25.015986502191311],[121.40028292539175,25.016034528134458],[121.39769896818292,25.016235501689167],[121.39719697434769,25.016146551338927],[121.39635897818647,25.015081549388281],[121.39564198746589,25.014640578328557],[121.3950929461258,25.014479528265422],[121.39437199499184,25.014533531329068],[121.39301794221367,25.015516511010276],[121.39257793524649,25.015540513855836],[121.3923279279467,25.015281587797634],[121.39233098556296,25.014906502923093],[121.39249192364863,25.014477563307214],[121.39262297780097,25.01387452621189],[121.3922219324692,25.012837504271907],[121.39156592903507,25.012288542569898],[121.39178995023755,25.011858529215488],[121.39226893314468,25.010884568426313],[121.39299799749733,25.010228570703575],[121.39416898673805,25.009460523078317],[121.39501992361609,25.009180529819407],[121.39767395284305,25.007733599216404],[121.39839994906656,25.007535535074847],[121.39884095285879,25.007396564234881],[121.3992829719019,25.007169567717153],[121.39960198467816,25.006709585625874],[121.39963591776771,25.006366566064994],[121.40030497383528,25.005364510885077],[121.40002795856418,25.004559507019056],[121.4005359542756,25.004016580388647],[121.40076095458792,25.003501581616252],[121.40129997496021,25.002929573701604],[121.40170995933727,25.002731538683985],[121.40202699916074,25.002475522553432],[121.40173598918159,25.001564552573718],[121.40174597517682,25.000941515823165],[121.40212400162265,25.000468542382535],[121.40235399538568,25.000007533606588],[121.40209896645885,24.999354514540599],[121.40120599585593,24.999049576185222],[121.40064298165095,24.99864449762919],[121.40017294808329,24.9984115520638],[121.39945096186337,24.998291519007179],[121.39904099157776,24.998490531848478],[121.39860097939994,24.998343541712607],[121.39793299667988,24.997561513131227],[121.39742894969024,24.997447558055548],[121.39686296734274,24.997331509428484],[121.39667399254019,24.996930576056162],[121.39651594669331,24.995752515881346],[121.39629594170108,24.99543554876918],[121.395601997331,24.995033536671205],[121.39443696651396,24.993625550276374],[121.39409095604343,24.993482547763577],[121.3918570005531,24.993657554307877],[121.39106994336268,24.993285556464787],[121.39040894839185,24.993399516208903],[121.39000094188422,24.994062518893447],[121.38993792891243,24.994552509273483],[121.38965500648396,24.994925516089467],[121.38852299340022,24.995731527885475],[121.38805096559109,24.996364536186448],[121.38751601102277,24.996363584976631],[121.38650895587811,24.995962508907319],[121.38430694925533,24.995735528746959],[121.38389795724306,24.995332535819326],[121.38367695059159,24.99412555111547],[121.38367595203376,24.993148501016886],[121.3842419810626,24.992025539059032],[121.38420996351726,24.991163518464571],[121.38336897857876,24.990542587528292],[121.38338896206621,24.989659584479714],[121.38357998068636,24.988921585011191],[121.38335999300239,24.98848856492927],[121.3833129624349,24.987285556706304],[121.38395694488158,24.986674531897201],[121.38436997521929,24.986124575926215],[121.38430196141752,24.985612539088699],[121.38319393403778,24.984787597695405],[121.38228795461984,24.983954548847457],[121.38188000501523,24.983923534937308],[121.38103297381336,24.98426656739974],[121.38047000774361,24.984094550122091],[121.37935800460117,24.983742539572624],[121.37817898301445,24.982926519299248],[121.37681393715539,24.981358544701333],[121.37603199438348,24.981098588353671],[121.37518595010684,24.980981536493871],[121.37481097378462,24.980722528106369],[121.37393498038884,24.980291509264941],[121.37346598575887,24.98020257182781],[121.37312094889765,24.980059517277919],[121.37236999634413,24.979829531610559],[121.37205800270759,24.979455510689096],[121.37143495772591,24.978563542717271],[121.37020795200738,24.977566526955329],[121.36974596420031,24.977271523846518],[121.36928397244375,24.977085591848081],[121.36857794307635,24.976789550710823],[121.36821197848704,24.977322546748102],[121.36777299915293,24.977350547061249],[121.36695695777379,24.977806543054914],[121.36645399762067,24.978265560590195],[121.36576300146119,24.978579581106434],[121.36510499950322,24.978578572844668],[121.36469594624603,24.978893522630546],[121.3642549827413,24.97943851075739],[121.36384697989848,24.979608539865996],[121.36331396099789,24.979521542416784],[121.36215598127038,24.979145589551941],[121.36143697944027,24.978684589311175],[121.36122098687844,24.97796657345372],[121.36049998466819,24.977907554554637],[121.35855594187811,24.978160550526667],[121.35717793167723,24.977825548756261],[121.35413599082504,24.977817542519563],[121.3536649598918,24.978179565855825],[121.35344496333258,24.978523561832333],[121.35341195836784,24.979040558961806],[121.35315794817383,24.979815587430064],[121.35302993412664,24.98033254435472],[121.35265198626365,24.980761516899673],[121.35224493701527,24.98084654229131],[121.34839297214609,24.979516576908942],[121.34773693391745,24.978911530144575],[121.34662195123315,24.978963520880608],[121.3449490002988,24.979964580304078],[121.34449297437574,24.980559592076727],[121.34322800084269,24.981711553398945],[121.34256197139135,24.981536577259856],[121.34214695994869,24.981167509615592],[121.34174093388268,24.980734589147723],[121.3412729851532,24.980390574879614],[121.34089700335372,24.980217536875298],[121.34033294014469,24.98015850231365],[121.33992499539383,24.980302560187589],[121.33913897088577,24.980759597245672],[121.33854295638085,24.980756527458087],[121.33782295838171,24.980439523740568],[121.33700697630853,24.980696534105498],[121.33663098389148,24.980665514099293],[121.33569396738247,24.979859515625812],[121.33472399036718,24.979340542738655],[121.33334593558581,24.978878540926328],[121.33293799736589,24.97887754892934],[121.33174697974755,24.978787570374074],[121.3309189726392,24.978890539517391],[121.33016694544021,24.978651589598247],[121.32964096393351,24.979263574747076],[121.3289529580404,24.980188513309486],[121.32812399052291,24.981190507325415],[121.32731497683332,24.982302520542579],[121.32678095602006,24.982391552035956],[121.32618101259366,24.982449560378409],[121.325809007418,24.982194583286073],[121.32531097018972,24.981954586065484],[121.32555796797281,24.981622592368002],[121.32738697012967,24.979065577407447],[121.32738893860882,24.978575555977578],[121.32711094721863,24.977659522407468],[121.32705998213218,24.976339569199492],[121.327608929576,24.975945598801747],[121.3284470006454,24.975824564816797],[121.32840499807821,24.975420505809371],[121.3272790098365,24.974698578539307],[121.32383598542027,24.97296753662949],[121.32355496180695,24.972564550014649],[121.32355696346013,24.972049516852998],[121.32379897624618,24.971340550800289],[121.32612800694258,24.972513505479313],[121.3271599557151,24.973206576465348],[121.32777001685116,24.973250564008438],[121.32809195930439,24.972814562580908],[121.3283649858455,24.971700562020924],[121.32842198730224,24.97095851051316],[121.32855099686087,24.970192551035222],[121.32880301244144,24.969849529672587],[121.32846296099446,24.96869850083397],[121.3284020021424,24.968355539992249],[121.32808994457348,24.967896542594513],[121.32774598906337,24.967664525439247],[121.3271529933476,24.967146562546375],[121.32690395748472,24.96648555064106],[121.32843596447866,24.967665540322038],[121.32887496820494,24.967754585580757],[121.32963093603455,24.966922587934185],[121.32956899807478,24.966576551918614],[121.32900696065028,24.966088584037884],[121.32816294380257,24.965512582870179],[121.32866900660916,24.96430652524165],[121.32905195981174,24.962671575216586],[121.32911698871035,24.962183582908288],[121.32928296282805,24.96057854813003],[121.32912394814709,24.959389571808899],[121.32894393221846,24.95841850879598],[121.32876099496487,24.957356541917971],[121.32814097410483,24.955373555028665],[121.32833195155244,24.954540548699626],[121.32825597381783,24.953335596741294],[121.32826498835843,24.951037538159557],[121.32819295217763,24.950175597214511],[121.32822799857557,24.949227542603989],[121.32841793692803,24.948710568882657],[121.32879796860463,24.948023586996857],[121.32942794498929,24.947248572393683],[121.33030899922966,24.946475533870352],[121.33074895537989,24.946275558604025],[121.33118800509064,24.946161525827836],[121.33166094242503,24.945560574282062],[121.33131796414526,24.945186533457022],[121.33081800262072,24.944754506435377],[121.33016095393702,24.944405551727538],[121.32884397768123,24.94440160336698],[121.32796694525246,24.94425653756765],[121.32571100863538,24.943849575256188],[121.32470797276565,24.943587571181133],[121.31754301144757,24.939661562720044],[121.31700394391505,24.939304528000058],[121.31614197198033,24.938732541288427],[121.31583493396667,24.938534545629924],[121.31598100385386,24.938191580530308],[121.31695896833693,24.936728574710258],[121.3180629580395,24.935209583016],[121.31822198770917,24.934837591569252],[121.31875494108165,24.934695508131554],[121.32010596092164,24.934038528914623],[121.3207019998372,24.934068589643395],[121.32110999915908,24.933840535746345],[121.32161695970817,24.932751602524348],[121.32202600375415,24.932262603153745],[121.32281295647802,24.931633543739775],[121.32337997604326,24.931031593875289],[121.32400895026952,24.930458579463288],[121.32567699436633,24.92879854585642],[121.32605397309747,24.928797533113375],[121.32736899950417,24.929147510610548],[121.32962501101289,24.929525555262327],[121.33304000829455,24.929881583367031],[121.33473393478184,24.929571519964018],[121.33620994204557,24.928856589606703],[121.33846899179733,24.928460515895988],[121.33947399948326,24.928406594744313],[121.33709997857218,24.926043508393914],[121.33675594607405,24.925786599926479],[121.33537998465881,24.925005595538067],[121.33447198783932,24.924716538876005],[121.33117894619244,24.925051563275797],[121.33061496460355,24.925077548235375],[121.32910995752214,24.925044592119505],[121.32713700802412,24.924637551690633],[121.32638593976756,24.924203536961087],[121.32550999529913,24.923885548445504],[121.32469499597599,24.923451563514927],[121.32435099699946,24.923163562039164],[121.32113494743317,24.920079537501937],[121.32041895891679,24.918697523242258],[121.31992096347575,24.917893548070797],[121.3199569991791,24.916888517800999],[121.32077795685176,24.915483599312598],[121.32162596931293,24.915196540646146],[121.3217830109764,24.914882528417749],[121.32172394985396,24.914250516597221],[121.32134995753576,24.913588572829983],[121.32150796451997,24.913273562019473],[121.32197894542308,24.913045545932249],[121.3226709806541,24.91241353787515],[121.32279994226195,24.91161055945253],[121.32320897688678,24.911209579323149],[121.32336997843885,24.910290597225945],[121.32371595468335,24.909946559062927],[121.32437495073553,24.909805532097693],[121.32556794675003,24.909349575520238],[121.32610294212952,24.909034544515521],[121.32592296951489,24.90679351493705],[121.32564192943202,24.906333543928874],[121.32520593609956,24.9058155903634],[121.32417595837148,24.904777563285982],[121.32361299841928,24.904317570416055],[121.32264294241865,24.903796516070656],[121.3221729786592,24.903709584218987],[121.32179900942943,24.903391571225036],[121.32205398838256,24.90215654332918],[121.3224629645288,24.901871600910948],[121.32262197721593,24.901354596505538],[121.32322198829418,24.900495607050136],[121.32316001020155,24.900150549072588],[121.32243995380261,24.899774588456292],[121.32156296227835,24.899771511915862],[121.32121696792623,24.899971535026761],[121.32043201063668,24.900255567540984],[121.32021500875001,24.899824533113332],[121.32009100530587,24.899479605962906],[121.32056294159453,24.899105589287721],[121.32178698483733,24.89859352082112],[121.32257097623632,24.898539548936675],[121.3233879442179,24.898197557408547],[121.32395292443589,24.897911553122491],[121.32439300755262,24.897567573294197],[121.32524098729613,24.897312543557046],[121.32558596242465,24.897140600769465],[121.32643599480146,24.896395536371408],[121.32693897978261,24.895793548221633],[121.32816094982532,24.895942545009909],[121.32837894418476,24.896343610386563],[121.32890895790304,24.897006544084675],[121.33012895997842,24.897642574636006],[121.33056797875361,24.897643595228097],[121.33075499457638,24.897961546856305],[121.33081598754737,24.898333595131838],[121.33159397155647,24.89957357207383],[121.33222000605554,24.899861574135919],[121.33347594332942,24.899233594069958],[121.33372795208621,24.898889553948987],[121.33348000140651,24.898314572722583],[121.3330749359022,24.897852546830027],[121.33304598671664,24.897164584482873],[121.33329799787185,24.896791561112693],[121.33320700918465,24.896044597575859],[121.33264597491399,24.895237549301953],[121.3326189699352,24.894174586286386],[121.33265301070189,24.893657585048242],[121.33299899039086,24.893372577305865],[121.33321897961071,24.893085579497061],[121.33331796804072,24.891791550634217],[121.33363299986287,24.891477538126082],[121.3343530097729,24.891595556844663],[121.33513693948274,24.8915985916403],[121.33554199175425,24.892116599448972],[121.33635694704815,24.892234570989324],[121.33735799380929,24.89266751962916],[121.33782793993097,24.892698518209166],[121.33842696198599,24.891895532873697],[121.33911698809064,24.891553579131887],[121.33996396119279,24.891411602507155],[121.34059198621276,24.891097568139926],[121.3408749808906,24.890866591913191],[121.34153596951383,24.890066530379912],[121.34153796502348,24.889605574827797],[121.3410399427419,24.888742527538056],[121.34116993685583,24.88773753949906],[121.34142199916685,24.887308515177036],[121.34180294759824,24.886188556733078],[121.3418990106352,24.885643600897904],[121.34224597272436,24.884697532288175],[121.34127497520487,24.884550599683759],[121.34074596051032,24.883802546961888],[121.3410319569449,24.882767600738273],[121.34216493182674,24.881564557646708],[121.34317293570832,24.880160534394218],[121.34351794359721,24.879961547174982],[121.34392597024647,24.879847561048098],[121.3443639321701,24.879993550405576],[121.34473993068632,24.880166585361351],[121.34520893217648,24.880167582637462],[121.34561696038897,24.880024607955036],[121.34662397640479,24.879107598446517],[121.34722100774296,24.878709545564426],[121.34794199716616,24.87856756530411],[121.34847392720457,24.878656529410726],[121.34978899236923,24.878775518297918],[121.35079294375595,24.878491549132686],[121.35148594824174,24.877632581338737],[121.35202097940632,24.87688460629975],[121.35343300107691,24.87651656553032],[121.35359096341571,24.876201533902364],[121.35340794318634,24.874764589211772],[121.35403698591074,24.87410657737027],[121.35419497467633,24.873230537692141],[121.35389394821912,24.872553604083304],[121.35355698913006,24.871520550039797],[121.35327699748676,24.871232548629031],[121.35284093969764,24.870858595621833],[121.35243596588938,24.87059761469818],[121.35027900990765,24.869930540355043],[121.34975194541761,24.86918460713645],[121.34909697851744,24.868664596925022],[121.34831400576047,24.868635549742539],[121.34781494442657,24.868345614543671],[121.34618498775926,24.868369531664985],[121.3454990112872,24.867991531428018],[121.34522095940925,24.86724752796831],[121.34444796974537,24.865868550418071],[121.34348496616319,24.864574598459892],[121.34397099701363,24.862312546716669],[121.34447800930336,24.861597519089649],[121.34476094420934,24.86137159218514],[121.34513894862044,24.861201597516054],[121.34579798997594,24.861029588257207],[121.3462379592995,24.860832544400392],[121.34680395461329,24.860489568880286],[121.34811996510427,24.86043757080164],[121.3489700029736,24.859954593433073],[121.34934694000397,24.859811581193338],[121.35035099269676,24.859588560054867],[121.35079094814057,24.859361534777133],[121.35151093900416,24.859420597358625],[121.35207600673051,24.859250610782606],[121.3535849639667,24.858540590955268],[121.3539659820879,24.857683520513906],[121.35403494393044,24.856880565972034],[121.35491693789626,24.856083526804746],[121.3550759322823,24.855767569653946],[121.35561094511246,24.855454525951028],[121.35576994281843,24.855111564874118],[121.35605397235271,24.854855545748961],[121.35702801340693,24.854399596919443],[121.35743496680755,24.854402596367631],[121.35787195425766,24.854519553823561],[121.35812497133767,24.854234520843494],[121.35816094493239,24.853602568972043],[121.35775593164844,24.853201551418895],[121.3570359837184,24.853169597515386],[121.3567519553965,24.853539572849449],[121.35606399723781,24.85345156422834],[121.35527897299298,24.853590582386033],[121.35459396153649,24.853129541538539],[121.35450393303633,24.852441549060035],[121.35388200993184,24.851894576696363],[121.35360295641574,24.851405578467652],[121.35360793864251,24.850775592962759],[121.3531719584698,24.850345563385392],[121.35276599156062,24.850256581855284],[121.3520109544047,24.85065557111999],[121.35195195511911,24.850224560852205],[121.35267498760223,24.849712612998779],[121.35299198168785,24.849282606654366],[121.35271100703565,24.849053557397127],[121.35183394826416,24.849134541914417],[121.35129993968842,24.849361538599936],[121.35089193663185,24.849475544366236],[121.34982398607713,24.849671538174366],[121.34992095602212,24.849269599929737],[121.35039392863159,24.848812596093573],[121.34983094891375,24.848755582335908],[121.34939399814836,24.848494577195428],[121.34867398121504,24.848432602988002],[121.34851498682713,24.848805525064126],[121.3482239658408,24.850065522444787],[121.34837695983819,24.850668603380704],[121.34809300284688,24.850982575132104],[121.34771896968516,24.850780559510849],[121.3477219397605,24.850062542100904],[121.3467499608841,24.850202593185031],[121.34624900308702,24.850171605464524],[121.34587496347754,24.849910521006102],[121.34531199043303,24.849767547446923],[121.34490497445833,24.849736526765948],[121.3441869366095,24.849417544883828],[121.34303197862221,24.848752576883435],[121.34234396852575,24.848607596642832],[121.3415289519766,24.848631596751307],[121.34049297308238,24.848971563181482],[121.33980498853845,24.848683555822198],[121.33939798025432,24.848653605297603],[121.33902297274251,24.84850754454488],[121.3386449839889,24.848763567698594],[121.33805299515649,24.848360585565885],[121.33733199628877,24.848357611347421],[121.33689397707269,24.848268570392776],[121.33633194143363,24.848066584060412],[121.33579898485273,24.8480625362415],[121.33539098563112,24.848120524190843],[121.33548893843009,24.847517598211443],[121.3357429730506,24.847088588998457],[121.33584101550014,24.846458569899237],[121.33572097438838,24.845769535053488],[121.33553695096708,24.84516760682817],[121.3356389738103,24.844050542450233],[121.33595494723619,24.843650542041349],[121.33670999997196,24.843309524880432],[121.33724300544239,24.843313570414178],[121.33783697557212,24.843402610204642],[121.33861892844929,24.843603551323142],[121.34043693812903,24.843612600784283],[121.34149998190537,24.843903532907692],[121.34218695220507,24.84427857408885],[121.34315501052096,24.844741546058156],[121.34349792879325,24.844887581851697],[121.3444979915504,24.845234522486201],[121.34581194038509,24.845527568948651],[121.34618696803697,24.845711538544439],[121.3481919386565,24.84570957992689],[121.35038899611659,24.845117541474853],[121.350860970093,24.844832549530771],[121.35145796780935,24.844519539338538],[121.35280695313202,24.844267602306068],[121.35487795938961,24.843646547980892],[121.35563701319842,24.842702530888861],[121.35633493977316,24.841417522510334],[121.35772496017515,24.839617547238177],[121.3603659454342,24.838197581664417],[121.36083599330792,24.838027590153054],[121.36190196024846,24.837860594824804],[121.36309099459862,24.837950527414687],[121.36384195414702,24.838067524903924],[121.36471899651664,24.838043542193894],[121.36582000316528,24.837361573833459],[121.36795299408422,24.836683569276424],[121.3683289656373,24.836684535684281],[121.36977196742895,24.836316543826538],[121.37024298294706,24.8360605650388],[121.37112496113589,24.835291518720918],[121.37168797688588,24.83529454741776],[121.37278594259273,24.834984544217011],[121.37297594970825,24.834668591559435],[121.37294893568794,24.834038583598844],[121.37332600404065,24.833841528935572],[121.37473499922443,24.833817595661316],[121.37620498022194,24.833910604666855],[121.37667293553301,24.834112590031939],[121.37726793868991,24.834201560147822],[121.37795493425085,24.834403531116987],[121.37851594831099,24.834663596449857],[121.37895194686989,24.834953602585355],[121.38041498867589,24.836162525952286],[121.38132000425676,24.836509563279868],[121.38275900865078,24.836603582310818],[121.38323098728283,24.836830548086656],[121.38382795816337,24.837632526559617],[121.38476795975795,24.840236602939619],[121.38545793503467,24.840837543178264],[121.38724394296192,24.842040581391814],[121.38802799163837,24.842439552256302],[121.3894690041196,24.842237609900405],[121.39125594676322,24.84286652296991],[121.39169393274929,24.843066559033119],[121.39275996321619,24.843668534539876],[121.39304195634188,24.844069591861288],[121.39366893886405,24.844212595127058],[121.39416995617107,24.844240535651171],[121.39467094054197,24.84415352368379],[121.39523497952985,24.844009548142196],[121.39630094355745,24.843636521619541],[121.39717498244519,24.843454521991664],[121.39770292350634,24.842868563209997],[121.39816493288215,24.842564568217927],[121.39880393524913,24.842361606272327],[121.39973096785124,24.842239586940398],[121.40052498524524,24.842197542836921],[121.40143899894217,24.842346605651194],[121.40175198013291,24.842602568365081],[121.40304396319905,24.843337593394505],[121.40378900093897,24.843116527358969],[121.40425893548453,24.842971600222803],[121.40469693940703,24.842771589886226],[121.40551197558956,24.842341574989049],[121.40598197636479,24.84219755054896],[121.40645194779572,24.841968540144894],[121.4087699936338,24.840648556946668],[121.40999099921623,24.83895953046386],[121.41061697933105,24.83852856817095],[121.41143194272367,24.838413533176261],[121.41274694653627,24.836979580136997],[121.41324799028251,24.836806550928191],[121.41421895083238,24.836291540841749],[121.4149709488814,24.83594651934407],[121.41547200509402,24.835775564651009],[121.41572296522382,24.835488548418304],[121.41559694543859,24.834971606962295],[121.41534598767535,24.834256554137774],[121.4150329861977,24.83362753884321],[121.41418596473221,24.832853546807129],[121.41387299721968,24.832281601107493],[121.41387198745358,24.831707605051857],[121.41449896389646,24.830735583234766],[121.41571999826097,24.829471603334635],[121.41615800192091,24.828728538212232],[121.41615696320362,24.827466602360015],[121.41675199165418,24.825805545416671],[121.41703296099554,24.825547604150366],[121.41878799282084,24.825402560548135],[121.4195399408371,24.825574544368529],[121.42198295891856,24.825486583655788],[121.42348695046309,24.82559954057772],[121.42392499730684,24.825341594778607],[121.42436296764674,24.824538546331517],[121.42470699931208,24.823966547339985],[121.42486397916642,24.823650535058622],[121.42505194874933,24.823020570018432],[121.42514498630413,24.822620575183841],[121.42514295799562,24.820471611698718],[121.42554995180436,24.820041550967812],[121.42589397516468,24.81978360244042],[121.42642697611352,24.81955355669723],[121.4271159301767,24.819066536043227],[121.42752196427568,24.81826356842107],[121.42789794051814,24.81726060009596],[121.42846092907477,24.816974574439698],[121.42877394341565,24.81660058437188],[121.42924396780148,24.815741530771074],[121.43037094968736,24.814594557705092],[121.43174797674276,24.813791581318306],[121.43644592934237,24.812240524313843],[121.43669594929973,24.811897589695295],[121.43663198388391,24.810150605276867],[121.43681996006518,24.809777594466425],[121.43710097794829,24.809090547945871],[121.43735096745498,24.808229588203002],[121.43741399243858,24.807800614275411],[121.43738199876913,24.807141560977168],[121.43709896737347,24.806397564005955],[121.43709895970423,24.805508527524466],[121.43778694147812,24.804849538535176],[121.43797498976288,24.804248553114828],[121.43808095710271,24.803733560878317],[121.43809698733769,24.800981558533056],[121.43724999368708,24.798749548820272],[121.43724895051417,24.798148561025812],[121.43759396555386,24.797547558414863],[121.43759292939056,24.79685853494713],[121.43768697946524,24.796456536018656],[121.43796792876839,24.795826558820703],[121.43865698072007,24.795138578423234],[121.43984597794125,24.794536532731783],[121.44112999530172,24.793790539531031],[121.44184892911836,24.793187616513077],[121.44260098909712,24.79212959303976],[121.44313294883648,24.791784540382135],[121.44357097160133,24.79172753282554],[121.44422798611029,24.791497598589007],[121.44535498619294,24.790408555830819],[121.44579298127017,24.790206534940861],[121.44673298245965,24.789977537975592],[121.44732795550726,24.790061539560664],[121.4477349908578,24.790234590759077],[121.44936395654548,24.791091553842023],[121.4503469330047,24.790952535329346],[121.45058500283469,24.790574575752451],[121.45052199629755,24.78980059079926],[121.44923692882433,24.78880057811422],[121.44886095521461,24.788370543871046],[121.44886000049206,24.787855611332812],[121.44926693385892,24.787165540861487],[121.44951694557734,24.78659458625113],[121.44948498592679,24.785964530931455],[121.44926598738485,24.785563552737059],[121.4489209863455,24.785218598101508],[121.44848194793845,24.784962578456906],[121.4478239622477,24.784475608141321],[121.44747998352156,24.784047555335658],[121.44725996604117,24.783359551306077],[121.44625695243904,24.78198655730392],[121.44550399818236,24.781557561205833],[121.44472097571158,24.781043591532878],[121.44393792960045,24.780614575641561],[121.44343695898462,24.780557562913074],[121.44280999038101,24.780615570145351],[121.44202799661502,24.780387549142706],[121.44105597136061,24.779613528075821],[121.44064898564885,24.779183576053249],[121.4402409895099,24.778611594364762],[121.43980197292122,24.777495594160293],[121.43911194196419,24.776321541562261],[121.43829795843426,24.775148578707512],[121.43713794105669,24.773916574009483],[121.43575997384144,24.773001581272865],[121.43372398017608,24.772488569313367],[121.43303498819959,24.772461578951592],[121.43131299379105,24.771888586609016],[121.43027795540434,24.770945551179853],[121.42867992127145,24.769600603883589],[121.42611096389335,24.767569551353215],[121.42535894853391,24.766652590056907],[121.42426199815458,24.764333531807782],[121.42379193816224,24.76367553401559],[121.42341595466992,24.762615556117755],[121.42350896767367,24.761640571735438],[121.42391595235274,24.761526562475499],[121.42469900422384,24.761411549677302],[121.42513699315576,24.761182598459456],[121.42591900246595,24.760523583913706],[121.42601296793536,24.760121603149727],[121.4256049333904,24.759232547215003],[121.42563594648068,24.758402569169291],[121.42669793501852,24.75605461075633],[121.42701097023136,24.755567587663052],[121.42785598024251,24.754793608451198],[121.42816898351798,24.754363543027541],[121.42851292433556,24.753446537521913],[121.42854299861433,24.751442559552125],[121.42923098786017,24.750266588821621],[121.42919897135756,24.749751552933809],[121.42879199016178,24.74897654508127],[121.42864899255331,24.748225527468644],[121.42918194305545,24.74693253710883],[121.42995495149191,24.745752610287727],[121.43017194598028,24.745465578498301],[121.43032598956988,24.745090602427219],[121.4304059722963,24.743426605164515],[121.43205497424151,24.742152607438566],[121.43230196725311,24.741749537224305],[121.43276293793754,24.740714608677862],[121.43288599711988,24.740341610808613],[121.43303596866249,24.739564562605015],[121.43306398501697,24.739136582662844],[121.432993946137,24.738217595760915],[121.43283293692755,24.73773254694968],[121.432829947475,24.737387547407558],[121.43310494941522,24.736553608398285],[121.43431396999773,24.735056550509036],[121.43465598090697,24.734736546092051],[121.43514897768625,24.733873528521556],[121.43536299392058,24.733184606092991],[121.43535894194375,24.732726549721491],[121.43519900491948,24.732268591935501],[121.43414894444794,24.730124535030544],[121.43452197896536,24.729778622113063],[121.43545596494113,24.729139613828927],[121.43673293102755,24.728356559426885],[121.43862692641559,24.726453599129943],[121.4400659726394,24.726356566275147],[121.44059696341827,24.726181544581873],[121.44112594446904,24.725832533446624],[121.44124793546494,24.725488616990397],[121.44154192765156,24.723105599313065],[121.44436898270155,24.716662524833275],[121.4449489755536,24.714938549632052],[121.44522794655514,24.714592611993723],[121.44656996105719,24.714096613331819],[121.44768794294912,24.713027542399807],[121.44855993982674,24.71250555788329],[121.44877596120573,24.712159537363643],[121.44886094095428,24.71101055277223],[121.44887994817658,24.709491568545349],[121.44915092531997,24.708170569225075],[121.45000898042845,24.705958586479756],[121.45072394776213,24.705378562565915],[121.45269192882171,24.704904554125182],[121.45343995664724,24.70461362754423],[121.45680792048631,24.703156618148675],[121.4575589923234,24.703122545927837],[121.4600899765796,24.702674534965894],[121.46152593520132,24.70214858885015],[121.46351998132359,24.70110262435821],[121.46445093630396,24.700119597806616],[121.46504094555965,24.699570579251873],[121.46575600089037,24.699020552854698],[121.46622193299751,24.69855860231484],[121.46659294354436,24.698040604582978],[121.46817998107726,24.696997558949231],[121.46961294375777,24.696155595932876],[121.47005195393891,24.696237567051455],[121.4708079391899,24.696806580329607],[121.47124593010071,24.696829585657582],[121.47396294607692,24.696180569165051],[121.4742119760208,24.695922634245388],[121.47481792260662,24.693595547901786],[121.47465393322665,24.692736559366544],[121.47420492931005,24.691390597020558],[121.47395097962185,24.690991587550542],[121.47366696529949,24.690764571627028],[121.47325393003531,24.690135627848644],[121.47315697485438,24.689736550786822],[121.47318493864834,24.689391542024609],[121.47340092849423,24.688959618451221],[121.47355292522974,24.688500627467928],[121.47358195099298,24.688155615241961],[121.47388400016963,24.686921589623143],[121.47397498508457,24.686519586645414],[121.47412200610408,24.685370579559141],[121.47405599305247,24.685027582618567],[121.47561895104144,24.683351563602972],[121.47559792223193,24.680857608940048],[121.47610296930731,24.679047591557179],[121.47750098679626,24.677890548274483],[121.47972592772898,24.674635570997015],[121.47962595351758,24.673766617879767],[121.48006296582213,24.673774618710148],[121.48128794823805,24.674336570315933],[121.48188196334452,24.674305592838731],[121.48234998609261,24.674128558984609],[121.48403695565733,24.673772610621771],[121.48516494826498,24.673992620623576],[121.4854799800961,24.674192612844724],[121.48661394559267,24.675071558412384],[121.48695894703351,24.675242541791295],[121.48824194628618,24.675204611604542],[121.48867803837837,24.674971585527842],[121.48954706836678,24.674133627331194],[121.49035902171379,24.673898563759288],[121.49126500287025,24.673805573212096],[121.49220006276717,24.673310590095149],[121.49282405957929,24.673134551081692],[121.49332604632437,24.673245585037048],[121.49389208104498,24.67358458453495],[121.49452301739872,24.674153626144477],[121.49685003459373,24.675484562256287],[121.49726600253582,24.676571577453352],[121.49796005758596,24.677225543268413],[121.49855800689888,24.677650563788941],[121.49928104661007,24.678047619947947],[121.50075805558662,24.678667537285932],[121.50195000672639,24.679029616807362],[121.50273508268225,24.679322607792628],[121.50467600794036,24.679309602641236],[121.50511606235419,24.679495573718828],[121.50571603651132,24.680150613644273],[121.50711104018855,24.682204620545352],[121.50820300934426,24.682598582570176],[121.50881600288002,24.683059620779801],[121.50937806981749,24.683202559899808],[121.50988799882364,24.683250573724852],[121.51050203272332,24.683442621590164],[121.5114650230017,24.684222555891228],[121.51197606656703,24.684464605290579],[121.51261303131467,24.684482574737583],[121.5134970260531,24.684359544367243],[121.51397400492503,24.684042607420579],[121.51440106112624,24.683381551601663],[121.51613300288291,24.683229591034813],[121.5196860723463,24.683291561534322],[121.52037903203151,24.683408617123916],[121.5210720529725,24.683307619685454],[121.52302301150795,24.68328060670963],[121.52390400854254,24.683323597188817],[121.52422302476228,24.683518598545323],[121.52449204193324,24.683881547171172],[121.52486803496532,24.68446659754526],[121.52532300067234,24.684681616826992],[121.52666205530575,24.684873583318168],[121.52684703160837,24.685191593949881],[121.52701205748495,24.685554625510079],[121.52704705357412,24.688043540251378],[121.52715705579439,24.688576608005256],[121.52742500078195,24.688893581481864],[121.52801405725386,24.688891612068378],[121.52881003109997,24.687838602874091],[121.52931505305233,24.687568551999192],[121.53054607073246,24.687663532321277],[121.53099999626512,24.687686585351866],[121.53188104969368,24.687731595878624],[121.53252305141376,24.68797256881895],[121.53308204288415,24.688338622996778],[121.5342570789869,24.688187622037319],[121.5351650625429,24.688279563105461],[121.53623206475216,24.688255626009781],[121.53674301672181,24.688422558210036],[121.53709307406993,24.689175619325187],[121.53728202843223,24.689734580068645],[121.5375500022416,24.690051547586833],[121.53771705282662,24.691807603841852],[121.5376680587046,24.692489594039543],[121.53751404119268,24.693807613988032],[121.53769899799175,24.694172554041806],[121.53821003566259,24.694292611758431],[121.53866406565378,24.694388604623242],[121.53869104186214,24.695239610011313],[121.53856301496141,24.69579961725081],[121.53850906772561,24.696237545333823],[121.5385110607756,24.696797540081917],[121.53867605407986,24.697311543821112],[121.53868002890505,24.698139613298043],[121.53814807641533,24.698653570315116],[121.53788407593792,24.699192571974212],[121.53780303735371,24.699704557193428],[121.53834000325523,24.700506613182785],[121.54088605916535,24.702350545374788],[121.5412900513637,24.702933559041565],[121.54169100533061,24.703566602960287],[121.54249803867422,24.704148611907776],[121.54292706423738,24.70463654357836],[121.54295308386692,24.705071573116491],[121.5430380374104,24.70541257540323],[121.54354502740442,24.705701574921946],[121.54442599639123,24.705773602873911],[121.54501500486681,24.705723599390723],[121.54538900844594,24.705722607088436],[121.54648304726722,24.70617858394812],[121.54701604338531,24.706204540772148],[121.54816802495331,24.70615257269418],[121.54928601220338,24.705804551323826],[121.54973902166597,24.705678556878485],[121.55035301465074,24.705728585583135],[121.55102303452807,24.70589759531882],[121.55147799818333,24.706159577679323],[121.55265806500928,24.707153613374594],[121.55415601264436,24.708222581959497],[121.55464003502414,24.708707564686179],[121.55568905925668,24.710530582224379],[121.55612103256374,24.711115619016912],[121.55660106668768,24.711357539440993],[121.55705503839701,24.711333542565551],[121.55825603849786,24.710913556755155],[121.55868299761148,24.711083624528513],[121.56053103277175,24.711807556499263],[121.56202904506139,24.712777574261498],[121.56253906453489,24.712922573607575],[121.56307300490592,24.712893567408582],[121.56453502708905,24.712109561240919],[121.56541805033127,24.711740546114093],[121.5667240074677,24.711587546829612],[121.56792804883739,24.711680603068711],[121.56867400122825,24.712115598115346],[121.56967001478255,24.712894581439315],[121.57026102415357,24.714012598012651],[121.57066103479586,24.713523575752326],[121.571057064249,24.712982578247747],[121.57177106069409,24.711471608895927],[121.57224803995922,24.710467619418022],[121.57281003780383,24.710393595870681],[121.57331602212199,24.710368556791778],[121.57406401667384,24.710144560520799],[121.57449002025609,24.71012054306097],[121.57486505184326,24.710214546197033],[121.57529306803576,24.710700570218773],[121.57580404747574,24.711797568975353],[121.57672204673301,24.713843611267873],[121.57715600898509,24.714764552005452],[121.57734502462696,24.716010588992194],[121.57748306300174,24.716666579463411],[121.57724800182824,24.717421614949853],[121.57752204754671,24.718738560015403],[121.57749604274693,24.719126571707488],[121.57742200874826,24.720345621356934],[121.57753202274445,24.721076562106997],[121.57777906050976,24.721906576413133],[121.57815106586558,24.722344602025395],[121.57860706532672,24.722539598940038],[121.57914002794629,24.722485629419953],[121.5797010357098,24.722291586602491],[121.5805790103045,24.721775591464421],[121.58132599497505,24.721429586736704],[121.58247205216637,24.720989565485823],[121.58407499191536,24.720396608853754],[121.58564700669454,24.72014759948345],[121.58701803527114,24.720174553618708],[121.58746505034179,24.720310595088183],[121.58810805597869,24.720795563328441],[121.58977106453641,24.722761571309075],[121.59039200560085,24.723540613357816],[121.59076804483625,24.723857598656181],[121.59157000740939,24.723998536218389],[121.5919689969099,24.724168617975092],[121.59277300050522,24.724844614491118],[121.59387305667923,24.725915567982771],[121.59580203106447,24.726857614436433],[121.59657704684373,24.727003601079833],[121.59695206316157,24.727268560941685],[121.59756803027277,24.727778616915657],[121.59775902490726,24.728556527222427],[121.5978970133758,24.728971597173253],[121.59763105006282,24.729312602406779],[121.59706906548159,24.729218594900097],[121.5956550117819,24.729320565990218],[121.59418504515337,24.729254620431824],[121.59375900187729,24.729524550593055],[121.59362599896734,24.729863597655111],[121.59362706142853,24.730206615460165],[121.59370901381671,24.730621545535158],[121.59494799650621,24.732348535134854],[121.59497799248382,24.732688549771886],[121.59495203993741,24.733198539033676],[121.59421001306139,24.734716584825161],[121.59400107243336,24.735033620248352],[121.59453906662283,24.736080596861836],[121.59475403044074,24.736736628617486],[121.5951350586256,24.738073605675247],[121.59529706958399,24.738808574064297],[121.59527201958596,24.739490568060411],[121.59508998403071,24.740563605751316],[121.59493304771667,24.74092755678706],[121.59421304959962,24.741173568527017],[121.59338905853606,24.742304592636245],[121.59296504646095,24.742840624143881],[121.59254004572975,24.743133590083712],[121.59197900306687,24.743332549726876],[121.59158606125865,24.744940579859787],[121.59177505845655,24.745330531313602],[121.59223002833733,24.745717539415935],[121.59274204075379,24.745938529755605],[121.59316801178724,24.745984607305832],[121.59383407097178,24.746053571084829],[121.59434501912378,24.746273588639568],[121.59480102326417,24.74663456575648],[121.59539100876485,24.74743853871465],[121.59601906400563,24.748424558335696],[121.59524603320789,24.748743561271713],[121.59475302777213,24.74994858562329],[121.59431007576541,24.750275568187181],[121.59329605376087,24.750229565410379],[121.59268206245547,24.750281561618188],[121.59218406261718,24.75042158676068],[121.59107400632163,24.750865615606813],[121.59065700931897,24.751061567461338],[121.59020503834796,24.751403557089393],[121.58997500761865,24.751804556924849],[121.58975001110028,24.753202540282327],[121.58958404994479,24.753893562885644],[121.58921401318769,24.754698521463567],[121.58898607203234,24.75542158315961],[121.58909807134982,24.75639658014536],[121.58918001797048,24.75696455106193],[121.58945000424615,24.757476526816138],[121.59045903317393,24.75835057090546],[121.59073802264567,24.758883533886809],[121.59075703290281,24.759249598663747],[121.59049406933343,24.760137582312943],[121.59040800780676,24.760772581734606],[121.59056204067345,24.761250617535218],[121.59127901129384,24.762028551812918],[121.59203101070469,24.763072605532678],[121.59343604693528,24.76490458106991],[121.59432102616694,24.765607609364807],[121.59612303952932,24.766681613901376],[121.59632101029037,24.76702853814157],[121.59618900611979,24.767412532634491],[121.59594299461668,24.768038597205678],[121.59564300057814,24.768633559433756],[121.59550306213376,24.76903158510256],[121.59559305730514,24.769364587086617],[121.5971420066405,24.771381581092633],[121.59750104828296,24.771980603086377],[121.59753005138629,24.772501556958829],[121.59663905973828,24.774121608680762],[121.59595106338944,24.775383560928308],[121.59532703108536,24.776857537140902],[121.59508104884195,24.777630597261012],[121.5944640643452,24.7788426063434],[121.59434199420234,24.779436581017965],[121.59444201317866,24.77993260949528],[121.59445299552118,24.780338610576678],[121.594323009871,24.78096457685783],[121.59405704812248,24.781362558395319],[121.59367602734785,24.781567584540401],[121.59325001574366,24.782000605288157],[121.5931990721495,24.782350588125919],[121.59325801911513,24.783512602069163],[121.59337805040464,24.78446362093684],[121.59337101926754,24.784957538916885],[121.59309101574019,24.78595854917096],[121.59277301481939,24.786415596519589],[121.59202898530232,24.787222595457372],[121.59227905030362,24.787505562426997],[121.59339100718479,24.787257561878423],[121.59388006276212,24.787280545134276],[121.59847503432927,24.787602552982428],[121.59899998608019,24.78769760700856],[121.601186070092,24.788663542841554],[121.60215804572192,24.789009604958267],[121.60256805546213,24.789235583121936],[121.60303199273037,24.789290596758828],[121.60355704872146,24.789216602561361],[121.60508699430279,24.789054599815504],[121.60555900929904,24.789111552868238],[121.60600501190446,24.789319580202108],[121.60692505684365,24.790071600317184],[121.60820699464392,24.791829609166619],[121.609533019561,24.793667616790181],[121.61001405573985,24.79376561011896],[121.61058406464672,24.793738540088597],[121.6119620110056,24.793464571340429],[121.61337599785631,24.793204605875975],[121.61379503591432,24.793284603052911],[121.61608502085564,24.793825611151128],[121.61683298337707,24.793840591428847],[121.61924104406795,24.793002581777081],[121.62051105571958,24.79255056690889],[121.62137501016099,24.792515552399827],[121.62183004805686,24.792879610602508],[121.62285898120551,24.793978611054641],[121.62349303200835,24.794375594356044],[121.62435005610079,24.794728585371455],[121.62587505545304,24.795412578331447],[121.62600500199417,24.796387550186125],[121.62600598924566,24.79674655730016],[121.62559406011971,24.797682615335351],[121.62552601330523,24.798445581445009],[121.62506402570078,24.800397546102662],[121.62488406960362,24.801714560333021],[121.62494005800926,24.802307536323095],[121.62532401729926,24.802493565811261],[121.62567101401029,24.802629539037028],[121.6259750217999,24.80289660752987],[121.62618306242933,24.8034485866784],[121.62635898870089,24.804755548835441],[121.62651399951811,24.805485533025806],[121.62651506199049,24.805842545925341],[121.62627000260373,24.806721555386343],[121.62583104151807,24.807885542984337],[121.62573705332692,24.808763566396134],[121.62611201498419,24.808859603888891],[121.62780003814919,24.80814654113081],[121.62830604086578,24.807972586456689],[121.6288860175038,24.808082563984865],[121.62945802557103,24.808633549061504],[121.62992204317665,24.808931542638657],[121.63142003257252,24.809218589763404],[121.6324170005369,24.809246615585835],[121.63321300789067,24.809145553602974],[121.6347090291561,24.809155559384877],[121.6360420491864,24.809313592502011],[121.63723199710039,24.809473573825162],[121.63877404287332,24.810649540381622],[121.6393500295863,24.810532597038488],[121.63990705702338,24.810364528003138],[121.64111305233571,24.810393581267729],[121.641923040592,24.810455577739699],[121.64301804874444,24.809841586783868],[121.64364600245393,24.809428595094285],[121.64427505727784,24.809213533940714],[121.64467106884075,24.809211550714554],[121.64553699333931,24.809600589225585],[121.64593499396435,24.810027575319143],[121.64624405621633,24.810487535569514],[121.64677501458939,24.812340536037535],[121.64717905389186,24.813850535421466],[121.6484520680259,24.812858589251995],[121.64875706556117,24.81262757225667],[121.64947706456429,24.812608543624897],[121.65009101814432,24.81295160453168],[121.650540060186,24.812933583813983],[121.65108303074265,24.81237160207229],[121.65144099491299,24.811909555985611],[121.65190799849886,24.8116275280628],[121.65282404310942,24.81136060482871],[121.65350804210486,24.811276533828625],[121.65525405139371,24.811235586984282],[121.65692802004666,24.811243593781221],[121.65773706450963,24.81112454773103],[121.65876203853438,24.810939555999081],[121.65928500300846,24.810953584980659],[121.65984301916201,24.811068595260725],[121.66052600393741,24.810932584472923],[121.66094206362335,24.811325586868048],[121.6610170385034,24.811817524619613],[121.66157605896538,24.812029588066238],[121.66297203139219,24.812614532551489],[121.66329699591054,24.812827538164555],[121.66364001393981,24.813168578720731],[121.66401905323048,24.81333258320549],[121.66432705368531,24.813610577364297],[121.66461701873183,24.814035546318536],[121.6649429934928,24.814379547572244],[121.66541103314742,24.814492591135238],[121.66582704564323,24.81472153153932],[121.66649706207951,24.815390579225074],[121.66716705885615,24.816028559567155],[121.66796703632077,24.816436538771491],[121.66886899353932,24.816827524199248],[121.66903300200096,24.817253601620624],[121.66900000221935,24.817747544047087],[121.6693610272125,24.817926599232806],[121.66971898285711,24.817611608004235],[121.67063402809521,24.817032527733893],[121.67110106303883,24.81671757315759],[121.67262200110605,24.815132544679155],[121.67353702171447,24.814406564593927],[121.67400303179136,24.814173585415105],[121.67454299869176,24.814040589943108],[121.67528403448141,24.814529602615718],[121.67573298742015,24.814479547708252],[121.676110985555,24.814478558158637],[121.67666800784212,24.814211573529416],[121.67692400205399,24.8139485722077],[121.67730299699359,24.813996611809483],[121.67768307066748,24.814405532329225],[121.67793699921255,24.814682570087463],[121.67846003025159,24.814959559717028],[121.67905604323111,24.815318548742837],[121.67963603480058,24.816121583870142],[121.68036199637815,24.817070583009844],[121.6807230044877,24.817380524762232],[121.68133599690155,24.817558593312778],[121.68187504185512,24.81735957495107],[121.68235898362498,24.816962617529889],[121.68279700961614,24.816879534480115],[121.68317499067346,24.816861551333407],[121.68416602752691,24.817103602503273],[121.68494200130958,24.817379588601856],[121.68584199644766,24.817506567777968],[121.68659700052142,24.817173546082618],[121.68693703713802,24.816827519828653],[121.68732903314829,24.816166603867909],[121.6877779848032,24.81596860952375],[121.68844501281045,24.816179519392222],[121.68907799770064,24.816653536023967],[121.68933304347581,24.817094595203255],[121.68907005304226,24.818477613906321],[121.68898198940677,24.81887060085975],[121.68903905810953,24.819379581221593],[121.68927601949491,24.81985558406042],[121.68978303964387,24.820444557376558],[121.69009198089165,24.82108355450222],[121.68991599151209,24.821806604949707],[121.68979505754129,24.822497517312041],[121.68940205723624,24.822960532888853],[121.68864902444189,24.823522546809432],[121.68812798203423,24.823838611266449],[121.68784204447525,24.824216528006957],[121.6877920057408,24.824907579374564],[121.68802901579033,24.825463582132084],[121.68911405521261,24.826298546247347],[121.69035998062732,24.826965558662579],[121.69117705885607,24.827206560728744],[121.69186106242883,24.827187594259161],[121.69231201706486,24.827284550298653],[121.69301606069048,24.827742579813634],[121.69403001145983,24.828771521275669],[121.69432001210646,24.829049534872247],[121.69545600546306,24.829455526241119],[121.69610601474862,24.829714531614027],[121.69641505090698,24.830288599271363],[121.69647199216372,24.830780600377906],[121.69626305088592,24.831997601640946],[121.69648101769664,24.832438555829384],[121.69671901536869,24.833146579106433],[121.69677704169288,24.833834593076116],[121.6967260366231,24.834329530916349],[121.697409978013,24.834423581039655],[121.69792004602469,24.834404590471827],[121.69836998472583,24.834371601985829],[121.69876998681185,24.835010531470623],[121.69897004793606,24.835336541339792],[121.69936702532674,24.835450615823333],[121.70022702735696,24.834739526253649],[121.7007290159177,24.834441557300899],[121.70128699280092,24.834308568842626],[121.70195401285365,24.834354549377913],[121.70254999410226,24.834794537401738],[121.70356202575033,24.835430564094633],[121.70379797629445,24.835741579538862],[121.70457500139268,24.836231545870017],[121.70526205301952,24.836754598171854],[121.70598501266396,24.837308542483083],[121.70670800128255,24.837749540178962],[121.70705200119164,24.838174543943698],[121.70746506532954,24.838944566678006],[121.70793804448105,24.838858532559893],[121.70846204813338,24.839104533549602],[121.7085539930803,24.83953052774957],[121.70862902138278,24.840024592886746],[121.70882905450983,24.840400520740548],[121.70949700642274,24.840659557875579],[121.71004399746772,24.840756545808247],[121.71053101670223,24.840884526913911],[121.71103600378609,24.841128516261264],[121.71134399481146,24.84135756296827],[121.71231599195713,24.841482586243025],[121.71345101702902,24.841576580785095],[121.71390203020533,24.841657591365284],[121.71426298021611,24.841771519618693],[121.71455204297216,24.842000561548407],[121.71500499778614,24.842505554990542],[121.71527804134503,24.842998592759631],[121.71535504108023,24.843885588478035],[121.71544703943761,24.844246574121218],[121.71593401793274,24.844474577018762],[121.71708905401337,24.844764566025312],[121.71770999861711,24.845172577085844],[121.71830598330327,24.845496556268156],[121.71877498822248,24.845609613490474],[121.71947700989537,24.845556568789085],[121.7198730506651,24.845638544281428],[121.71969700633539,24.846327573108468],[121.71975306303946,24.846706524127956],[121.72015299625255,24.84726457437133],[121.72069801514819,24.848114551588225],[121.72061004492575,24.848509545417677],[121.72088202507581,24.848786595106766],[121.72137000077451,24.849129597345762],[121.72169704689944,24.849653589708549],[121.7227079887771,24.850190532636589],[121.72368299983422,24.850596538385506],[121.72453001950811,24.85066060180781],[121.72493304318117,24.850789573205272],[121.72538405615865,24.8510175301505],[121.72616301094887,24.851835563413054],[121.72661604934723,24.852340606688063],[121.7267270494855,24.852800546249785],[121.72707098524005,24.85311054319914],[121.72763103573972,24.85350257508706],[121.72860701513348,24.854123517079056],[121.72916705600338,24.854316536099514],[121.72970898811987,24.854709543935581],[121.73001699144622,24.854985593088639],[121.73064902296707,24.855361534565553],[121.73117203190782,24.855489536139451],[121.73203798162423,24.855616561762858],[121.73294006451474,24.855860533512583],[121.73362405939031,24.855871528897399],[121.73421801199977,24.855753588702232],[121.73475806056521,24.85575156363381],[121.7361509882974,24.855710578170047],[121.73672701928021,24.855692565932351],[121.7375710168766,24.855475585270021],[121.73852397907248,24.855191519861535],[121.73884603085843,24.854778572466216],[121.73954602926446,24.854364561029154],[121.74011998544016,24.853917597268218],[121.7405310106071,24.853454538505748],[121.74119499537778,24.853106608329639],[121.74193004248204,24.852511568116192],[121.74263199526358,24.852442522359301],[121.74339004081568,24.852718563805389],[121.74394802504872,24.852731589975136],[121.74457805375884,24.852712560197478],[121.74535298700769,24.852742546838549],[121.74574901706052,24.85287158398598],[121.74629803449874,24.853198572594184],[121.74685702731946,24.853473609637394],[121.74723699901456,24.853701590219394],[121.7476390386483,24.854652569845776],[121.74805502098775,24.855029530461554],[121.7488109942981,24.855025553523543],[121.74949502450168,24.854921542644195],[121.75024897686258,24.854541528439128],[121.7507350104614,24.854504605046035],[121.75113297621667,24.854897614484607],[121.75226802326731,24.854941556590063],[121.75270002232133,24.854890534338562],[121.75315003234725,24.854887546775171],[121.75358402691714,24.85509753089239],[121.75360400454497,24.855458588204804],[121.75346299105121,24.855920597592405],[121.75396900415254,24.856296531922588],[121.75474398897104,24.856342548964044],[121.75551801557947,24.856419530306955],[121.75629403495277,24.85661252776131],[121.75687099602382,24.856774558816163],[121.75764999574386,24.856623540350967],[121.7582190102125,24.856701547276987],[121.75919004771593,24.856749522486464],[121.75962700140605,24.856893576177495],[121.76097302708197,24.856816564021056],[121.76096599102176,24.857733582101439],[121.76159002380972,24.85805255104065],[121.76187002106815,24.858313591673724],[121.76205202653557,24.859059534460311],[121.76195403424089,24.859517535358709],[121.76144901812778,24.860057584676976],[121.76191605600683,24.860405526848755],[121.76241400553351,24.86092459312648],[121.76285102055868,24.861127585168198],[121.7631700427022,24.860299540443165],[121.76361004984884,24.859900568403464],[121.76417500111347,24.859847559161089],[121.76470300871424,24.860366552400571],[121.76541698493531,24.861172611907119],[121.76587901725119,24.862123597534264],[121.76603201015182,24.862582570488556],[121.76674699980394,24.863244600987937],[121.76724599293775,24.863477593065973],[121.76771504271315,24.863537574508914],[121.76742204737853,24.864970516193726],[121.76757598605985,24.865341539530441],[121.7679810065176,24.865633531466376],[121.7686989824378,24.865810592974714],[121.76919998855348,24.865812528262389],[121.76976497869323,24.86561459760766],[121.77033102128043,24.865245553259172],[121.77080198994275,24.865076543734599],[121.77114797773041,24.864905555494349],[121.77158500374129,24.864936517762168],[121.77224104370775,24.86514151514789],[121.77277302606682,24.86517453149072],[121.77330599517767,24.865119570983733],[121.77390105588333,24.86498160381101],[121.7745580442555,24.865129516366942],[121.77493399804607,24.864987535336031],[121.77552605386246,24.865334608845149],[121.77580304175628,24.865996610455191],[121.77570603256325,24.866396548571299],[121.77526698554219,24.866565596477624],[121.77526399767594,24.86693758931467],[121.77569904576808,24.867341537159827],[121.77650100205345,24.868924560892516],[121.77721699293311,24.86944459913391],[121.77736398273275,24.870734605883708],[121.77770601809827,24.871024551970372],[121.77905005942789,24.871376520487573],[121.78073398485193,24.8722475979745],[121.78202505458633,24.873141562376929],[121.78218104606222,24.873544605128846],[121.78264996568709,24.87377454903508],[121.78311905978488,24.874119523311371],[121.78358897595837,24.874092590185764],[121.78390299014183,24.873833519670825],[121.7844349928872,24.873749554952987],[121.78487404057985,24.873808553964214],[121.78515501755936,24.874095550543455],[121.78509097877235,24.874554558502879],[121.78477703144274,24.874955553732967],[121.78499502579005,24.875671573499922],[121.78474202019609,24.876530552800698],[121.78436400657871,24.877361573387962],[121.78411198751506,24.877705525388329],[121.7832340369512,24.878362562798081],[121.78276300728858,24.878590585694315],[121.78232299556693,24.879105542532677],[121.78232205003307,24.87956357490069],[121.78247802043995,24.879937546841607],[121.78244505372922,24.88062355722953],[121.7821620085755,24.881254527274702],[121.7821910048181,24.881854527391265],[121.78200202029444,24.882370526718216],[121.78222004742597,24.883030564531904],[121.78218703342898,24.883375548476781],[121.78202702751331,24.884866600571922],[121.78212002031803,24.885294527737127],[121.78230500980246,24.887045520437905],[121.78217806046287,24.887445530026699],[121.78198904792214,24.887960531678665],[121.78195604438947,24.888735556410118],[121.78176702911887,24.889250558666067],[121.78192202239042,24.889737575739474],[121.78286098276709,24.890197554680295],[121.78329896716487,24.890315599253146],[121.78452104109797,24.890202558692565],[121.78549200059534,24.890405560270072],[121.78583500745212,24.890721574880228],[121.7857720237763,24.891153574956853],[121.78555103617568,24.891580541349207],[121.78555004965591,24.891953518740525],[121.78583103071242,24.892441584168175],[121.78633201627648,24.892757585146637],[121.78680103010548,24.892858580587163],[121.78839905502183,24.892861610833975],[121.78886799009639,24.893080597340624],[121.78993297253578,24.893426558066277],[121.7907440253514,24.894690528046226],[121.79001102680114,24.896518596684178],[121.78991299778434,24.897123591105128],[121.79001800301221,24.897588565867387],[121.79037903957806,24.898168566408479],[121.79192300879596,24.899679570257142],[121.79236101197382,24.89999758679128],[121.79345799876351,24.899797545769157],[121.79417899557421,24.89974459933417],[121.795024992726,24.899773578184018],[121.7954940499383,24.900003578026855],[121.79627500961111,24.900951583852443],[121.79702605347217,24.90158456093247],[121.79752805447198,24.901299548463342],[121.79781005283148,24.901070598138393],[121.79859400597485,24.901072546330205],[121.79890704704638,24.900871602171748],[121.79943901003281,24.901132580299453],[121.80238498665867,24.901053553947602],[121.80322904208309,24.90171253555296],[121.804420006306,24.901688524864323],[121.8045150305025,24.901259586919757],[121.80492202453725,24.901259560982332],[121.80545402520265,24.901662539011991],[121.80589205604977,24.901863590542217],[121.80617298055786,24.902150543671702],[121.80639203421848,24.90255356952218],[121.80717499778504,24.902612545952103],[121.80764399914926,24.903043565185563],[121.80858402692613,24.90287352300502],[121.80942900513146,24.903304579049529],[121.81014998125677,24.903422546663947],[121.81055698564127,24.903596585874993],[121.81059703944325,24.905115540933142],[121.81102198272605,24.90566155658918],[121.81111502593754,24.906119528520314],[121.81149003378547,24.906406590460989],[121.8118979810917,24.90643552135224],[121.81252500497885,24.906294600387316],[121.81309002144171,24.905636575879001],[121.8145649769199,24.904838599770848],[121.81550601047367,24.904524581065914],[121.81632201384426,24.903894507603059],[121.81698102428032,24.903294562633722],[121.81807900107052,24.902724606685958],[121.81945900242921,24.902728585576696],[121.8202410131403,24.903188541244585],[121.82070999166841,24.903619531169827],[121.82149403577097,24.903879572244104],[121.8221510492335,24.904311590120187],[121.82271405904186,24.904540530930873],[121.82346600305056,24.904600576528612],[121.82393597202383,24.904859537501729],[121.82459399207264,24.904889575527005],[121.82540798860742,24.905178525156039],[121.82628501600544,24.905151535969573],[121.82710200460811,24.904494586312502],[121.82803997314259,24.905328521891111],[121.82894899981547,24.905359593618044],[121.82998400273493,24.905074575262386],[121.831113035524,24.904905596649034],[121.83173903539861,24.904847561065964],[121.8323339813052,24.905138590256023],[121.83292800938172,24.905739568111432],[121.83324002124299,24.906341577398901],[121.83361600743655,24.906657559363921],[121.83402304186514,24.906745571798407],[121.8346809722693,24.906832544975821],[121.83536903461793,24.907465576048224],[121.83621402500044,24.907925548127995],[121.83718300444512,24.909362547299406],[121.83799605491561,24.909879567199127],[121.83840201216469,24.910712538255225],[121.83896404465074,24.911659562002185],[121.83949598877348,24.912260583959874],[121.84189904703153,24.914409602521705],[121.8425299653376,24.915250586758589],[121.8430320131591,24.915279531057028],[121.84368999227284,24.915510552035759],[121.84481501298671,24.916745545125831],[121.84553299085081,24.918180565564452],[121.84562504526464,24.91892553661814],[121.84587503509961,24.919327517834528],[121.84625103510048,24.919671551456336],[121.84693903444708,24.920132539085735],[121.84728301265275,24.920448565130403],[121.84853604973867,24.921082570060456],[121.84919298944403,24.921656573352518],[121.84978798190097,24.922029593375573],[121.85032003003026,24.922288580994302],[121.85122696977811,24.923294526186332],[121.85229201679473,24.923670538806228],[121.85382600524737,24.925049555523717],[121.85417000256666,24.925566557422492],[121.85426304504222,24.925938549205494],[121.85419902351647,24.926482531697726],[121.85400897896702,24.927285549163283],[121.85410196913695,24.927828544388241],[121.85328602641941,24.928115542382283],[121.85284698368005,24.928314520121319],[121.85231298607162,24.928858567361402],[121.85203002824977,24.929201571113506],[121.85093304541792,24.929426600428048],[121.84939399678986,24.930398561306795],[121.84948699028237,24.930942554410287],[121.84948700814455,24.931316517391934],[121.84939100015146,24.931773545501287],[121.84876205160859,24.93300458977788],[121.8483529817608,24.933433522995252],[121.84803796558562,24.934121581791011],[121.84803704102971,24.934665568298673],[121.84816103542656,24.93532557812631],[121.84790898569369,24.935954508945112],[121.84724802062688,24.937215517249253],[121.84709002148479,24.93781655677887],[121.84586597740561,24.938414519274044],[121.84458000005809,24.938698539231019],[121.84363899686208,24.939128595012665],[121.84310602865908,24.939212590900045],[121.84260300298065,24.939497585272679],[121.84241398972195,24.939841554079539],[121.84228803365404,24.940270598329491],[121.84197296999118,24.940814543820306],[121.84162800631482,24.941127535373791],[121.84059302318225,24.941469517640918],[121.8401210334119,24.941984556324748],[121.83983602755998,24.943446549619633],[121.83926902991917,24.944562539941671],[121.83961198095128,24.945623548748046],[121.83951802329497,24.945967533474157],[121.83951701214949,24.946481541667747],[121.83973501070051,24.946941586792555],[121.84014200590751,24.947315513005158],[121.84058001773623,24.947687559490536],[121.84095501910696,24.948089559802423],[121.84114297713938,24.948406591942959],[121.8415170006916,24.949323595947202],[121.84151500163436,24.950183586679675],[121.84210904833964,24.951073529819581],[121.84169905229056,24.951990535596458],[121.84150901709258,24.952618562593546],[121.84150899626768,24.952963555895543],[121.84169600128682,24.953393516667415],[121.84160004699341,24.954139561604517],[121.84206899268804,24.954682518461187],[121.84269604513932,24.954828584604851],[121.84310302668086,24.955087557901408],[121.84366301195426,24.956836580491167],[121.84425805221132,24.957469556667569],[121.84469598683522,24.957642590247389],[121.84519800731911,24.957585562801285],[121.845573004792,24.957931592164584],[121.8457270097045,24.959191558579867],[121.84632301335223,24.959737575517643],[121.84676100064236,24.960082600842401],[121.84738697306815,24.960399553179414],[121.84920601856578,24.960203560578432],[121.85005098047004,24.960979541579434],[121.85042703833702,24.961180543220472],[121.85080298732998,24.961210530282173],[121.851933982875,24.960238540430701],[121.85259305173111,24.959925543742859],[121.85365901946567,24.960127542228346],[121.85406601813499,24.960042514266028],[121.85428401068803,24.961103569147081],[121.85456498179657,24.961503550625462],[121.85547399318098,24.961850537688026],[121.85581802796311,24.962108588003161],[121.85666400186993,24.962397512041612],[121.85700797977655,24.962600586109218],[121.85769802178383,24.962772570951032],[121.85844899102479,24.963203522239557],[121.86045497961332,24.96366856389913],[121.86131398155253,24.963693575463413],[121.86265100387315,24.963272591072048],[121.86368800400976,24.962241556222679],[121.86406500318597,24.962072517224101],[121.86553801493132,24.962246529744768],[121.86723197856227,24.96184952178362],[121.86942802268852,24.961452554365156],[121.87058899478632,24.960882561905979],[121.87146799232924,24.960769528323233],[121.87193799417992,24.960884507262605],[121.87265796984664,24.961374514339081],[121.87378601776213,24.961604544253337],[121.8743819982467,24.96166452025976],[121.87522898372229,24.961666594561642],[121.87576202021678,24.961523510043804],[121.87620099979745,24.961525531127066],[121.87688999115156,24.96204252459259],[121.87770403834745,24.962559572132676],[121.87833101024901,24.962704578608339],[121.87936597736736,24.962707588606023],[121.8801500135593,24.963023568665793],[121.88074604460175,24.963283589548396],[121.88140397452692,24.963485556200105],[121.88184303628459,24.963715527434807],[121.88215598225314,24.963945524996124],[121.88340998243469,24.964319554056001],[121.8837800328661,24.964412524960579],[121.88468901535067,24.964389508794113],[121.88566199672415,24.964279541385306],[121.88606898622085,24.964225563739941],[121.88754599833328,24.963802527749053],[121.88833201670079,24.96326353769426],[121.88864497311366,24.963493522232202],[121.88867302245787,24.964066576410683],[121.88939096966986,24.964728509671342],[121.89023699040665,24.964876583213936],[121.8905810378121,24.96502151432632],[121.89142701649843,24.965084529352456],[121.89214699806746,24.965346561189229],[121.892897005725,24.965750516465736],[121.8934929888178,24.965839573890506],[121.89452500663631,24.966246532610473],[121.89502496583475,24.966534514780761],[121.89574403045215,24.966994522793861],[121.8969050239476,24.966945563156003],[121.89743599724397,24.967262507875194],[121.89943099683254,24.969448575092848],[121.8994579944744,24.970364527461584],[121.89980000355141,24.971024529553368],[121.90089101702866,24.972376560736251],[121.90213999926253,24.97344356337241],[121.90298098176581,24.974390534535321],[121.90345103971129,24.974536561698105],[121.90388897571982,24.974624554727054],[121.90429703611788,24.974626578550705],[121.90458103930773,24.97428556467451],[121.90546297023957,24.973459507968045],[121.90649399391599,24.974294523083941],[121.90664600291882,24.975239512349845],[121.90695803058951,24.975558574491014],[121.90752101162418,24.975673515152529],[121.90849302399525,24.975735562664934],[121.9090590254193,24.975451589355028],[121.90946902863719,24.975083514655719],[121.91025399880513,24.9747725594477],[121.91066098696666,24.974916528028452],[121.91100098929668,24.975891511829154],[121.9109959640377,24.976751508688029],[121.91174600224728,24.97724159038728],[121.91240098089611,24.977932597379791],[121.91268199534359,24.978163544637564],[121.914309998622,24.978685594234861],[121.91493399815049,24.97926157414642],[121.91621800935783,24.979439568856836],[121.91662600159617,24.97944157157044],[121.91750701794682,24.978761529895376],[121.91813401127685,24.978935535599273],[121.91851001908358,24.978964542614346],[121.9191700076187,24.978653580446181],[121.92073199375784,24.979750559581358],[121.92117100168292,24.979636521436394],[121.92170799999676,24.978895563882904],[121.92217998336136,24.978669556316937],[121.92315099841335,24.978703527830707],[121.92424602624202,24.979281500875047],[121.92474799079203,24.979427539614875],[121.92581301747744,24.979489537945749],[121.92687800756778,24.979808562977649],[121.92693899695145,24.980153535591079],[121.92734699125619,24.980098529979642],[121.92797399277447,24.979957573488999],[121.92835203262689,24.979788543234303],[121.92875897326303,24.979790519207107],[121.92894504077802,24.980134520753193],[121.92919502554044,24.98039452256771],[121.92953896992684,24.980624577465221],[121.93007101516895,24.980684550051148],[121.93066504513523,24.981001520932256],[121.93245201093274,24.981051552637044],[121.9328289717118,24.981042519066765],[121.93361304544224,24.980874536694962],[121.93405000254465,24.981248562278481],[121.93454397465652,24.982767574290655],[121.93491803365502,24.983283555955339],[121.93598399488727,24.983290576831003],[121.93749004418548,24.982983518132162],[121.93780299145328,24.983184590279336],[121.93798702011478,24.983901564080472],[121.93864098107322,24.984704584776438],[121.93964598219192,24.9843665363619],[121.94033602082797,24.984313510896524],[121.9408669838658,24.984659554314511],[121.94098996434727,24.985146587396091],[121.9413330374725,24.985577519146609],[121.94220902387852,24.98586955435967],[121.94248997112656,24.9861565892387],[121.9429600183217,24.98630050961285],[121.94352103710283,24.986791535508676],[121.94386300943162,24.987335592918953],[121.94404901285056,24.987823571926313],[121.94464299425609,24.988083519424503],[121.9451760107013,24.988084561874203],[121.94602497833459,24.987661502294287],[121.94656098761673,24.987005515528608],[121.94753496972515,24.986724577249305],[121.94831796835449,24.986755531959783],[121.94988296509406,24.987623569788969],[121.9502569742519,24.987910537902376],[121.95060002358119,24.988311570538507],[121.95157302345955,24.988145539666302],[121.95201201240468,24.988063557975625],[121.95241898991483,24.988237550458919],[121.95288900297653,24.988182532528366],[121.9532979791978,24.987926575411649],[121.95389198724452,24.988273516693592],[121.95552203186587,24.988310552529477],[121.95627702631434,24.987941586651676],[121.95690304095632,24.987944510818835],[121.95806598623236,24.987348555933963],[121.95850596995405,24.987322529757314],[121.95881697621425,24.987781510445163],[121.95925497150401,24.987898583751889],[121.95969200173768,24.988215552385896],[121.96028700963635,24.988446550759235],[121.96060099989512,24.988248517384395],[121.96125898156916,24.988308549129261],[121.96173100890064,24.988052527521866],[121.96235897076279,24.987969557592347],[121.96295499055599,24.987857534284394],[121.96348995466326,24.987375570417981],[121.96371099187087,24.98703358208255],[121.96383899194056,24.986633515045146],[121.96403101308211,24.985860517632005],[121.96488199118343,24.985035578812404],[121.96627101027485,24.983153526000297],[121.96674499070468,24.982556552818846],[121.96724496568021,24.982700567397846],[121.96749399276435,24.983131581456661],[121.96752297156173,24.983503541964822],[121.96748701204456,24.984504589126264],[121.96782996278078,24.984763552857252],[121.96801597954835,24.985137569265731],[121.96826601636175,24.985394512854999],[121.96848398586442,24.985768585194066],[121.96882902950789,24.985626579892607],[121.96923601307969,24.985799530274722],[121.96992799002165,24.985174580829337],[121.97055501223763,24.98523550477066],[121.97071399299028,24.984778529022901],[121.97106003562301,24.984607531860036],[121.97146700544701,24.984810554283129],[121.97206398200612,24.984499581806499],[121.97240603713826,24.984986516264485],[121.97227899366904,24.985328533905122],[121.97331001334545,24.985992503691335],[121.97365396235121,24.986251548138068],[121.97387096484842,24.986595553080118],[121.97393001597662,24.98733956425221],[121.97433797003947,24.987228549467655],[121.97449301396819,24.987600590581188],[121.97481797414129,24.987812527031299],[121.97499498266495,24.98748851683067],[121.97543500746741,24.98728952667776],[121.9755899645403,24.987690548277964],[121.97574503454673,24.988063583528422],[121.97530496335877,24.98820449980477],[121.97536500661977,24.988720540757807],[121.97573996221945,24.988921578781309],[121.97621103311835,24.988868561257405],[121.97627197399216,24.989238505728917],[121.97608197279732,24.989553584969343],[121.97639295630512,24.989869527311807],[121.97641999671775,24.990871597895282],[121.9770429858532,24.991503561013101],[121.97754398608103,24.991762534788769],[121.97823199781635,24.991938581743444],[121.97889096560699,24.99202552877599],[121.97948900065097,24.991486570481786],[121.97992898527163,24.991344544543075],[121.98011801893087,24.991002566745117],[121.98046198370486,24.991146554789164],[121.98096397793408,24.991179541202587],[121.98133999609293,24.991409551379874],[121.98196702689378,24.991355574316348],[121.9825010211149,24.991241535853014],[121.9830630180643,24.991504527741316],[121.98378297758917,24.991905500651402],[121.98374897598173,24.992334585532106],[121.98432600745413,24.992689548397653],[121.98496602115678,24.993371557406483],[121.9850569947784,24.994000511327236],[121.98546400048851,24.994088554326684],[121.98571000531894,24.994948592803343],[121.98614600630439,24.995494534335069],[121.98645798505623,24.99586751348793],[121.98676998613018,24.996097555431284],[121.98777296750772,24.996217579755399],[121.98795799205428,24.996703513013166],[121.98852101942303,24.996907518562065],[121.98908297425965,24.997395560867435],[121.98955296304214,24.997399573326042],[121.99017901582127,24.997686577330001],[121.990648953725,24.99777553552217],[121.99152903252077,24.998113557073456],[121.99164897885949,24.998685511477458],[121.99216101490582,24.99902753299915],[121.99253098877975,24.999090517021777],[121.99289999868921,24.999112520767429],[121.99352498611694,24.999643557867401],[121.99399895522616,24.999845513463633],[121.99442502616442,24.999931588419411],[121.99531998071723,25.000015532938203],[121.99563402256118,25.0002345328156],[121.99587603336469,25.000334572322846],[121.995859998123,25.001325546996203],[121.9959250043588,25.001676587465624],[121.99630199227522,25.001988512206093],[121.9966030080454,25.002130592526356],[121.99701301836787,25.002190584970489],[121.99761999738423,25.002408523776314],[121.99815498766765,25.002415591501173],[121.99850401076309,25.0023605211017],[121.99930703255137,25.002407591431822],[121.99977999344395,25.002381573537061],[122.00065496897494,25.002750547083089],[122.00123403327169,25.002859584082611],[122.00188499619642,25.002636534188905],[122.00233498777793,25.002578516903188],[122.0027789941655,25.002630509629373],[122.00321900479986,25.002730563211756],[122.00381202332797,25.002819557899532],[122.00412201538977,25.002566564665454],[122.00448501320687,25.002814560363053],[122.00489700138442,25.002965520876504],[122.00484999041521,25.003363534197099],[122.0050460346441,25.003668548989971],[122.00509898067192,25.00414958783858],[122.00516696878005,25.004773523829613],[122.0053440028728,25.005090572014101],[122.00539600886258,25.005435566588506],[122.00543100161292,25.006694498604968],[122.00559598662845,25.007057595683957],[122.0056430234164,25.00757559997373],[122.00533796930982,25.008485544670389],[122.00522596649969,25.009000562629975],[122.00526296889022,25.009751551657708],[122.00608597852867,25.00972153221511],[122.00589503077428,25.010704557717915],[122.00544103604406,25.011037525209247],[122.0056059973283,25.011376497080619],[122.00533501829699,25.011694518292618],[122.00545000805494,25.012120592947142],[122.00534197898693,25.012520556851292],[122.00497000784915,25.012872553521394],[122.00494899809952,25.01333151750066],[122.0053139603245,25.013816575171163],[122.00558302329635,25.014173545173236],[122.00589299036761,25.014466588870071],[122.00607297057344,25.015022509255392],[122.00576201220137,25.015180538105973],[122.00550303567086,25.015399505861222],[122.00522800920903,25.01580457184404],[122.00471604319767,25.015652560431775],[122.00422996301346,25.015218512297725],[122.00380002380022,25.014934585801306],[122.0032159679705,25.014649529540652],[122.00315096083791,25.014252550025514],[122.0026010017351,25.014090585453403],[122.00223000082929,25.014350569994047],[122.00197201386219,25.014782503884426],[122.00162004228027,25.015595537816168],[122.00105698086008,25.016197543460255],[122.00006899997953,25.016720533912039],[121.99987504580119,25.017168553876445],[121.99982398283537,25.018119582177665],[121.99960203608626,25.018664580774011],[121.99940400445568,25.019033555018083],[121.99946697664852,25.019595592763547],[121.99824801385982,25.019784527244575],[121.99805502556067,25.020536531347084],[121.99779804087999,25.020407528696733],[121.99767897120992,25.019659510667488],[121.99722101336715,25.019145534674667],[121.99661103637952,25.018614517725439],[121.99655797823668,25.018217530796477],[121.99626096822108,25.017777585716576],[121.99626998768545,25.017425507778714],[121.99599397455722,25.017115519066159],[121.99570200063188,25.01645858783024],[121.99471502480539,25.015314531462614],[121.99366496125592,25.014492564185893],[121.99310502449249,25.014002536756994],[121.99279000567745,25.013607575371097],[121.99241297784619,25.013099550666002],[121.99161296756046,25.01274158286169],[121.99092202674414,25.012565532589587],[121.99023097525479,25.013003572428762],[121.9901730320438,25.013328534636155],[121.98997602563058,25.013698574424208],[121.9897800165473,25.01400656045244],[121.98978200838846,25.014358565295137],[121.98998499664388,25.014765566244709],[121.99004996827027,25.015123558494771],[121.98978603586366,25.015613573070002],[121.98978995858594,25.016073542813533],[121.98985103220581,25.016718580185035],[121.98986900713167,25.017370576634892],[121.98966895425859,25.018155572210805],[121.98963800111,25.018900522638933],[121.98967796871229,25.019319531058176],[121.98998298413198,25.02002659311443],[121.98996296351369,25.020536560958067],[121.9897169678603,25.020953588744707],[121.98940402291893,25.020652585748298],[121.98899199673606,25.020714562164343],[121.98867797439031,25.021085542978401],[121.98830697957668,25.021302527372629],[121.98773201022188,25.021204512375835],[121.98726604935851,25.021367594621633],[121.98701102031706,25.022127577402777],[121.98628398570695,25.022224578973088],[121.98584899297532,25.022340587005736],[121.98535303564778,25.022689575884812],[121.98497798189996,25.022522502613477],[121.98463797359223,25.022752539547689],[121.98434002577356,25.022968576328619],[121.98385502068525,25.023084557713464],[121.98407002723425,25.023492558421371],[121.98366297572021,25.023966535600664],[121.98331098689424,25.024354555097482],[121.98290097833036,25.024447550779868],[121.982464040355,25.024348515335298],[121.98218898367102,25.024043550778472],[121.98182101747014,25.024170568355764],[121.98127500104189,25.024435542462587],[121.98105404304134,25.024766546119821],[121.98064296542934,25.024746495857837],[121.98039096251553,25.02445257532364],[121.98005597988536,25.024637521680472],[121.97961399632948,25.024582561673064],[121.97898096356879,25.024953556586308],[121.97903498193993,25.025488573972101],[121.97855700407398,25.025595550355778],[121.97774002652235,25.024855550151624],[121.9771480020175,25.02541053072942],[121.97699597722647,25.025820525582276],[121.97698601646788,25.026172509280041],[121.9765630326761,25.026299522723974],[121.97633701572565,25.025984551994533],[121.97589997084818,25.025861574183619],[121.97554598910035,25.026034541181293],[121.97518404030919,25.025910514070251],[121.97462096201987,25.025756578850086],[121.97415398728857,25.025839532597093],[121.97370404635731,25.025718524041849],[121.97330100297046,25.025878527678067],[121.97292704290389,25.025847568738708],[121.97254101483725,25.025883589791306],[121.97212797668469,25.025676566393152],[121.97183302712709,25.025396544260332],[121.9715280172782,25.025705585510597],[121.97118103720015,25.025416507188567],[121.97059002635106,25.025034587539917],[121.9698450071713,25.024585595665517],[121.96921797272205,25.024474569303365],[121.96883302208252,25.024231499629295],[121.96832802494649,25.024049530159875],[121.96780303949291,25.023842592566769],[121.96691903203272,25.023591579260678],[121.96582702995804,25.022690500380833],[121.96418701927097,25.022376581909196],[121.96408802168848,25.022749560800669],[121.96280501120455,25.022094558553231],[121.962268033051,25.022097581383697],[121.96174502257853,25.022182586630837],[121.96147499402453,25.021938576823565],[121.96050497220516,25.022131557758428],[121.96009701154287,25.022181599456754],[121.95968700550193,25.02206650709978],[121.95917502514742,25.021941516600737],[121.95877797924662,25.02186254572241],[121.95824197315993,25.021958544009646],[121.95730702466402,25.021720525365271],[121.95677298461885,25.022050533901101],[121.95646998580048,25.022485582789596],[121.9559990184477,25.022696534712328],[121.95560401701906,25.022849565425968],[121.95514297204069,25.022749519733651],[121.95456599328344,25.022450503428626],[121.95409401641831,25.022615500245255],[121.9536129655786,25.022548531408908],[121.9531609681613,25.022551518759993],[121.95271296994896,25.022509519207681],[121.95242897982583,25.022136567542177],[121.95189200758203,25.022140549491876],[121.95106798002021,25.022073510353628],[121.95045098591795,25.021916561114239],[121.95023803956063,25.021441591728724],[121.95019603057173,25.020941592923847],[121.95019600750008,25.020654571905695],[121.95018096394294,25.020291549105472],[121.94998397875443,25.020073509722032],[121.94942996924686,25.019986574710572],[121.94825903752569,25.019917585604794],[121.9477350230067,25.019895553345002],[121.94724097145493,25.019941592930302],[121.94687496352329,25.020242586965619],[121.94645196331055,25.020486510537211],[121.9463940221995,25.020944532514008],[121.94554203930832,25.021568591964648],[121.94504301189183,25.02207753075314],[121.94471900723994,25.022444524863417],[121.94420598017312,25.022895589352895],[121.94359503796484,25.023368585974019],[121.94303004024401,25.02368355820979],[121.94249196702904,25.02412250379157],[121.94152403414421,25.024851546222592],[121.94058604449522,25.025949565397717],[121.94018097358402,25.026394522147591],[121.93949102918158,25.026672539088427],[121.9391169661466,25.026940523761798],[121.93870500073785,25.027435523875305],[121.93830096537762,25.02793257895906],[121.93802000053843,25.02829954004466],[121.9373940507945,25.028738569166997],[121.93710804789616,25.029153520218546],[121.93680402966763,25.029478565915067],[121.93655000796744,25.030166502050726],[121.93639901972273,25.030257562097763],[121.93624596307458,25.029937566573285],[121.93579499165836,25.030227505110147],[121.93544899683729,25.031008573687156],[121.93487397641032,25.031573573966501],[121.93426997482635,25.03233558054718],[121.93372604125574,25.032797560722294],[121.93327597035046,25.03318851553982],[121.93263496271587,25.034162555632687],[121.9324679804356,25.034409537948644],[121.93233500933077,25.035015554247526],[121.93197301803009,25.03552350239644],[121.93180096515201,25.03607450016721],[121.93145401387339,25.036787578275302],[121.93050800005574,25.038179557492633],[121.92960298809091,25.039928516862009],[121.92955196916712,25.041510527820275],[121.92917603374967,25.041766581975629],[121.92907797352892,25.042136544493225],[121.92923496136542,25.04277451741283],[121.92967497066795,25.043275537844007],[121.93002001217643,25.043410514150473],[121.93054703318023,25.043678522008506],[121.93067996521495,25.0443525734205],[121.93063596792253,25.044988537249171],[121.93033299936617,25.045773562062124],[121.93001396645846,25.045978513660465],[121.9295850327116,25.045798560926706],[121.92937403283803,25.046280550821269],[121.92933498457613,25.047781494886852],[121.92882202633153,25.049802570753812],[121.92903801214275,25.050381556388231],[121.92900503519165,25.051103497574818],[121.92936696964979,25.05156656671895],[121.92989297362186,25.051924588717007],[121.93032799725179,25.05192149888116],[121.93062600105114,25.052048558033903],[121.93061500234715,25.052335547768966],[121.93021298508376,25.052430520001071],[121.929939029957,25.052729535350707],[121.93010399928887,25.052958557730033],[121.93074399386775,25.052724493107629],[121.93074902429282,25.053390580042141],[121.93104202920527,25.053925582922901],[121.93122403708591,25.054635519108832],[121.93167700196855,25.05468052602146],[121.9316409650326,25.054953496800621],[121.93137698465705,25.055013568884331],[121.93124097387494,25.05522054142051],[121.93155700925179,25.055482551894517],[121.93158498279962,25.055906533792029],[121.93099400485433,25.055932536889831],[121.93090904113855,25.056253573524565],[121.93063102201982,25.056198527323104],[121.93067904181771,25.055900561141598],[121.93034100297956,25.056006507691126],[121.93036303364954,25.056683497890869],[121.9301839834896,25.057014519405524],[121.92930103283588,25.056687523913929],[121.92896304229529,25.056886564572999],[121.92852303012421,25.056911525048893],[121.92749897094704,25.057994554412414],[121.92726797469119,25.057366540279368],[121.92599601839729,25.057281581718897],[121.92600101646248,25.057935562342998],[121.92691999274467,25.057997539314805],[121.9269749767838,25.058559573582926],[121.92642304671087,25.058768506574349],[121.92650099362702,25.059101527719619],[121.92692896634908,25.059223545374856],[121.92759700476843,25.059255580667664],[121.92765702172903,25.058887559807232],[121.92810998651809,25.058943498781694],[121.92822803973084,25.059400514344148],[121.92878498843297,25.059888532900036],[121.92935104413893,25.059817559143479],[121.93001898369296,25.060019572681391],[121.93055996645629,25.060038580799642],[121.93103901355077,25.06009353928448],[121.93105300297108,25.060321502575945],[121.93080597212831,25.060896551028605],[121.93100799915226,25.060976526909684],[121.93137203087861,25.060847575908369],[121.9316250246053,25.060995508328922],[121.9316389735568,25.061155572042516],[121.93136502417374,25.061660546058484],[121.93153198971594,25.062131502556792],[121.93202196086435,25.062926535099926],[121.93219796954243,25.063627578253598],[121.93193397105445,25.06373350624462],[121.93155700683906,25.063676547399844],[121.9312350049222,25.063699527461136],[121.93085399237053,25.06401754098815],[121.9301650061837,25.064148527028461],[121.92970596640075,25.064385518666985],[121.92909702424863,25.065005506880876],[121.92863702474527,25.065299555350336],[121.92817301038637,25.065485548036865],[121.92768401704268,25.065763518090094],[121.92708196935827,25.066008520751755],[121.92644896990817,25.066455508577441],[121.92589098360602,25.067016573729429],[121.92473602282081,25.068786571162896],[121.92470400990997,25.0695315200349],[121.9242160088548,25.069889555271246],[121.92408101734807,25.070291537074262],[121.92353000891431,25.070708554680916],[121.92362002527531,25.070924493087997],[121.92477796568208,25.070964513276145],[121.92475502494989,25.071239569981074],[121.92425201285309,25.071310501343554],[121.92420203833278,25.071448591678589],[121.9245079742976,25.071927531154596],[121.92420700209203,25.072067549231718],[121.92371600198126,25.072036555380386],[121.92304802508612,25.071868540955517],[121.92270698145026,25.071733525715189],[121.92237997580503,25.071690497039775],[121.92212901541792,25.071793552875025],[121.92253498913804,25.072215539615033],[121.922335985487,25.072618535190394],[121.92291599027638,25.072752519746466],[121.92337104213807,25.073002585372965],[121.92337199719414,25.073207525291984],[121.92312102474382,25.073220550375538],[121.92260397731573,25.073108560972081],[121.92216199302456,25.072824563029364],[121.92150700209041,25.072841544601506],[121.92114096887614,25.072729507977328],[121.92071396950446,25.072765564466916],[121.920679043665,25.073133514405885],[121.92032797179917,25.073296574970104],[121.92030699457582,25.073937536815922],[121.91951995557771,25.0747095615076],[121.91926304543665,25.075207446474369],[121.91935003843672,25.075536441809962],[121.91931601941211,25.076039454041666],[121.9181580343196,25.075990463415849],[121.91771504535203,25.075614459757993],[121.91728401210946,25.075285420639517],[121.91670501834174,25.075243496186562],[121.91619001887646,25.075418480144091],[121.91569198777569,25.076050481023337],[121.91581403346002,25.077334456958159],[121.91533296489287,25.078632470134078],[121.91566100262942,25.078711423659005],[121.91574004276467,25.07918041876302],[121.9154010329521,25.079309442856871],[121.91553097155007,25.079904438361609],[121.91608402008424,25.079819404826882],[121.91619597101975,25.079591470663289],[121.91791595570362,25.079052415388503],[121.91808402991131,25.079441481881307],[121.91660199176714,25.079931411551794],[121.91685903140255,25.080697411979859],[121.91670404546286,25.081788467275697],[121.91641996500287,25.082464460683209],[121.91625800696673,25.082718431333646],[121.91591798407936,25.082766486895128],[121.91572798953148,25.082550441534458],[121.91571299518664,25.082193456985987],[121.91552202593834,25.081978401334066],[121.91514503592778,25.081969452155949],[121.91479299085761,25.082039421380646],[121.91459300332545,25.082248488820088],[121.91481197925845,25.082887441725077],[121.9146750248164,25.08310748274334],[121.91460204669966,25.083519452941839],[121.91480503242717,25.083713475498413],[121.91485897975157,25.08420645996453],[121.91458596707399,25.084702456607932],[121.91404997129955,25.085380440486144],[121.91401402814539,25.08573747352008],[121.9141050109972,25.085998472399211],[121.91438500239931,25.086409427520366],[121.91464097601457,25.087119468804829],[121.91465803326261,25.087588479493558],[121.91453396915189,25.087991457006385],[121.91385704607158,25.088236415710703],[121.91419900159342,25.088634453662625],[121.91451899011543,25.089309431978684],[121.91482401938011,25.089754458542647],[121.91489397951915,25.09068340512837],[121.91549998616136,25.090930481376002],[121.91604503241639,25.091421416561907],[121.91606199046325,25.092084452328752],[121.91619004722141,25.092314424076854],[121.91646699009702,25.092599456594272],[121.91652401054088,25.093239480843852],[121.91676396827231,25.093387429858183],[121.91725401796538,25.093257455607045],[121.91744400213788,25.0933264246523],[121.91743399460202,25.093739455988846],[121.91796201600847,25.093666487166363],[121.91797597748926,25.093837485849608],[121.91777602689463,25.093999428253756],[121.91736101531833,25.09413940857171],[121.91717397842977,25.094289454203786],[121.91732597405597,25.09447340795878],[121.91881100103917,25.094416459155017],[121.91892503384743,25.094553429706817],[121.9183759924417,25.095085445216164],[121.91845199588572,25.095222475514856],[121.91872903376365,25.095255428353465],[121.91904296881135,25.095125466271057],[121.91925702361596,25.095101478166828],[121.91932201330692,25.095306474916988],[121.91919797407085,25.095537463340516],[121.91959101119296,25.095914488158314],[121.91944198731758,25.096258490054932],[121.91923096810751,25.096581473567891],[121.91860202929757,25.096643432957269],[121.91822500323421,25.096691457389102],[121.91842997529508,25.097125429397675],[121.91805203697439,25.097127416021891],[121.91796496408534,25.097381467456234],[121.9186259749553,25.098121415877362],[121.91832504246773,25.098272421091242],[121.91798300220582,25.098022463898481],[121.91760598337831,25.098116442280553],[121.91751896725511,25.098300437767666],[121.91752098042133,25.098516469140094],[121.91733399870797,25.09879344699219],[121.91813102143639,25.099294455437864],[121.91866703729838,25.098625474664686],[121.91893299543229,25.098794470686009],[121.91861098628591,25.099552411292919],[121.91935501940921,25.09974443683252],[121.91937104802258,25.100191420498096],[121.91974996615218,25.100430413633937],[121.91989200994786,25.100865416131413],[121.9200109802688,25.101598415213594],[121.92049897594735,25.101656413247365],[121.91992698283181,25.102239413614129],[121.91991702451207,25.102537403917822],[121.92024496244164,25.102627457252158],[121.9205620211155,25.102901487550145],[121.92096603589729,25.103059419677173],[121.92113902757357,25.103468413425471],[121.92173001342306,25.103815486271657],[121.92242103213447,25.103902470558282],[121.9229310041088,25.103829418558323],[121.92412000093567,25.1032554782437],[121.92452598479771,25.103665463128969],[121.92340101330315,25.104659454864827],[121.92380804988518,25.105229408630432],[121.92353503566196,25.105779484506829],[121.92305197661921,25.10626145594069],[121.92314602991084,25.106762483405682],[121.92357100885081,25.107260454327168],[121.92405803566072,25.106751468798226],[121.92423500377723,25.106773482644293],[121.92433604186334,25.106887426246324],[121.92367602910714,25.107751488191351],[121.92372703326255,25.107855453398937],[121.92383996972472,25.107888421489282],[121.92420198146797,25.107484396103025],[121.92464201672161,25.107425418864523],[121.92479397778376,25.107514478066896],[121.92386801937749,25.108301480318588],[121.92339298101268,25.108740410380697],[121.92280703051001,25.109385441793741],[121.92299900672127,25.109889467044816],[121.92325501155347,25.110276451776464],[121.92316800909235,25.110506417297053],[121.92316999894956,25.110793411483652],[121.92342299789821,25.110940434908841],[121.92338897964252,25.111399469957906],[121.92335704562004,25.112132407747541],[121.9229459948541,25.112731480210577],[121.92249397609717,25.11291647532763],[121.92205897233019,25.113580426986701],[121.92175697548866,25.11376945648092],[121.9212669901794,25.11384248219473],[121.92032904129093,25.112952415326959],[121.91880199445487,25.112515435091453],[121.91791702258594,25.111936422094185],[121.91729003862926,25.11222641456499],[121.91720397652217,25.112617417083978],[121.91649997679154,25.112703478421963],[121.91640603417514,25.112071439734599],[121.91534999736129,25.112215463677881],[121.91536499997014,25.112617406422483],[121.91615999342669,25.112669461498932],[121.91591102527951,25.113027444320107],[121.91509198835226,25.113009486090952],[121.91490103540521,25.112758400868731],[121.91395699507314,25.112854419772034],[121.91340404645159,25.112995429075877],[121.9130539703537,25.113342465900821],[121.91295799499204,25.113756467057037],[121.91320001312394,25.114154477084039],[121.91383298286286,25.114644434695133],[121.91464397987107,25.115339497437866],[121.91498600349931,25.115635404612007],[121.91555397806211,25.115918463436095],[121.91607200128475,25.116050405942627],[121.91651599100079,25.116496471934141],[121.91714899242685,25.117063418110941],[121.91755202201662,25.117061466717132],[121.91784196148316,25.11714047248126],[121.91790699690519,25.117359467703743],[121.91831001282134,25.117368435773194],[121.91844701502424,25.117182415110015],[121.91857204242299,25.117147413623773],[121.9188520234494,25.117489486958021],[121.91928096875682,25.11769447168113],[121.91955998267535,25.117875478387774],[121.91985502619002,25.118010429743052],[121.92011599305918,25.118228473384935],[121.92039503312385,25.118499485057917],[121.92034597486345,25.11871845617264],[121.9198670053224,25.118561454755714],[121.91938899453741,25.118632483821905],[121.91937796328281,25.118885445626152],[121.92017804021599,25.119762448883908],[121.92120798434843,25.121148409582634],[121.92118497841577,25.121394484686874],[121.920832010623,25.121444436839283],[121.92155601825887,25.12225240444225],[121.92175803279564,25.122273445295523],[121.92195598534504,25.121906474773574],[121.9223470267353,25.121927435817593],[121.92261402062317,25.122315436351009],[121.9227930182892,25.122809426978044],[121.92285800820321,25.123000422964843],[121.92330103257724,25.123182481688126],[121.92335602383221,25.123893476369464],[121.92304198663562,25.123963420148389],[121.92294404974254,25.124317484664175],[121.92308697706579,25.124901454103757],[121.92344202036068,25.125323484127986],[121.92362303279465,25.125988469180623],[121.92382397534278,25.127203418732037],[121.92445403484292,25.127529488223015],[121.92495998340226,25.127733433246025],[121.92502403946126,25.127974462285543],[121.92442597045533,25.128768438938952],[121.92403900504198,25.129161409504643],[121.92387602232246,25.129229416711475],[121.92326903328707,25.128969486377045],[121.92267496419511,25.128697453873404],[121.92172801247814,25.128256442370564],[121.9208550248003,25.127700404591753],[121.92035101862763,25.127601421994925],[121.9194050141777,25.127549433066399],[121.91868603010023,25.127393451719698],[121.91798101472966,25.127408477277779],[121.91728797197214,25.127264421616541],[121.91657997698519,25.126902433274346],[121.91578300269771,25.126368467889531],[121.91552696571412,25.126101455822337],[121.91535798501644,25.125684473626194],[121.91530701759942,25.125111405662988],[121.91492698894089,25.124723445877333],[121.91469797619288,25.124427474005287],[121.9137400258119,25.124261478606332],[121.91337502202772,25.124298485127866],[121.91302303138558,25.12434543562463],[121.91251902241099,25.124200471455033],[121.91196303685246,25.12393946003769],[121.91162101321738,25.123679476896751],[121.91142996725247,25.123428476804563],[121.91088801644887,25.123316427918869],[121.9104779785366,25.123048460808668],[121.91019101827224,25.122690435850348],[121.90968502563901,25.122418452514925],[121.90916798434489,25.122225443656095],[121.90846200244501,25.122128466523559],[121.90800299170617,25.122027462759061],[121.90741102267427,25.12159942866888],[121.90724896523146,25.121584441968871],[121.90706097711798,25.121678411472121],[121.90701203019449,25.121861448477116],[121.90718998391186,25.122102408545231],[121.90725498151778,25.122410419188046],[121.90704201429408,25.12242345110711],[121.90681296857143,25.122264424747353],[121.90653501310562,25.122047458000601],[121.90612901940038,25.121672458853517],[121.90581496637738,25.121686485151528],[121.90546399100923,25.121938446884759],[121.90541698798515,25.122385451220403],[121.90523997748076,25.1222494848639],[121.90505103706742,25.122216424384057],[121.90500102127552,25.122354407401684],[121.90514898235314,25.122520439715764],[121.90511698314688,25.122674480109207],[121.90467697543654,25.122676446850786],[121.9046779890697,25.122825405390909],[121.90481798262159,25.123032473344988],[121.90504497601601,25.123157490653025],[121.90509804813172,25.123511429442281],[121.90473405181146,25.123651430454046],[121.90441801691514,25.123342427449533],[121.90399896841497,25.123060499028529],[121.90342898690241,25.122605414613908],[121.90293900771655,25.122642438485503],[121.90252101842927,25.122313458717493],[121.90216997002889,25.121911479150089],[121.90167099141821,25.121401438311345],[121.90131498149076,25.121013498341345],[121.90102401605058,25.120796410476444],[121.90068201045395,25.120432470970446],[121.90026602202079,25.120397441705695],[121.90006604399643,25.120653442470964],[121.89958898033112,25.120565423196979],[121.89944702430087,25.120268431542275],[121.89911697934036,25.119995431157552],[121.89882896623239,25.119800454587086],[121.89824799219323,25.11988540715712],[121.89785698117579,25.119865478938674],[121.89754199889747,25.119740454044965],[121.89722697783242,25.119731426970844],[121.89672500338075,25.119951416606995],[121.89631103202039,25.120080412166157],[121.896086010223,25.120322471713198],[121.896076995626,25.120803471214153],[121.89568800045031,25.121003441076173],[121.89529603786318,25.120775413005116],[121.89516800181595,25.120467411463981],[121.89457397531937,25.120400487154875],[121.89431303346025,25.120654401854718],[121.89412401851339,25.120610406264447],[121.89413299420082,25.12029046617393],[121.89385598285931,25.120325455629278],[121.89355603123937,25.120533471776021],[121.89341599877882,25.120432478985244],[121.89336403103118,25.120168447165668],[121.89315100136866,25.120296487333327],[121.89319003062438,25.120501463264475],[121.89292603584271,25.120503419370255],[121.89287297482119,25.120056466383762],[121.89273402265864,25.120012431937592],[121.89247101617266,25.120230438066983],[121.89206898538201,25.12031446601155],[121.89161197676309,25.119799432419171],[121.8912850188502,25.119928433201512],[121.89153999348827,25.120384450475299],[121.89110199248834,25.120719430076019],[121.89062596493011,25.120345440190054],[121.89016601050272,25.120065444366499],[121.88983899471401,25.12008545471982],[121.89013200935906,25.120542432374325],[121.88999603987693,25.120944464933974],[121.88964698568972,25.121456486889176],[121.88972600739528,25.121989408030668],[121.88913404068086,25.121947458636775],[121.88890897238376,25.122097419808675],[121.88890402174329,25.122102406516731],[121.88855904573707,25.122476445467271],[121.88787396220866,25.122532471717722],[121.88722504744132,25.122565426016191],[121.88664598763005,25.12256943352212],[121.88595499203883,25.122733463779277],[121.88562699064373,25.123094481649165],[121.8852540377535,25.123311404316155],[121.88497703731886,25.123416433706524],[121.88456204279085,25.123441472554454],[121.88426099599548,25.123558486454925],[121.88471502366154,25.124298457368653],[121.88426700583928,25.124291457932593],[121.88383596901959,25.124041424779115],[121.88313297694403,25.123939440399695],[121.88274900687422,25.123501403029799],[121.88199701156651,25.123465434552937],[121.88170198694147,25.123715469858844],[121.88128998705129,25.123758465534703],[121.88078903120825,25.123657424315024],[121.88047102828097,25.123931429201299],[121.88012798712874,25.123518439595195],[121.87962303054793,25.12341941142784],[121.87921098194983,25.123399471472784],[121.87918102670261,25.123406420721423],[121.87880200426891,25.123485408919649],[121.87848402586931,25.123672453427233],[121.87830299310583,25.12404540984592],[121.87795996853377,25.123738401123518],[121.87779602127199,25.123195407183157],[121.87679798231029,25.122973440022413],[121.87605397380877,25.123196418914628],[121.87603296414048,25.123657450228503],[121.87571698357054,25.123882411765049],[121.87546201100598,25.124222481934403],[121.8748299800701,25.124702456028398],[121.87457598639321,25.125042431378869],[121.87441499720566,25.125440449162994],[121.87406803813401,25.12558046383451],[121.87353902337624,25.125373478129269],[121.87335604367358,25.1249704506012],[121.87276302474406,25.124793463085663],[121.87256896551486,25.125248463373904],[121.87216300890044,25.125244445936993],[121.87207399583498,25.124872455684471],[121.87182599665377,25.124582478917329],[121.87148700567093,25.124207442842359],[121.87139701185686,25.123835457840041],[121.87086799931862,25.123572417381812],[121.87052198154718,25.123739481953539],[121.87032805136072,25.12422345902775],[121.86997399726994,25.125243413146961],[121.86922302398989,25.124924414102455],[121.86910604578195,25.124322453429745],[121.86830601366859,25.123172395968933],[121.86788498077409,25.122933454797266],[121.86737302666999,25.122534413347772],[121.86670804549836,25.122427424755088],[121.86589500268195,25.122547482122116],[121.86501798628203,25.122667441689877],[121.86366801740112,25.122931451317235],[121.86294697639583,25.123483400762815],[121.86264404098861,25.123776423466545],[121.86253703562352,25.124136470004679],[121.86246101217077,25.124793460677463],[121.86245703443342,25.125136475594498],[121.86235802470912,25.125536466686956],[121.86197902533235,25.126008419276815],[121.86145000805796,25.125496421483721],[121.86123600563363,25.125037489118093],[121.86072997578746,25.125460424836707],[121.86073597734935,25.12497448620352],[121.86025204555003,25.124266493346656],[121.85977302512318,25.124364426172029],[121.85943002906826,25.124217449554656],[121.85899204555479,25.124183415098006],[121.85861402254285,25.124350461666257],[121.85764503062708,25.124196462395581],[121.85698497041462,25.124362424676498],[121.85657599247696,25.124556469642894],[121.85566401264528,25.124803422022168],[121.85522503967391,25.124828428881514],[121.85437301137397,25.125334430575691],[121.85399700448346,25.125356460983451],[121.85361798227042,25.125582459005781],[121.85283100546793,25.125916436765184],[121.85213997553173,25.126051418001513],[121.85151302658468,25.126072438272505],[121.85110201804846,25.126381407558835],[121.85063198602482,25.12640739900187],[121.84934197895431,25.126851416685454],[121.84902496266041,25.127103404777113],[121.84836701172776,25.12712542179581],[121.84795702547559,25.127321427989521],[121.84623700159959,25.127074491833916],[121.84536001386302,25.127063429421138],[121.84463502453738,25.127399431846541],[121.84407199024051,25.127334487541233],[121.84359897272803,25.127501407216375],[121.84278603737442,25.127407435609939],[121.84255997265539,25.12786240387878],[121.84224299442461,25.128229407210313],[121.84127503740702,25.12795547374969],[121.8409630397277,25.128259426274056],[121.84067205045089,25.128538427671767],[121.84030200041192,25.128001438599753],[121.83968800282663,25.128040407995602],[121.83930000123823,25.127997456994528],[121.83895105788075,25.128306406462126],[121.83862799387339,25.128096426590485],[121.83814103108917,25.127920414022089],[121.83716400110156,25.128366441046584],[121.83663303393517,25.128191480045182],[121.83631701589179,25.12841347143134],[121.8358519906689,25.128014421412008],[121.83544298536155,25.128152426123865],[121.8350620223593,25.12848446281313],[121.83446901279811,25.128279436787825],[121.83387401141654,25.12821542813089],[121.83394202619621,25.127849478619613],[121.83401005400867,25.127422412964329],[121.83366802298285,25.127210460543566],[121.83307700338793,25.126862479726249],[121.83248000886314,25.127253433985199],[121.83190799404996,25.127563418734908],[121.83131704580248,25.127129408097584],[121.83031302385537,25.127202470058315],[121.82965300340251,25.127343404172112],[121.82914702718459,25.127646438406199],[121.82851997326566,25.127668445525178],[121.82830502057281,25.127328457164737],[121.82872302831996,25.126534412509073],[121.82901101524835,25.126049417972229],[121.82914201916147,25.125681414443907],[121.82968598272767,25.124791408403361],[121.82778698738031,25.123172476027413],[121.8276949795529,25.122870440673235],[121.82765500677752,25.12287544400716],[121.82609800502226,25.123016399032384],[121.82600498858294,25.122660466892228],[121.82606103344854,25.121920454956669],[121.82536401705474,25.121483478751667],[121.82488205355418,25.121486439651182],[121.82431100373225,25.121819418375075],[121.82379904980002,25.121849442194634],[121.82259197960043,25.121801437347347],[121.82202102926684,25.121560459516157],[121.82151704132966,25.121414476295655],[121.82100897805175,25.121539445064361],[121.8205440198881,25.121763490163893],[121.81993602283252,25.122405436348721],[121.819776002731,25.122902443434416],[121.81970402585326,25.123282484369973],[121.8197620010277,25.123683485563024],[121.81975100616741,25.124487452012659],[121.81996202175665,25.125111409741731],[121.81904803164178,25.125499448184573],[121.81894997480812,25.125843437415796],[121.81938299780232,25.126249403748691],[121.81940998578533,25.126592424721458],[121.81890598936091,25.126730468689747],[121.81927797907483,25.127134413526345],[121.81861203547363,25.127677460197962],[121.81827397822747,25.129555458018043],[121.81870799611775,25.129961406875548],[121.81956901186602,25.131179467110154],[121.82000103086332,25.131836428906205],[121.82031003470877,25.132211485772061],[121.82071100689579,25.132701414676408],[121.82036101237526,25.133071429768599],[121.82073204364309,25.133475489196275],[121.8209140062488,25.133934483794217],[121.82093204213156,25.134000467880735],[121.82108198294532,25.134087475870633],[121.82159300808058,25.134337451895664],[121.82217102546089,25.133961451996178],[121.82208001019848,25.133490402753957],[121.8225210173788,25.133409410615585],[121.82283701796813,25.133154393510086],[121.82336703364859,25.133418434069146],[121.82400700084592,25.133561408470481],[121.82421500852541,25.133853404576083],[121.82454698749439,25.134321396379619],[121.82507902223576,25.134410435265668],[121.82523005083172,25.13481343741061],[121.82554004335974,25.135103426280189],[121.82632003490693,25.13539945700591],[121.82600303162043,25.135651397777096],[121.82527800659412,25.135987421124799],[121.82493501702882,25.135840453125926],[121.8245580000556,25.13586440756135],[121.82421600117037,25.135658461259109],[121.82318298823179,25.135894438002421],[121.82221301382073,25.135322446986066],[121.82143499542394,25.135220410537993],[121.82099497705018,25.134936456086194],[121.82021297601167,25.134814483262844],[121.81887900987098,25.133712444745505],[121.81759400897487,25.133610476820266],[121.81722001527476,25.133436483986138],[121.81602599156307,25.133594477544502],[121.81561603380462,25.133818468606023],[121.8153290531868,25.1341944572351],[121.81519802003258,25.134565437441442],[121.81469998824262,25.134265451200442],[121.81360802550135,25.13374148015431],[121.81330298184375,25.133133453570498],[121.81261399341237,25.133010475601605],[121.81237199013083,25.133336472455337],[121.81169899654289,25.133430445909923],[121.81148402794366,25.133057479182487],[121.81110703465737,25.133109471491192],[121.81057799059556,25.132816413307946],[121.81013800706235,25.132841469781102],[121.80963204170392,25.133207457735498],[121.80903302321212,25.133429399694158],[121.80862604372901,25.133312442757948],[121.808067019543,25.132875453418645],[121.80698799840138,25.133806485691956],[121.80682704268798,25.134120467043079],[121.8066660308924,25.134489434999917],[121.80634798062769,25.134773486721027],[121.8056229859064,25.135020477958328],[121.80530499570479,25.135390474853175],[121.80480700946462,25.135041433714612],[121.80432999269068,25.135522452994778],[121.80331097419999,25.134316433831156],[121.80315903226561,25.133972459983902],[121.80404302159127,25.133521471690994],[121.80427499569163,25.132608428424241],[121.80519998131544,25.131475471775151],[121.80562002208568,25.130592453211833],[121.80563099754245,25.129733426201238],[121.80542003868909,25.129072419050107],[121.80476797534837,25.128550403073145],[121.80411201016518,25.128341434655912],[121.80381202463316,25.127309487571907],[121.80445097647466,25.126457431979926],[121.80502399622272,25.125804437767407],[121.80506199921048,25.125348477347753],[121.80472201993805,25.124944486215263],[121.80416399046445,25.124450407813523],[121.80345799915264,25.123269423790237],[121.80334999391533,25.12227443232527],[121.80281600394905,25.121988408608789],[121.80190298510635,25.121303489081846],[121.80127599575135,25.121705479099816],[121.80024101633407,25.121907443638804],[121.79970798593105,25.122082403943701],[121.79936405331995,25.122282436279459],[121.79892504259927,25.122428436053465],[121.79832799196394,25.122370448895374],[121.79826300546191,25.121167471817756],[121.79832500220148,25.120537483138524],[121.79848001477741,25.119847416173108],[121.79866699348912,25.119246454162965],[121.79790003621714,25.117352425324228],[121.79781397737639,25.116657426062773],[121.79759702579722,25.115756453958305],[121.79768700326854,25.115177428365133],[121.79712003840238,25.113862485156154],[121.79636600171858,25.11369048025573],[121.79586401051996,25.113490483470894],[121.79542403867117,25.112976414918361],[121.79492098225973,25.112634489980802],[121.79438703258236,25.112664441990031],[121.79379199364602,25.112895418181264],[121.79335302466518,25.112981457947551],[121.79278805110908,25.112954426768901],[121.79228602918903,25.112810475280529],[121.79137497468723,25.112727401151979],[121.79052702192109,25.112242495506855],[121.78996301935598,25.112443402074323],[121.78795999785919,25.115054472413323],[121.78670803274919,25.116920465677008],[121.78648900974646,25.117291436371683],[121.78617697931163,25.118008417769076],[121.78580098828435,25.118324425973295],[121.78523503281322,25.11809746604392],[121.78404105273668,25.116952464619636],[121.78344397873705,25.116666438699379],[121.78306802557725,25.116695413266569],[121.78234698274686,25.11718441191644],[121.78087300206583,25.117647409395289],[121.77958598503554,25.117649491282624],[121.77899005297,25.11796646292678],[121.77833198951275,25.117994473838611],[121.77773603322922,25.118284438785246],[121.776982989849,25.118771410336748],[121.77638702233585,25.118659426829574],[121.77585404501203,25.118745453547259],[121.77554000374178,25.119033492630258],[121.77529003425552,25.119434485562305],[121.77507098459552,25.119807432547194],[121.77463199908836,25.12003543603555],[121.77369099227606,25.120295406562104],[121.7731889856359,25.120296399042083],[121.77249802238343,25.119868433649962],[121.77221405434774,25.119296427961356],[121.77174303593253,25.118895474885942],[121.77149203361732,25.118465402125544],[121.77148998826227,25.117892457300222],[121.77123901377024,25.117349421885919],[121.77048397495966,25.116834482726095],[121.76982204457865,25.115172412376264],[121.76881599991619,25.114114438221325],[121.76793702569954,25.113915493325369],[121.76743505258855,25.113487419525725],[121.76689997761794,25.112657482599666],[121.76642898087154,25.112657471492074],[121.76517499642466,25.113318439461064],[121.76423404439933,25.113435422332987],[121.76316699316408,25.113464476436334],[121.76269599793267,25.113266477212761],[121.76194203117868,25.112635460510205],[121.76099999826735,25.112351467944141],[121.75983903449605,25.112639480061283],[121.75918006509079,25.112528456160753],[121.7582999876025,25.111697453536014],[121.75763401819671,25.110928459943288],[121.75732805018234,25.110181461739558],[121.75695198176963,25.110151423793006],[121.75622802505951,25.110547414639242],[121.75488297312819,25.110396446248075],[121.75381497921683,25.110733413500377],[121.75268705238368,25.110698420998478],[121.75192704917907,25.110874450545015],[121.75153000406014,25.110490396341458],[121.7506500403001,25.109610425816896],[121.75069398473507,25.109253471795409],[121.75307500565999,25.109238422254325],[121.75342200193607,25.109011478698001],[121.75445801241816,25.108674412669117],[121.75508401224275,25.108707433948201],[121.75549201511949,25.108651453858428],[121.75599501830062,25.108484485151855],[121.75643800560097,25.107883439267887],[121.75687399773823,25.10728740930389],[121.75727701532136,25.106861463078264],[121.7576930638166,25.106480497651084],[121.75764302345786,25.106058478743137],[121.75740599931315,25.105299473842866],[121.7576560140679,25.104399492710598],[121.75781698556359,25.103938472722465],[121.75828999667249,25.103538448631994],[121.75791602266384,25.103249448300609],[121.75773201169385,25.102875431841891],[121.7575150069303,25.102588440516904],[121.75704303918059,25.102757424987207],[121.7568919763893,25.102184430092954],[121.757020014706,25.10178244976451],[121.75818999393033,25.101352407569713],[121.75925701837706,25.100862474151278],[121.75966399676408,25.100804407382014],[121.75982102429001,25.100489409400694],[121.75919103355446,25.099116492925685],[121.75934704686389,25.098370473284561],[121.75915799138649,25.097683464846838],[121.75931400886303,25.09696741002751],[121.75928199253202,25.09633547945274],[121.75859003689321,25.095476422064031],[121.75840098540756,25.095161480404514],[121.75833699333624,25.094331444320883],[121.75843005244525,25.093615448307784],[121.7587739803606,25.092210455334428],[121.75896103580619,25.091780464151533],[121.75964999760397,25.090605467887656],[121.75968104274779,25.090259421999331],[121.75908100501462,25.088744417949897],[121.75901797690537,25.087913481894624],[121.75945603367268,25.087281490582644],[121.75951803414598,25.086794439455247],[121.75907698908769,25.085363496827796],[121.75895099194392,25.084846433102239],[121.75910598677009,25.084045430578481],[121.75938698686029,25.083298405614965],[121.75954304626332,25.082697468757473],[121.75973005806361,25.081493448136285],[121.76082500984366,25.079373419928846],[121.7612940235424,25.078569544528914],[121.76163901702138,25.078310547074896],[121.7624549958454,25.078509505778868],[121.76443100515483,25.078621497887859],[121.76512099230453,25.078620565004989],[121.76628098924841,25.078704501467239],[121.76687801728504,25.078732568972583],[121.76756701464124,25.078530549906468],[121.76816300742941,25.078470500312179],[121.77001198324761,25.07729450597218],[121.77113901069333,25.076175513574857],[121.77188903974596,25.074513512900118],[121.77223397359538,25.074082582229778],[121.77251499803495,25.073823539793615],[121.77317399963661,25.07345056260522],[121.77464405152165,25.071127501964384],[121.77578404314475,25.070123526903632],[121.77482901992519,25.069065567456921],[121.77451403661566,25.068550512278215],[121.77385405142125,25.067748498274049],[121.77341404282635,25.067319498472898],[121.77287897292574,25.066604504883603],[121.77272097384622,25.065801511605798],[121.77237505322606,25.065002559762444],[121.77234305141006,25.064657557404256],[121.77190301428502,25.063569543188546],[121.77155700389962,25.063198553061305],[121.77111798768898,25.06331351929428],[121.77023999066203,25.063487538687646],[121.76973802881113,25.063487519176199],[121.7685769972357,25.062715544571851],[121.76807398383313,25.062115574460709],[121.76738405401522,25.06185956845075],[121.76694398651328,25.061229555806619],[121.76606498504601,25.06022758059034],[121.76571905234786,25.059969526975536],[121.76474605603228,25.059455570339555],[121.76446398377736,25.059226518803698],[121.76458804926173,25.05865454632287],[121.76433601515807,25.057823585935743],[121.76364505763706,25.057280537385282],[121.76254697616194,25.05685253948139],[121.76217099465218,25.057112504760564],[121.76204698390961,25.057455510439926],[121.76148303168412,25.057858559453209],[121.76057400848032,25.057914585986644],[121.76013503987927,25.058289533571585],[121.75966501869577,25.058546543393945],[121.75947697795267,25.059035501976183],[121.75919605544379,25.059294532235032],[121.75866205222808,25.059437566885506],[121.75824804757443,25.059076552585584],[121.75743200243781,25.059272578639899],[121.75696402007837,25.059211578873466],[121.7562169865855,25.058718534353559],[121.7549690603646,25.058020558898576],[121.75390497050891,25.058014500285012],[121.7528760205085,25.05754850929814],[121.75228104024576,25.057600546346539],[121.7512820575149,25.057222522712681],[121.75069098025966,25.056760530580945],[121.75007000857183,25.056181498715205],[121.74951198341779,25.055520536789629],[121.74851197912763,25.055225546910187],[121.74801701012956,25.054620496438872],[121.74798998246021,25.054047493292984],[121.74780503896569,25.053732513162355],[121.74711702100981,25.05369750993961],[121.74596401795382,25.053001513974714],[121.74424103998477,25.053131494183557],[121.74380299896431,25.053014520269397],[121.74349399647083,25.052553520321609],[121.7430570267345,25.052464524151574],[121.74252000692343,25.052948523953219],[121.7420520348382,25.052801539702127],[121.74164499505052,25.05276952066049],[121.74120498490721,25.052966555749684],[121.74020298215652,25.052931561238648],[121.73966804432048,25.053243541399883],[121.73944500240668,25.053700515989281],[121.73903605478509,25.053925565058879],[121.73815604734237,25.054320525962819],[121.73771404950294,25.054661561905622],[121.73715101045826,25.054571547768305],[121.73593304257835,25.054103575980264],[121.73505698759423,25.054039558199417],[121.73399602087444,25.053629588772438],[121.73299600823323,25.053366553091564],[121.73218803967829,25.05255749628019],[121.7313409902265,25.052722570924011],[121.73024304846095,25.052858529211811],[121.72992501329726,25.053110536663603],[121.72917100111512,25.053709515666878],[121.72821999990687,25.054876531096305],[121.72745506076538,25.05596355352187],[121.72625304519103,25.05767251502202],[121.72552798356688,25.058222576804518],[121.72305201383205,25.058204573652763],[121.72242500444487,25.058275527217766],[121.72198406693032,25.058500496038814],[121.72128900565799,25.059127575216095],[121.720277028642,25.060120505770026],[121.7194860049003,25.06094550465663],[121.71916806771905,25.06148957700545],[121.71827703485089,25.062944545042658],[121.71786505321741,25.063485551393523],[121.71745403358564,25.06388551442036],[121.71625402886744,25.064879502638682],[121.71590602622337,25.065219579984017],[121.71546098968948,25.065846510975458],[121.71511299843432,25.066189562930099],[121.7145139889478,25.066557570089955],[121.7138520323894,25.066983576336728],[121.71268603962956,25.067605551775532],[121.71209002758768,25.067687512783024],[121.71152603203252,25.067597583868313],[121.71114905063405,25.067651577397491],[121.71033399822549,25.067702508978908],[121.70967600575136,25.06761356438674],[121.70867703429622,25.067119502977921],[121.70823797633,25.06702851005582],[121.70673801739686,25.066444556952625],[121.70576501154558,25.06660951930073],[121.70513400102244,25.06700455417587],[121.70481605247267,25.067405592759112],[121.70431102379663,25.067744572447026],[121.70387304986666,25.067627555805977],[121.70268100019528,25.067704535291092],[121.70183700343813,25.067298530711742],[121.70139802301705,25.067293555373681],[121.70080405335308,25.067061529248505],[121.70011302236037,25.06714153176447],[121.69913698552772,25.067565523441562],[121.69799704893694,25.068731537769938],[121.69723804040692,25.069414513676605],[121.69666905283268,25.069812551294046],[121.69516104348872,25.069972563324068],[121.69255605540363,25.070097513971525],[121.69205305255672,25.070181558317852],[121.69063706995995,25.070627497591076],[121.68994205148022,25.071053539021371],[121.68924900943263,25.071363553571928],[121.68839700551321,25.071845594363079],[121.6875120242734,25.072414528322259],[121.68659603378865,25.073095566951462],[121.6862789982322,25.07337854114304],[121.68549002140362,25.073804555888884],[121.68479304032989,25.074516530734702],[121.68403602135943,25.074884514541971],[121.681378978193,25.076929555405265],[121.68059402335389,25.077010530271604],[121.68030802705221,25.077381569144144],[121.68024006198918,25.077925499730732],[121.67992101631388,25.078383546542447],[121.67951198270657,25.078522560485588],[121.67910006008145,25.078951506898132],[121.67918901825111,25.079440550709425],[121.67980999065595,25.080132567904261],[121.68070106329918,25.0822614278378],[121.68137203960772,25.08435943454203],[121.68197798429955,25.086803424837086],[121.68178501437849,25.087233452971589],[121.68140304115815,25.08786242930676],[121.68108604797023,25.088089434166296],[121.68058305691511,25.088200443071575],[121.67880303353679,25.087154491568466],[121.67755705767455,25.085941483417802],[121.67712204098974,25.085448418559587],[121.6765009969977,25.084700421012865],[121.6759410341832,25.084149427712266],[121.67559899457773,25.08374441944661],[121.67519398540661,25.083399463203776],[121.6743820483033,25.082906490107757],[121.67394301816579,25.082872465140781],[121.67299402439563,25.083497487363623],[121.67255200159471,25.083724498586637],[121.67170102522999,25.084062414266057],[121.66933403550286,25.085222473548185],[121.66892206259487,25.085563450091087],[121.66807099031116,25.085844466396157],[121.66711999841148,25.08667045472556],[121.66635302255621,25.087985414941905],[121.66572205127498,25.088326457903591],[121.66537303908736,25.088610452592107],[121.66473803776802,25.089265442387997],[121.66370102243567,25.08934447004863],[121.6627580079769,25.089337410440031],[121.66238204595969,25.089219453607008],[121.6620040068979,25.089245431240204],[121.66168601518589,25.089644474808601],[121.66092100670681,25.090731427627802],[121.66001001801558,25.09075344215259],[121.6583360480267,25.091545485898141],[121.65801805475579,25.091885473072104],[121.65737902574166,25.092945491400808],[121.65687499730171,25.093085407334318],[121.65618205931109,25.09319446304016],[121.65567600945425,25.093449428959104],[121.65607306585571,25.094745466598209],[121.65556499881478,25.095314437307767],[121.65487001953922,25.095656448962067],[121.6538599887356,25.09602142576373],[121.65354300031669,25.096307407813516],[121.65283899431721,25.097479459330629],[121.65223806321582,25.097933453847084],[121.65100702709204,25.098356439394262],[121.65072105704061,25.098698440067359],[121.65070697876185,25.100134432323266],[121.65044904983559,25.100735444066135],[121.64940400365117,25.101417441538938],[121.64908705524691,25.101702430929194],[121.64914603335092,25.102075418997359],[121.65017199777789,25.103289440147616],[121.65167901787602,25.103501413571305],[121.65205406207309,25.103732440705748],[121.65220306795339,25.104596463142521],[121.65191002805028,25.105626496335507],[121.65075599373482,25.107773451338787],[121.65056103102378,25.108374439360293],[121.65049001450431,25.109235468550665],[121.64998105025893,25.109805432732465],[121.6492530296541,25.110319462635928],[121.64893401661213,25.110776448105749],[121.64873905478703,25.111322458459874],[121.64750500028907,25.112146496643202],[121.64696098530938,25.11300443040572],[121.6462620430099,25.113659445456307],[121.64587400979983,25.114835408146028],[121.6458050366322,25.115467458404304],[121.64601998863941,25.115985484668116],[121.64604804235283,25.116357435325718],[121.64591201427081,25.117335479242577],[121.64593501357125,25.118224434643107],[121.64554602793831,25.119285481735652],[121.64620099240533,25.119920418110393],[121.64609406107132,25.121126394169949],[121.64571604991649,25.121211468685022],[121.64536802401788,25.121382461710798],[121.6449240157973,25.121781475803012],[121.64463699644551,25.122153434649356],[121.64466198810928,25.122755462944433],[121.64478401340359,25.123158420886664],[121.6447640085099,25.123741399199311],[121.64451204428033,25.12399946052518],[121.6444129979468,25.124887419547193],[121.64415904062952,25.125344464853463],[121.6433320206627,25.127374467096974],[121.64311102525464,25.127659468009025],[121.64263799950537,25.127943405785334],[121.64223004590698,25.128029408615507],[121.64185400179996,25.128055416509952],[121.64141206423729,25.12836945822102],[121.64103106812183,25.129140437593485],[121.64071501190837,25.129597492882539],[121.6401800194116,25.129796447952966],[121.63876503283932,25.13044846559405],[121.63826105616624,25.130789478000612],[121.63647202846076,25.130724415022399],[121.63562599926358,25.13063341968067],[121.63503103309472,25.130371425873228],[121.63408604515621,25.130883424283141],[121.63309600207857,25.131036463484101],[121.63289404670009,25.131403434175013],[121.63262301314511,25.132235418030927],[121.63214101076606,25.132627430985362],[121.63161000042852,25.132792488467867],[121.63123205404371,25.132931416388853],[121.63032503941234,25.133420477379442],[121.62976798881898,25.133790403807268],[121.62977104689779,25.134416452733344],[121.6295960238111,25.134967410743371],[121.62929503992606,25.135246413604847],[121.62868804667359,25.13538639529424],[121.62820505876715,25.135571466649704],[121.62808304915862,25.136011416275363],[121.62753506567378,25.137901457092475],[121.62695998819621,25.13932943959567],[121.62681101964405,25.139790450416136],[121.62726903149095,25.139998422462543],[121.62818303275445,25.140570416498164],[121.62892005619847,25.141488479024822],[121.62937899028796,25.141809404239673],[121.63105104139102,25.142307442444192],[121.63191301003208,25.142602440404268],[121.63323402798001,25.143269447924716],[121.63473400088481,25.143847445721686],[121.63527001922016,25.143533485880543],[121.63602301710844,25.143480413019418],[121.63665100798134,25.14359742657054],[121.63780903940456,25.14403241921298],[121.6385620475815,25.144151421284612],[121.63896806835712,25.144468482591684],[121.63946598375954,25.145246409352296],[121.63965205170186,25.145677457431123],[121.64002798975821,25.145822457500412],[121.6404700584433,25.145364405101962],[121.64084702319668,25.145252447301193],[121.6413180109069,25.145254469700347],[121.64182201680393,25.144970414129279],[121.64226199515254,25.144943409772431],[121.64263801618357,25.145059421683428],[121.64395203061113,25.145669483480148],[121.64555202820952,25.145761471658194],[121.64680903666385,25.14562543133184],[121.64769006389672,25.14519641494989],[121.64963706325265,25.144834419704321],[121.65004401997237,25.145152430070286],[121.65048004448421,25.145812417684905],[121.65063402201733,25.146387403767601],[121.65107099525365,25.146762436268869],[121.65125701842793,25.147221441935738],[121.65134899530861,25.147566472911105],[121.65191101838107,25.148227440974118],[121.65235001701451,25.148259445584095],[121.65300903382362,25.148234433422974],[121.65347804608832,25.148464483873088],[121.65413607442957,25.148698402564552],[121.65504498431334,25.148961463914038],[121.65629601643255,25.149797480360924],[121.6567940527389,25.150402451273607],[121.65698103695343,25.150717444833287],[121.65716699654934,25.151177439345478],[121.6576040577897,25.151608434649091],[121.65804199539141,25.151897479459386],[121.65841703159047,25.152112406172485],[121.66121002616275,25.15212543866436],[121.6624000594917,25.152549423059689],[121.66331000648866,25.152524402282552],[121.66384500818982,25.152239414926807],[121.66491100353736,25.152388483001161],[121.66628902693203,25.152909471212009],[121.66751200613585,25.152915428461633],[121.66854603927615,25.153292406431234],[121.66923499072809,25.153411451712614],[121.6692020155445,25.153813472326085],[121.66935701810749,25.154243435765768],[121.66985803816007,25.154618487212439],[121.67026499380036,25.154677395739906],[121.6710470481375,25.155139465373352],[121.67161000244062,25.155542492456313],[121.67296004159164,25.15532047655082],[121.67402699451225,25.155324477705875],[121.67440301243164,25.155383440663829],[121.6749980344307,25.15558846909887],[121.67578199249802,25.15567743843712],[121.67615902510354,25.15553541201897],[121.67675499128437,25.155481410935348],[121.67706805081457,25.15570939860137],[121.67775800892812,25.155713469182356],[121.67797499993641,25.156146481331028],[121.67809802180845,25.156718425019719],[121.67859701961004,25.157352473398852],[121.68103501175756,25.158996410638998],[121.68181805886998,25.159258433202094],[121.68272804307739,25.159319430728605],[121.68319505349713,25.159951440938254],[121.68331903117326,25.160381455801478],[121.68394602994242,25.160327458297573],[121.68473202471992,25.160072462573389],[121.68526299613271,25.160391427382415],[121.68598205923524,25.160852445694129],[121.68745301739538,25.161604478744501],[121.68770103555174,25.162264404224842],[121.68801205665865,25.162838441469219],[121.68841801896818,25.163242485184242],[121.68869805468728,25.163672488786826],[121.68971005378802,25.164002452320325],[121.69114499068668,25.164403407313628],[121.69130105158426,25.164685456118576],[121.69175800179571,25.166190475296691],[121.69194802251344,25.166296483129553],[121.69273304309473,25.16609842890794],[121.69499006273522,25.166453423908496],[121.6958379968183,25.166341447194881],[121.69655598591325,25.166917448284565],[121.69765505342846,25.166693411301214],[121.69809403327243,25.166723488815251],[121.69878202177566,25.167042469451889],[121.6990630022934,25.167416465152538],[121.69915405096798,25.168104464944342],[121.69933906360218,25.168764402136492],[121.69981005558182,25.168766413911108],[121.70049903184081,25.168942454309128],[121.70090405884993,25.169402449689542],[121.70090201350551,25.169946435905345],[121.70105503444452,25.170663488915771],[121.70127303078625,25.171008429995823],[121.70183502098122,25.171641467291366],[121.70223805062665,25.172761446232119],[121.70232905575689,25.17327845629783],[121.70283000394868,25.17353745300171],[121.70351899674945,25.173626446755094],[121.70414501111226,25.174059465138033],[121.70477303078958,25.173888451864819],[121.70568403290162,25.17377847675824],[121.70699999594287,25.173954484521378],[121.70771898490212,25.174617457172197],[121.70850106377453,25.174994446257919],[121.70890505216705,25.175733404574082],[121.70793399508696,25.175645420937283],[121.70758905386383,25.175497459394702],[121.70715004416934,25.175554455236181],[121.70671203717168,25.17538644241781],[121.70605202716247,25.175586422262427],[121.70576698874751,25.176122449916271],[121.70542305955317,25.175921396342698],[121.70467104648145,25.175889401424211],[121.7044190520425,25.176181411296543],[121.70425998807538,25.176525443211542],[121.70419500157389,25.177036408668123],[121.70372601320045,25.176744398675524],[121.70328899053494,25.176349399461753],[121.70309899853662,25.176808418911254],[121.70271701458815,25.176979429977862],[121.70278200097184,25.177494469399839],[121.7028110560998,25.177952434556456],[121.7024640222803,25.178382410083014],[121.70192302792199,25.178793428563399],[121.70148799313384,25.179174419484447],[121.70111204943616,25.179172404903674],[121.70060904233652,25.179429402551218],[121.70020004133117,25.179657400839417],[121.69972802511504,25.179711467095334],[121.69941001719539,25.180067431668967],[121.69867702185148,25.180232411175155],[121.69815806131366,25.18057840000165],[121.69680005620458,25.181613427889101],[121.69652905889204,25.181515488945031],[121.69700003931622,25.180890472346903],[121.69697098417463,25.180141417419087],[121.69608900964697,25.17985241198345],[121.69495703655947,25.179823428666506],[121.69501504743484,25.180543442326773],[121.69559401334209,25.180673446850104],[121.69545000979271,25.181080418718498],[121.69485599382034,25.180936397459408],[121.69422601987768,25.180727454307391],[121.69395304681086,25.180008423205098],[121.69323305440929,25.180231479700595],[121.69299998056184,25.18030245148741],[121.6925730474988,25.180428410096347],[121.69169298194861,25.180854422408167],[121.69099903361064,25.18146042323287],[121.68964300439133,25.18300440728181],[121.68948398381045,25.183377405390758],[121.68916906439993,25.183604405278636],[121.68888505962897,25.184005427349433],[121.68857004984126,25.184347457867975],[121.68844202844656,25.184779433274343],[121.68818902465819,25.18512143899428],[121.68673305806804,25.187926441793746],[121.6865429937728,25.1882704104166],[121.68625904515812,25.188583397789806],[121.68581405607355,25.189788431579416],[121.68581104476958,25.190332409068755],[121.68567905197082,25.191736427454671],[121.68576999847797,25.19234147612616],[121.68601900282206,25.192714469661695],[121.68601700327262,25.193087441644256],[121.6862680304362,25.193573463335309],[121.68664105529596,25.193835453071554],[121.68698599419083,25.194037453007347],[121.68723500903897,25.194324395541404],[121.68755404007716,25.194619411597206],[121.68741998665553,25.195159407096085],[121.6879460098895,25.195353425686054],[121.68801304500361,25.195763469220992],[121.68841902068488,25.196337412898124],[121.6887649900693,25.196109449227215],[121.68929901702111,25.196111388755845],[121.68976804683676,25.196430444799386],[121.69048499918921,25.197609397232455],[121.69089000803891,25.198298456984283],[121.69307704274965,25.200400473828328],[121.69269899259049,25.200542448106766],[121.69304305798849,25.200888448349833],[121.69351302308399,25.201005412030135],[121.69400305092492,25.20153147557097],[121.69445902633159,25.201994398589321],[121.69519505780988,25.202801423004807],[121.69473103632502,25.20334243236897],[121.69428701831424,25.203241418468558],[121.69284397746,25.203139474530449],[121.69230905435271,25.20348940308012],[121.69189602279287,25.203830448570397],[121.6921180334808,25.204099461033827],[121.69195905581738,25.204441486806029],[121.69220902351661,25.204702410342328],[121.6925850181115,25.204846465424154],[121.6928950278064,25.205389429175678],[121.6928940456271,25.205737398689504],[121.69251605837485,25.206138414358943],[121.69232605066455,25.206538459707335],[121.69323107100857,25.207089468749714],[121.69335399580964,25.207565419872175],[121.69375105923555,25.207971478844051],[121.69436299772657,25.208165422151641],[121.69488600682763,25.208539458312657],[121.69522899079863,25.208831455798595],[121.69568498336231,25.20917944502283],[121.6962590272024,25.209643433557694],[121.6961490391013,25.210208406563655],[121.69687498761502,25.210670416056125],[121.69805198496566,25.211341460726214],[121.69988599042965,25.212633443386054],[121.70064301692386,25.213087429822444],[121.70131105357464,25.2137213969649],[121.70199601799818,25.21411045327293],[121.70252103491281,25.214794392098792],[121.70313505046353,25.215283436658513],[121.70365899063209,25.215850467768849],[121.7038960311303,25.216405406614413],[121.70382505087572,25.216716416910188],[121.70366400316867,25.216765397738481],[121.70319601329568,25.216490447720609],[121.70282901673137,25.216241463554326],[121.7023900052113,25.216094406455198],[121.70204505289675,25.215893440324464],[121.70110606455975,25.215401418980356],[121.70132303671448,25.215797463569615],[121.70168402497779,25.216041422773593],[121.70199205341474,25.21651440673002],[121.7017770024441,25.216596418763537],[121.70149001983447,25.216597415253243],[121.70152601868234,25.21680940855622],[121.70151101277878,25.217202416955992],[121.70087903828873,25.216923445772871],[121.70053604497298,25.216604461453358],[121.69961703128892,25.215886437996307],[121.69837706056039,25.215104470787676],[121.6968579996295,25.214084466430247],[121.69643799906446,25.213319462567611],[121.69631505173004,25.21280144210214],[121.69609699204635,25.212427426857936],[121.69553400957805,25.212109465922552],[121.69449102312475,25.211180457912977],[121.69456904689103,25.210448419744093],[121.69437404256666,25.210126467170397],[121.69413103139959,25.209809444027087],[121.69361604957032,25.209509397528411],[121.69322200745769,25.209319398672363],[121.69291105211715,25.209059468986364],[121.69265999511553,25.208620413771115],[121.69238002701468,25.208282436752718],[121.6910949883502,25.207905459710748],[121.69056205964576,25.207903434823887],[121.68977901249261,25.207498450480063],[121.68949803695664,25.207122460398629],[121.688623057161,25.206625454614954],[121.68864304883104,25.206411469717974],[121.68867502654703,25.206275443780516],[121.6888890484619,25.206157436875607],[121.68908102064678,25.20601839493181],[121.68920901934328,25.20578342543644],[121.68892805303638,25.205452469702156],[121.6886370003368,25.205336462398822],[121.68830306230116,25.205132435302552],[121.687976982072,25.204915470265362],[121.68784503207731,25.204679440569144],[121.68777501116155,25.204365486168243],[121.68772804901546,25.204178447165145],[121.68764298183125,25.204016418776938],[121.6875050223029,25.203845416232337],[121.68706198355474,25.203540421809912],[121.68656502204983,25.203294432370569],[121.68603501002094,25.203868411701116],[121.68606605816586,25.204382441390493],[121.68643599468174,25.204703404182506],[121.68662000580251,25.20502541899134],[121.68671203462635,25.205368430375863],[121.6867740236533,25.206205462250622],[121.68688699009427,25.207112403439666],[121.68726199252745,25.207121393116676],[121.68730601897053,25.20633146480592],[121.68754899455821,25.206355432297904],[121.68764699740603,25.207018395291218],[121.68748703202813,25.207461452830326],[121.68679602137733,25.207514416628829],[121.68635705205143,25.207425436548704],[121.6858230459009,25.207683424819876],[121.68494507144203,25.207335467641702],[121.68447603719569,25.206904457179643],[121.68413203866899,25.206673466227983],[121.68379300961692,25.20630441854814],[121.68329000089706,25.205579395676391],[121.68163500204045,25.203765429631208],[121.68116604700518,25.203431453929497],[121.67982105781522,25.202383465262773],[121.67884106718205,25.202019417958489],[121.67842800541557,25.20205344762276],[121.67796105892725,25.202154464280412],[121.67761998116859,25.202253439406359],[121.67751399538082,25.202549427009895],[121.67721503749823,25.20369247384172],[121.67689401633379,25.203719393658709],[121.67713004058562,25.204575396747014],[121.6768610505397,25.204626469388405],[121.67572499944424,25.20374938292273],[121.67539003189712,25.202791447499813],[121.67460905621698,25.202332482464083],[121.67391799892069,25.202443424350808],[121.6736049977405,25.202156397937593],[121.67278899083837,25.20212643897861],[121.67231700645863,25.202295424326795],[121.67049201741911,25.20280444136284],[121.66970600748667,25.20332245498242],[121.66963902814049,25.204004415783324],[121.66895004909163,25.203917424551634],[121.66844402121183,25.204373402702238],[121.66743698352516,25.204885454737251],[121.66642704531971,25.20585941381573],[121.66491499704023,25.206599421168022],[121.66447305942644,25.207091406446001],[121.66437401463882,25.208039399528449],[121.66415099269199,25.208496436811888],[121.66384001292634,25.208445457973102],[121.66408500605166,25.207119419552615],[121.66372505288078,25.206958421680788],[121.66227398558551,25.20779845485961],[121.66273700186696,25.208685435939323],[121.66251305787226,25.208794419432152],[121.6620800102165,25.208388436999474],[121.66160703384831,25.208622405465384],[121.65984104616271,25.209885455655186],[121.6588930417762,25.210887437637435],[121.65753701026375,25.21200146844869],[121.65696904133999,25.212427427923291],[121.65466302420477,25.214774449866933],[121.65406105857352,25.215691444180685],[121.65371303275634,25.216034442594001],[121.65177999343808,25.219069462042729],[121.65063801593467,25.221105390881302],[121.65004703619667,25.22254344421798],[121.64984102120471,25.223103410035716],[121.64977502433632,25.223747434814058],[121.65027807709578,25.223749471700277],[121.6505590025732,25.22405546736282],[121.65045901308885,25.225202466057098],[121.65114098846408,25.225677430053107],[121.65157205687841,25.225610428496363],[121.65195004755873,25.225787442943144],[121.65177097941792,25.226704452845738],[121.65195601173524,25.227306470685463],[121.6522690086948,25.227649448712359],[121.65261401651962,25.227856395673861],[121.65301902671629,25.228459432789162],[121.6540210164203,25.229037442631185],[121.65416302535149,25.229201408473223],[121.65412701236617,25.229402444730592],[121.65398100477572,25.229486428618419],[121.65282601068571,25.229261387241493],[121.6522600343643,25.229374401231098],[121.65108805847358,25.230862428206343],[121.65108405151763,25.231695428853151],[121.65161305642678,25.232645422738418],[121.65189500656146,25.232876396537495],[121.65175506441507,25.233222457952788],[121.65143301495027,25.233241484025413],[121.65047805424098,25.232659454116305],[121.65001202796009,25.232266420917526],[121.64963600662003,25.232035403850091],[121.64922905554563,25.231802452540403],[121.64852303457029,25.231261388419846],[121.64848904959179,25.230934443030584],[121.64890000441244,25.230718481319588],[121.64911403553987,25.230615425010626],[121.64890400124034,25.230144409316441],[121.64873202031939,25.230147422271518],[121.64852306167663,25.230124427727354],[121.64825404236545,25.230138421192358],[121.64791300246756,25.230138467052463],[121.64758407119376,25.23013946745921],[121.64687103567191,25.230203441055842],[121.64595004266059,25.230263452663287],[121.64626301109145,25.230959442371528],[121.64608699916337,25.230989471846613],[121.64575999677331,25.230303468175169],[121.6447440327061,25.230004443459944],[121.64392403605976,25.23046244090138],[121.64206700209229,25.2317554674276],[121.64178305411352,25.231982410655775],[121.64108802006494,25.232671422991878],[121.63998300733515,25.233411419533283],[121.63935206202942,25.23392642187833],[121.63868804679633,25.234527449008358],[121.63795902843781,25.235501439658464],[121.63817602558808,25.236247437589483],[121.6380330431184,25.236412472770514],[121.63738601904156,25.236300423688697],[121.63677505671724,25.236352432685937],[121.63647600948035,25.236530422987634],[121.63568400717736,25.237474431006657],[121.63508399573512,25.237903434867544],[121.63457605795242,25.238734439625702],[121.63400306364811,25.23996839772904],[121.63387000720037,25.24039141981071],[121.63404801284673,25.242209475412924],[121.63422503855624,25.242782391789188],[121.63454103224177,25.243514424190789],[121.6347920052584,25.244136409143611],[121.63488300340633,25.244740391163251],[121.63507700326889,25.248211413434138],[121.63522002534833,25.249941411246649],[121.63520699584133,25.250302422723177],[121.63511005662735,25.25096544013655],[121.63473504766444,25.251973380639544],[121.63457199497716,25.252486465008925],[121.63447703287407,25.253042400123665],[121.63416701197174,25.253855400544353],[121.63412098465967,25.25442439324938],[121.63389200199276,25.254983438345768],[121.63377904847835,25.255654391938911],[121.63373505456951,25.25669043274317],[121.63378703200119,25.257112470237676],[121.63395605318811,25.25798246054903],[121.63397598316384,25.25844743948343],[121.63389399334564,25.25885344279839],[121.63354903589432,25.259410462700657],[121.63335403670202,25.25986047318246],[121.63315604332682,25.260161427037666],[121.63268100385098,25.260707438217434],[121.63230202460824,25.261038412584352],[121.63201300155789,25.261346439779292],[121.63158706202968,25.261951473537383],[121.63130798622491,25.262475416848069],[121.63112999703598,25.2628624194869],[121.63091801289011,25.26346643629525],[121.63067103630335,25.263783398287345],[121.63026101772179,25.264337422276288],[121.62983300402082,25.264912394888068],[121.62934105807706,25.265650403050504],[121.62898006839836,25.26607241082672],[121.62835503004041,25.266841414281711],[121.62809504682102,25.267339454637501],[121.62790105040274,25.267640384512099],[121.62717804097082,25.268453423459537],[121.6264879878173,25.269179450816129],[121.62597802468392,25.269797449528141],[121.62571505759732,25.270049471651209],[121.62510502064826,25.270397398856826],[121.62469299533578,25.270728419036388],[121.62418504660846,25.271198419113123],[121.62342605517242,25.27201140255881],[121.62258901635532,25.272766396024547],[121.62194603822601,25.273369404486907],[121.62115499719073,25.274153442271942],[121.62014099425983,25.275076459258745],[121.61959801847523,25.275541457827558],[121.61930104948915,25.275876393744518],[121.61874204034348,25.276493413604026],[121.6178710320648,25.27730943672319],[121.61729501820622,25.277756417777372],[121.61648704990986,25.278375467098055],[121.61576103743225,25.278769431593346],[121.61533304222652,25.278964426154253],[121.61500301318503,25.279178419899122],[121.61465800843771,25.279382462664138],[121.6141930396933,25.279502404430744],[121.61376506497504,25.279589414869601],[121.6133360454901,25.279634443241797],[121.61269202004485,25.279669442434493],[121.61229805703685,25.279729405736219],[121.61173602473929,25.279867437756419],[121.61102699232741,25.280186459166202],[121.61043499660299,25.280671402723549],[121.60993907090928,25.280746399233479],[121.60924500957691,25.280654464730837],[121.60848303099039,25.280725421457916],[121.60815398691122,25.280895420208356],[121.60813806564205,25.28090442687612],[121.60778903426116,25.281041389023638],[121.60708006774803,25.281360391391868],[121.60668502924084,25.281632434170685],[121.60627503553651,25.282144408277997],[121.60614500676208,25.282822449060173],[121.60613501490502,25.283664412947278],[121.60583800747654,25.284053401099317],[121.60549098662941,25.284251465481319],[121.60491499310872,25.284553402916274],[121.60453499140266,25.284954394353186],[121.60432905501187,25.285242428567045],[121.60365301372255,25.285802439030483],[121.60304400960992,25.28625347244704],[121.60231801347604,25.286798420618428],[121.60089904094232,25.287614437162112],[121.59940503534943,25.288431463728262],[121.59892805696289,25.288720415510767],[121.59787306042492,25.289311461244075],[121.59688403818488,25.289856464789235],[121.59643802787423,25.290052473884295],[121.59529701267866,25.290373444688221],[121.59359500276042,25.29087641702823],[121.59215705717016,25.291315391408208],[121.59285104124494,25.292037416854544],[121.59385901823828,25.292044472693235],[121.59395706504422,25.292482418700601],[121.59317200401985,25.292485388170313],[121.59244899589775,25.292431416498271],[121.5919380331285,25.291770413500824],[121.59130003147543,25.291440443484102],[121.59115803210194,25.29144841534864],[121.59105502781219,25.291453443978124],[121.59090301256586,25.291455402642484],[121.59024302080661,25.291625425225636],[121.58951503533495,25.291628424817979],[121.58911804037854,25.29164544733824],[121.5883780717227,25.291657442873298],[121.58771700300592,25.291809399450869],[121.58703204932897,25.292037395672516],[121.58701502451564,25.292042432282976],[121.58689203656813,25.292083455240132],[121.5865170217932,25.292396427680597],[121.58627705781379,25.292589431103739],[121.58551405646367,25.293026464161542],[121.58346006017834,25.294496424726933],[121.58292499577622,25.294986444586137],[121.58259304184983,25.295251388258333],[121.58210200987767,25.295612404713122],[121.58162199234594,25.295950422229364],[121.58106700245611,25.296160448715881],[121.58030304693132,25.296510426243881],[121.57980903385965,25.296903391501793],[121.57918202587329,25.297388437551231],[121.57842499102088,25.297904422543837],[121.57779301634099,25.298087472321555],[121.57774704739451,25.29810046545645],[121.57731803838972,25.298161470210605],[121.57685401259693,25.298178445242712],[121.57632605522559,25.298241448262079],[121.57569799204124,25.298316405614791],[121.57515305854903,25.298336402131419],[121.57401301887174,25.298354401477464],[121.57340004890602,25.298282390198406],[121.57295603854861,25.29814840191862],[121.57242500037393,25.297954454772746],[121.57187800463062,25.297762471511806],[121.57126601525054,25.297703450140496],[121.57064004665594,25.297722394163859],[121.56991199792159,25.297770434607894],[121.56898406121331,25.297668382972191],[121.56858806158985,25.297520400020847],[121.5679750267477,25.297236465491437],[121.56759099479237,25.296982432745757],[121.56729400851754,25.296652407230351],[121.5666780201485,25.295785406630486],[121.56689100612309,25.295349412291703],[121.56723707028004,25.294925454476733],[121.56764803221762,25.294773455055431],[121.56754206740078,25.293985397098641],[121.56709606483672,25.293931407729161],[121.56703602649664,25.294531395643734],[121.56639802203824,25.294473463104143],[121.56656006885189,25.29356346726027],[121.56596102303921,25.293021437365297],[121.56511001258309,25.292654436192375],[121.56416802918849,25.292856396908522],[121.56335203225376,25.292974457765574],[121.56228198862225,25.292692421449509],[121.56116204422811,25.292294451320345],[121.56036503987249,25.291893455028767],[121.5597040257903,25.291760440006261],[121.55904305035195,25.291853409967203],[121.5583020251504,25.292172414417138],[121.55783705468905,25.29214238049078],[121.55732804379562,25.292383382919844],[121.55665306617637,25.292552430488122],[121.55607306018481,25.292600385227331],[121.55539502703022,25.292781431963039],[121.55501506680299,25.292782420646159],[121.55442104998518,25.292922437025357],[121.55403903037688,25.292995456181526],[121.5536440283667,25.2929833940502],[121.55309604883449,25.292835409381851],[121.55276302149746,25.292387380551894],[121.5523500530898,25.292028411192533],[121.55225205466928,25.291730387211885],[121.55193699981227,25.291503409614815],[121.55159000457667,25.291277458048917],[121.55105506590836,25.291078390156702],[121.55026903955569,25.290995464011225],[121.54967205947865,25.290911464635535],[121.54863504876235,25.290915412679002],[121.54829006565494,25.291061439271473],[121.54870002300062,25.29142944837384],[121.54863807366796,25.291658466674953],[121.54826102762895,25.291745464363821],[121.54766499458499,25.291891400447287],[121.54737399740421,25.291913441208848],[121.5473260221473,25.291918398522608],[121.54688002348173,25.291951468402804],[121.54640905158281,25.292095422682554],[121.54612605429071,25.292240470757942],[121.54607000055276,25.292272459617219],[121.5460320241056,25.292295439539679],[121.54598807271006,25.292322427326091],[121.54594501396484,25.292347406729334],[121.54559399390885,25.292556456902123],[121.54511404189009,25.292709457231286],[121.54463501380488,25.292591416520377],[121.54428805636411,25.292996458553048]],[[121.55214307592055,25.198197476110799],[121.55248799855006,25.198677428740833],[121.55267501043724,25.199037427812932],[121.55254600186736,25.20021443812487],[121.55260406295552,25.200836398466162],[121.55155405977671,25.202017477180327],[121.55155605780874,25.202405433332075],[121.55169001852461,25.203364426218691],[121.55219499382456,25.203721434418661],[121.55269598713834,25.203886404146079],[121.55319901583448,25.204317448196061],[121.55333400797464,25.204722424229129],[121.5534150254431,25.205131398324099],[121.55367999687027,25.205466447876773],[121.55415804526224,25.205800445796211],[121.55479706559345,25.207791402869336],[121.55498400707353,25.208296408531982],[121.55535502733707,25.208509453292198],[121.55641199742014,25.208695438416246],[121.55696806493144,25.208814417440884],[121.55739003817837,25.208982393027028],[121.55792006988952,25.209459451659093],[121.5584770184776,25.20984044418357],[121.55948602196882,25.210274434348563],[121.55990400034574,25.21019448227111],[121.56135403003594,25.20959046848456],[121.56177600010142,25.209541457911865],[121.56225203057242,25.209539472477687],[121.5627749911759,25.209273392193307],[121.56290203382825,25.207833465882199],[121.56331699897274,25.206441451268059],[121.5636280556174,25.205576410719313],[121.56428605986902,25.204781453592151],[121.56457507345053,25.20410742427951],[121.56496206591962,25.202569442688201],[121.56514405449636,25.202063405966697],[121.56500706066112,25.201271393831814],[121.56431503621087,25.199811461665526],[121.56404504340361,25.198516416859732],[121.56412205416332,25.198178455900663],[121.56462106086335,25.196955416302671],[121.56493306036916,25.19630145191497],[121.56653603989589,25.194762409989576],[121.56732807061006,25.194684447690602],[121.56796107778649,25.194515442790284],[121.5695210237219,25.194701484781426],[121.57015500076791,25.194601439639882],[121.57170703643946,25.193828464196081],[121.57215501693034,25.19361247129774],[121.57334304568218,25.193969475930015],[121.57477306478305,25.194561446720243],[121.57551401296011,25.194534452424438],[121.57583105974274,25.195038470487045],[121.57614703907029,25.195226480128387],[121.5765169924193,25.195128432564704],[121.57694203842409,25.195223469052372],[121.5777280129879,25.194694390045374],[121.57809705654861,25.194524467783481],[121.57859702017102,25.194522425466143],[121.57878000961841,25.194210400424225],[121.57925704683203,25.194135397648605],[121.57962999645527,25.19475945477075],[121.57986703507106,25.195022439558286],[121.58034399057172,25.195210439156611],[121.58071504095101,25.195306396109295],[121.5812149940564,25.195304432510117],[121.58182107331115,25.19508744799051],[121.58298103246555,25.194815449076469],[121.58361404031598,25.194549404873271],[121.58305605075752,25.19407046715304],[121.58273604614975,25.193017435348573],[121.58286406230633,25.192559452020063],[121.58355101882549,25.192127427150279],[121.58362804943731,25.191718489447499],[121.58377702976306,25.18993941616176],[121.58371901920779,25.189220421437472],[121.58311002531454,25.188646427985454],[121.58290006818092,25.188361409133716],[121.58305405545298,25.187685442172722],[121.58212499953564,25.186969423336556],[121.58193806172459,25.186586445032393],[121.58169902076202,25.186036452820453],[121.5826410672185,25.184735397952466],[121.58271807014012,25.184233461771452],[121.5824790663722,25.183778449886123],[121.58182107828655,25.183492481093182],[121.58144804527224,25.183038447566741],[121.58117999134213,25.182149450015189],[121.58096599986106,25.181717453932244],[121.5813310572514,25.180614418653363],[121.58146307149173,25.180255460369473],[121.58217302944047,25.179771441482259],[121.58214306358546,25.179266394350705],[121.5832180495165,25.177607471451008],[121.58350101903434,25.176595407451529],[121.5841080055835,25.175850393422312],[121.58420806488697,25.175416443284803],[121.58449100212712,25.173714399945926],[121.58446500283641,25.173185412566269],[121.58512102462107,25.172727421518669],[121.58535303578199,25.171909399762217],[121.5859030481537,25.170756422921656],[121.58611202523372,25.169986427250542],[121.58739905538904,25.169046401121765],[121.5879760539829,25.16820444250008],[121.5888130499455,25.166929417993952],[121.58943903361435,25.165338408461803],[121.58980306013353,25.163994471246514],[121.59029303748403,25.16197847782005],[121.59042306549618,25.16123344652479],[121.59058103516332,25.160343394421478],[121.59162503213587,25.158154459092483],[121.59180806737157,25.157648473303357],[121.59172601386229,25.157075469333684],[121.59195603328686,25.155707417127566],[121.5917970353064,25.155344467224264],[121.59145303794598,25.154961395357009],[121.59084107008043,25.154607478647158],[121.59060000670323,25.153597401751473],[121.59012104765523,25.153048465393312],[121.58972603777998,25.152808433555695],[121.58938201604741,25.152570443871916],[121.58940499730257,25.152211457671537],[121.5899070465304,25.152016422677956],[121.59180005820238,25.151001451237512],[121.59214601027561,25.150858400165951],[121.59298705106229,25.150708409725294],[121.59351305866657,25.150444469690957],[121.59385304469492,25.14986543491111],[121.59392901046276,25.148641469451345],[121.59392603084623,25.147991404686529],[121.59489805439699,25.147103416211426],[121.59552303992777,25.146116400723582],[121.59602000332114,25.144647420124251],[121.59598999145724,25.144193477587404],[121.59585702667447,25.143615458108194],[121.59606401140135,25.143161470281687],[121.59703598628715,25.142462417479759],[121.5973540041776,25.142097473879268],[121.59822201532529,25.140916430652009],[121.59856106031113,25.140219493543135],[121.5989300370121,25.140024410909415],[121.59995606929863,25.139661465754923],[121.60077102518947,25.139082484387263],[121.60174203605595,25.137927463022713],[121.60213900510398,25.137758465896006],[121.6032690667035,25.137129444867909],[121.60397804913669,25.136478460309622],[121.6041600274018,25.135875416140319],[121.60397300748343,25.13542248081383],[121.60404902311477,25.134844423557965],[121.60445600313885,25.133666408316614],[121.60463901595574,25.131530441046799],[121.60463705675441,25.130980422458823],[121.60529602776519,25.130616479175284],[121.60621703547486,25.130540398342493],[121.60703601907527,25.130609462291616],[121.60788602167078,25.13101144891484],[121.60769003614216,25.130136474474689],[121.60706000820784,25.12892649239198],[121.60584401983176,25.127535439561399],[121.60489804285743,25.126905469678981],[121.60467100179173,25.126495414299576],[121.60432101636437,25.126049462053317],[121.60391105590358,25.125968437399919],[121.60250200952257,25.125993404972192],[121.60205304943021,25.125948452124842],[121.60163105348065,25.125661429660912],[121.60141605633565,25.125303407577437],[121.60122506913129,25.1239834567949],[121.60117005135872,25.123220473773923],[121.60078902480886,25.121708432836453],[121.60001205648905,25.120582440248036],[121.5991320668749,25.120317481203127],[121.59891399185014,25.12002945005727],[121.59873305892778,25.119136415972342],[121.59851702523132,25.118561430658271],[121.5977750613187,25.117005422082141],[121.59752700588123,25.116572409101281],[121.59753107307429,25.11611246326359],[121.59693900634518,25.115304423095189],[121.59569199842271,25.113860409961081],[121.5957290345855,25.113199436520382],[121.59627100172219,25.112601447980289],[121.59656604794941,25.1113114914825],[121.5977500582819,25.109309456600304],[121.59832104906815,25.108968487173179],[121.59914205135703,25.108774480695004],[121.59961704611914,25.108490407217264],[121.60005903923786,25.108378480388119],[121.60049902828361,25.108525494079373],[121.60119399531793,25.108301465914131],[121.60277103326878,25.108168478900115],[121.60356300248711,25.107714446201712],[121.60410006162498,25.107576480236048],[121.60457506153871,25.107378429907904],[121.60511100859762,25.107265461372748],[121.60558406802706,25.107270479130367],[121.60612005541429,25.107216467289685],[121.60656303523997,25.107076416849292],[121.60782501219826,25.106855474208022],[121.60928500599009,25.10571843750321],[121.60972900313922,25.105405490570352],[121.61131203860775,25.104613456764454],[121.6126370274101,25.104508405931547],[121.61405802661949,25.104142460463084],[121.61478502952777,25.103889443799432],[121.61526004488668,25.103634480029886],[121.61564105247952,25.103321411305583],[121.61650104311803,25.102322410535589],[121.61688698797093,25.101465418354667],[121.6171420364866,25.101151432423119],[121.61799799897126,25.100610464260182],[121.61844303647007,25.100154468758337],[121.6188560125028,25.099812440586962],[121.62063098995338,25.098561406627859],[121.6212010231818,25.098308460478048],[121.62161503287504,25.097850416145551],[121.62190200577129,25.097452482191621],[121.62304206844766,25.096856416286489],[121.62342000355876,25.096915415723704],[121.62493205958205,25.097013417038557],[121.62559602199985,25.096760424080902],[121.62601100474718,25.096160430283511],[121.62598399782952,25.095643470203544],[121.62560904289174,25.095238484100815],[121.62514103913335,25.094690428238454],[121.62492601070308,25.09408341742694],[121.62499402594011,25.093453471229182],[121.62547199072672,25.092826475459205],[121.62557203031803,25.092252453723653],[121.62618000573589,25.091222412799809],[121.62590104931247,25.090702442996832],[121.62600103657203,25.090072448850094],[121.62619200769953,25.0897574440828],[121.62647804910253,25.089501438727272],[121.62689000285742,25.089274438459352],[121.62730300783394,25.088933471308749],[121.62765099658814,25.088591441936487],[121.62793799718196,25.088220497941446],[121.6281320379927,25.087675410960372],[121.62816902535099,25.08707240735837],[121.62845807325859,25.08644449992515],[121.62833601420563,25.085954478056472],[121.62774406877922,25.085147465263269],[121.62733901017832,25.084656469913739],[121.62740604717131,25.084139465642423],[121.62778901216682,25.083652465593801],[121.62782405360488,25.083194455860461],[121.62767002423416,25.082734458073883],[121.62735905695081,25.082332458204071],[121.62695105658408,25.08212643973047],[121.62610104326853,25.082034404396577],[121.62566198551676,25.081801511693094],[121.62538106742309,25.08151458991949],[121.62491303548322,25.080936553480079],[121.62450607100382,25.080673530374618],[121.62422402801448,25.080442493965791],[121.62400999586899,25.079752515588424],[121.62436103462345,25.079209573156987],[121.62490398974963,25.078573552814561],[121.62490500764308,25.078209519377555],[121.62468898928843,25.077777588583736],[121.62434402927799,25.077516561667988],[121.6239670376743,25.077342539063299],[121.62352104802838,25.076931537437069],[121.62326804710227,25.076600503488415],[121.62300199318769,25.076100525230473],[121.6229120584706,25.075584545686088],[121.6227580585175,25.075124542692585],[121.62219602272829,25.074573527057876],[121.6212809982096,25.074597589543629],[121.62091104063634,25.07367656405383],[121.62194403739741,25.072484501584203],[121.6212879895578,25.071641519214324],[121.62135199311322,25.070033574046782],[121.62160903453713,25.069547570421854],[121.62110604142717,25.069429584879583],[121.62057601527061,25.068766548406821],[121.62016800571028,25.068533507479351],[121.61966504961381,25.068501581233992],[121.61922799121426,25.068067574660819],[121.61891501267993,25.06783656864474],[121.61863301088994,25.067605520444136],[121.61812999836094,25.067514527339011],[121.61759600719806,25.067309547941949],[121.61769604597536,25.066767575888878],[121.61795205746149,25.066251503187864],[121.61786300598358,25.065676555978385],[121.61783703097296,25.065044553983462],[121.61742604738646,25.065242555915241],[121.61715701719507,25.065835514388226],[121.61668805808044,25.065782562992183],[121.61654602870405,25.064979495961566],[121.61645603030804,25.064490501488532],[121.61619103069019,25.063830509577087],[121.61851601127917,25.06301250681679],[121.61965599406543,25.062330582417626],[121.62095800782242,25.061165565264584],[121.62149906328553,25.060535530408121],[121.62185006104946,25.0599925175222],[121.62284604437693,25.057648516534606],[121.62402906322056,25.055647536030943],[121.62406406955293,25.055216540831406],[121.62343701391154,25.054869584215478],[121.62302607186498,25.055094577576728],[121.62270701519276,25.055551521231532],[121.62232606737896,25.055923568131004],[121.6216910302182,25.05640656637831],[121.62102803539933,25.05660155838369],[121.62052601603402,25.056454508366151],[121.62085502747649,25.054794524984988],[121.62085999131851,25.054221544756622],[121.62058200734586,25.053644587493071],[121.61657506043377,25.050977529204019],[121.61623204254091,25.050518578749326],[121.61684301484301,25.047676563661515],[121.61816406698745,25.045443549309596],[121.61960604501512,25.043340502333152],[121.62189400621681,25.04031657259215],[121.62289499175166,25.039979575454936],[121.6241070081682,25.039380567084098],[121.62607000320671,25.03810357170093],[121.62752502432814,25.037366546378596],[121.6293570021774,25.036747548043955],[121.62995905869292,25.036264569998075],[121.63015606266143,25.035405541568071],[121.63059805900393,25.035207563429807],[121.63125701104821,25.035527543332684],[121.63238803422887,25.03579351360251],[121.63286006213919,25.035823563394903],[121.6332380466108,25.035895531247125],[121.63395900609541,25.036017504778997],[121.63436706106386,25.036135577353065],[121.63615206132923,25.036953548989],[121.63665205019758,25.037129551355406],[121.63721706349476,25.037249553419699],[121.63772104168841,25.037168567238027],[121.63854202806039,25.036827546117408],[121.63908006415053,25.036488544756846],[121.63971003655061,25.036321513250336],[121.64117002734731,25.034784561387728],[121.64522100436365,25.031948589193913],[121.6456009940273,25.031608522718258],[121.64698604159668,25.031360540134287],[121.64994906797915,25.030440574513641],[121.65036298135823,25.029811522184353],[121.6509010631755,25.029414514409261],[121.65175098094592,25.029276535897338],[121.65794100652484,25.029100556893251],[121.66034802201831,25.030238524996065],[121.66069106015701,25.030469588668446],[121.66174904529187,25.031483520522087],[121.66233803240178,25.032204543342569],[121.66264801071277,25.032639533088201],[121.66314605282373,25.033101568609219],[121.66342504967972,25.033504547213223],[121.66370499141152,25.033794569630988],[121.66423502812729,25.034142522070095],[121.6648300454531,25.034261566232395],[121.66616101610768,25.033704579796392],[121.66597406033705,25.032895531331658],[121.66466504306777,25.030064533715311],[121.66510799475309,25.028270513231117],[121.66496103582897,25.027295514157821],[121.66496399413569,25.026950502074506],[121.66506201103986,25.02660652722146],[121.66531599415069,25.026235572102042],[121.66535407041064,25.025490516619911],[121.66510905073477,25.024886493435389],[121.66442704290178,25.023991550217065],[121.66427604098132,25.023389539110934],[121.66402801820101,25.023043579822197],[121.6634970625982,25.02283756348713],[121.66283701267483,25.022802508356047],[121.66164204711718,25.023022524766219],[121.66094905674888,25.023246543477004],[121.65950399359254,25.023376570501313],[121.65909502821675,25.023374499543358],[121.65774601914536,25.023246573430743],[121.65632905623299,25.023666545615484],[121.65563801519767,25.023689546835651],[121.65516605361859,25.02379952274805],[121.65406104142295,25.024391537415212],[121.65343405202617,25.024272576952558],[121.6519300246228,25.023885537378938],[121.65120801539636,25.023850500131267],[121.65073505810376,25.023990533180157],[121.65026404098354,25.024015522665202],[121.64976402288347,25.023782522110679],[121.64920301303144,25.023261564351735],[121.64886099444692,25.02300057808986],[121.64679899317719,25.021778574916901],[121.6463920074688,25.021717499440452],[121.64594906739056,25.022001579910235],[121.64540602057798,25.022912515797703],[121.64511905996653,25.023284577704473],[121.64470704018758,25.023654557955666],[121.64306505992073,25.024500541402599],[121.64243806920547,25.024379567204054],[121.64077007216117,25.023621574035829],[121.63901906957466,25.023718567821088],[121.63766399852899,25.024110564391815],[121.63669302903904,25.02378552952629],[121.63606502874204,25.023751566979897],[121.63448701119407,25.024399541119539],[121.63391601092752,25.024880500671657],[121.6332229880009,25.025048494312568],[121.6326970013818,25.025498572247812],[121.63219202486167,25.025581525819508],[121.63172100234473,25.025434555524146],[121.6310329870639,25.024999577495407],[121.63072100621706,25.024626565508758],[121.63050306311835,25.024279513047002],[121.63019505352121,25.0235315167495],[121.63014203621728,25.022240515145494],[121.62986403030294,25.021636583236692],[121.62908899302512,25.020283547931474],[121.6288399991827,25.019968507336063],[121.62840206970927,25.019620578783524],[121.6279000323175,25.019444555632038],[121.6272380506778,25.019555509978179],[121.62664201538144,25.01926450472417],[121.62589302492466,25.018572524500584],[121.62526598649089,25.018225558453668],[121.62470103667063,25.018049524350623],[121.62316602867593,25.01720751934047],[121.62266199529228,25.017263534570052],[121.62051302086671,25.018310574572556],[121.6199779988947,25.018249506564313],[121.61925601273418,25.018015523572878],[121.6177120007474,25.018290543534402],[121.61688706513132,25.018975558912924],[121.61634703751375,25.019600516311215],[121.61593707030097,25.01965657303175],[121.61465000874497,25.019333521501693],[121.61364402761264,25.01921352360694],[121.61326700326342,25.019124525457595],[121.61266500160417,25.019551553004725],[121.61203604563681,25.019517568264607],[121.61115198841422,25.019857529643637],[121.61052305234557,25.019794569304956],[121.61014399084846,25.019906543618969],[121.60982699374601,25.020192522302025],[121.60934901367719,25.020875542985209],[121.6089100377451,25.020672573259208],[121.60800799742945,25.019520550856971],[121.6076320012527,25.01937556128026],[121.6053670138139,25.019244567620806],[121.60395401036047,25.018949568743903],[121.60370500380489,25.018632580125214],[121.60330699808445,25.017426581969072],[121.6028730104006,25.016735551380691],[121.60291104266831,25.015904554813005],[121.60275903967758,25.015300512642831],[121.60219505028411,25.015011522501844],[121.60131404315064,25.015121533909234],[121.60059303904883,25.014839592339339],[121.59735200226855,25.014818507388608],[121.59713605368646,25.014388522012588],[121.59742702788712,25.013518598599092],[121.597276033258,25.012916513357752],[121.5965260336463,25.012366498893041],[121.59628203105527,25.011505582923764],[121.59631805626664,25.011046586790247],[121.59625803858145,25.010701560381818],[121.59564601028934,25.008864558517516],[121.59553703849291,25.007057574208268],[121.59572999099035,25.006571591165009],[121.5957359965865,25.005885546549045],[121.59577804421197,25.004709543678313],[121.5961280781215,25.004310508378072],[121.59669207357764,25.004513558550215],[121.59710106709525,25.004516520659671],[121.59763804223397,25.004234552897845],[121.59798803301258,25.00386251640175],[121.59836907932811,25.003493505863091],[121.59957307638385,25.002470549780387],[121.6004370647309,25.000813511472714],[121.60045601849158,24.998693536752079],[121.60024706503766,24.998218552280036],[121.5999470616902,24.997856522763946],[121.59972403148001,24.997545563754674],[121.59974300140847,24.997091515509069],[121.59968206776107,24.996726541548238],[121.59948002927855,24.996397537035286],[121.5988390432065,24.995946588950098],[121.59835603640732,24.995402556206241],[121.59815302771071,24.994820555523788],[121.59809204495579,24.9944755203115],[121.59818906191785,24.994145576801287],[121.59834705176962,24.993598511180465],[121.59874599144916,24.993270506320663],[121.59934406653238,24.992791550737881],[121.59920007758259,24.992263583994628],[121.59899805746049,24.991702517229065],[121.59931601249262,24.991335562937774],[121.59987500376751,24.991040508345076],[121.60059407680754,24.990800513357396],[121.60119306472572,24.990581570613799],[121.60175005881486,24.989795516388583],[121.60170802571945,24.989100559038704],[121.60186805796975,24.988775580118229],[121.60184502098279,24.988355565409417],[121.60112300016648,24.987920579700774],[121.60038106650255,24.987521513998065],[121.60005701928667,24.987249517621336],[121.5999360679004,24.98690554438328],[121.59983506476951,24.986246566855147],[121.5999470504041,24.985045533435784],[121.60004305926245,24.984424594032323],[121.60035900431234,24.983129559697751],[121.60035705211453,24.98272750643822],[121.60037105869995,24.981978582186965],[121.60040798511277,24.981524562572687],[121.60058505381657,24.980483527572609],[121.60050205661869,24.979864570984901],[121.60032104475418,24.979517585300023],[121.59953607064362,24.978957530954251],[121.59935401005488,24.978430510973638],[121.60008801639179,24.977022553762563],[121.60044499748682,24.976659513090237],[121.60086104764508,24.9764365296775],[121.60148101096183,24.976143569793365],[121.60218103926017,24.975903556451364],[121.60272102807815,24.975847555596253],[121.6034599916611,24.975534594200749],[121.60401903242398,24.97533151701662],[121.60487601681697,24.974597507146967],[121.60559301897631,24.974269553943969],[121.60635205739624,24.974374536833921],[121.60771300272108,24.974405562956242],[121.60819405009188,24.974475550495942],[121.60903703022838,24.974618555061255],[121.61057507221557,24.974411546182374],[121.61139702701212,24.974482571372683],[121.612092055091,24.973931569127522],[121.61241400819982,24.973729523757356],[121.6129910458864,24.973471540493339],[121.61347101957563,24.97336157857044],[121.61391105911542,24.973468569250514],[121.61445102114291,24.973410532770746],[121.61478901783512,24.972971511204431],[121.61568598749015,24.972128558818898],[121.61630399685123,24.971618566918636],[121.61694100746044,24.971285567781994],[121.61773904031064,24.970919573818637],[121.61844005806849,24.970823573280029],[121.61903900348,24.970638512102916],[121.61957801270566,24.970329556498754],[121.61985601777809,24.969890583690891],[121.61980304785223,24.969005524477769],[121.61972999501982,24.968378579339483],[121.61990504815566,24.967741584137567],[121.6195240164398,24.96723060253818],[121.61920301825398,24.966995549183313],[121.61840106211086,24.966797543039341],[121.61786404061013,24.966831554797384],[121.61755105838789,24.967087554340445],[121.61707304898178,24.967441577115608],[121.61664798635726,24.967190528238099],[121.61518206726932,24.966305522480937],[121.61477706716821,24.966306564965549],[121.61403901088185,24.966442516381377],[121.61340900903309,24.966176588746301],[121.61301999525494,24.966061541523082],[121.61255499975977,24.96577651712337],[121.61196306603642,24.965376524711335],[121.61148404209953,24.965311585359448],[121.61107501635306,24.965194534173769],[121.61062906901621,24.964943553440147],[121.60984900048609,24.964490519934877],[121.60936800050303,24.96412455621422],[121.60722903414498,24.963532591937142],[121.60619900273451,24.963345550716102],[121.60526498762744,24.963129596847775],[121.60462201901798,24.963028548958647],[121.60344604907775,24.962123556808248],[121.60303500779769,24.961671513487133],[121.60231405570755,24.961205562665139],[121.60175899584601,24.960988583266317],[121.60137000698329,24.960904555393792],[121.60079698654779,24.961008534545726],[121.60002301809141,24.96122753675257],[121.59930101357504,24.961081557746489],[121.59847101562757,24.961118569354412],[121.5976550060642,24.960465536834349],[121.59719202601603,24.960451591220266],[121.59687906639222,24.960752522277733],[121.59625204468412,24.961143550638408],[121.59551400336056,24.961263518821195],[121.59503606635549,24.961586584450711],[121.59468601725894,24.962108510288775],[121.59428400820788,24.962853562128068],[121.59380804091084,24.963779576583931],[121.59331200589095,24.964200591737416],[121.59284804187666,24.964137512972346],[121.59196003050512,24.964054550834913],[121.59153801152426,24.964444568532379],[121.59115006330809,24.964631557386145],[121.59081801597056,24.964379522792289],[121.59009399376464,24.963913524709959],[121.58933405451783,24.963710578362274],[121.58866901216648,24.963379592702758],[121.58820900694695,24.963615529342214],[121.58780204737663,24.963703541644314],[121.58700700613386,24.963487541737642],[121.5862130322205,24.963373565548864],[121.58560102466811,24.963339587389868],[121.58541800276382,24.963796538580613],[121.58492200648753,24.964369565920009],[121.58442400669136,24.964589584614199],[121.5837590068755,24.964544519070003],[121.58272606122965,24.964582516803056],[121.58222701557523,24.964666536265199],[121.58147000310501,24.964890521565412],[121.58069406684201,24.965245592083022],[121.5799580590127,24.965719599409983],[121.57938707559269,24.96612558785953],[121.57883399501469,24.966381558240393],[121.57824499606153,24.966569573248336],[121.57780005670804,24.966453552893359],[121.57709704741664,24.96640652421334],[121.57621100081916,24.966678582028845],[121.57499305905633,24.966902589617533],[121.57458505435204,24.966820558680698],[121.57458204856246,24.966280543714735],[121.57457902060739,24.965488537432492],[121.57439301182356,24.965171529845502],[121.57395103954437,24.964935582882646],[121.57335500831822,24.964382591030212],[121.57291006200433,24.963996517181119],[121.57233606388446,24.963948515283956],[121.57104500464089,24.96422253987755],[121.57006701419573,24.964291567598028],[121.56941806658352,24.964110581536239],[121.56902803347052,24.964010581700247],[121.56690204411265,24.96400353102295],[121.56625704960106,24.963971578770909],[121.56594405063586,24.964173579750145],[121.56548104903386,24.964157542359874],[121.56487204797398,24.964227568354612],[121.56437505744793,24.96456759816931],[121.56374604450693,24.964603566347265],[121.56274902574066,24.964709546847313],[121.5611960154982,24.964580519906054],[121.56040203559324,24.964987553783185],[121.560183071228,24.965374550241041],[121.55961401233922,24.966437600727048],[121.55921302312071,24.967366555774348],[121.55873403385894,24.96797357354848],[121.55855105840884,24.968375504126609],[121.55824304176419,24.969760541681758],[121.55800604288217,24.970465516773373],[121.557862066279,24.971309545551843],[121.55766101038479,24.972014562287537],[121.55723799967011,24.972540547434512],[121.55670602067808,24.972979536583644],[121.55635403917711,24.973299587200735],[121.55621106584692,24.974040594036275],[121.55604601587265,24.974598567229467],[121.55569806792472,24.975306563798494],[121.55513100541484,24.976669532123804],[121.55478804613888,24.976724525386853],[121.55418502974338,24.977033587352636],[121.55395606105898,24.977330585959471],[121.55367402430386,24.977985525133008],[121.55336905890016,24.979101561708298],[121.55329904905551,24.979925521897563],[121.55320204716827,24.98092350477329],[121.55349301921945,24.982247519012081],[121.55376906531892,24.983388572366437],[121.55407405791357,24.984466583928679],[121.55383601662176,24.985076573365138],[121.55330002664164,24.985765575945912],[121.55268903626373,24.986641578504198],[121.55227001587762,24.986995542517324],[121.55168500511657,24.987342528159353],[121.55103906528812,24.987162536938129],[121.55087000105111,24.986937519237213],[121.55098802288474,24.986561568147042],[121.55107506188527,24.98609255326809],[121.55100802640696,24.985715571928012],[121.5507750403083,24.985246568942962],[121.5505300486046,24.984868517814963],[121.54958507161554,24.984095517899192],[121.54890906928898,24.983784537783674],[121.54801905018211,24.983496526662748],[121.54713605618691,24.983375545475798],[121.54594004289339,24.983325579013631],[121.54549304121932,24.983489561979507],[121.54497001794172,24.983663570582564],[121.54449201004996,24.984080563012039],[121.54423700826233,24.984557504286041],[121.54419105710637,24.984957566439306],[121.54420501352926,24.985421516502068],[121.54424301186035,24.98601557426527],[121.54459099287207,24.987093548904351],[121.54456800486118,24.987752567627176],[121.54407104915312,24.988175581193655],[121.54353401442565,24.988195515981904],[121.54157506688244,24.987880593817248],[121.54041106236934,24.987701533462374],[121.53955801409479,24.987636547628227],[121.53911499208417,24.987706511597256],[121.53753805672696,24.988202576785984],[121.53689302738739,24.988550542287602],[121.53593305001773,24.98942754658664],[121.53559500141581,24.990121575010448],[121.53557905595869,24.990778574858457],[121.53588605125472,24.991555589414723],[121.53703305199171,24.993282586400241],[121.53686600855197,24.994181578806465],[121.53536702474555,24.995493561368992],[121.53507001442378,24.994777553152346],[121.5347540550689,24.99415559793194],[121.53436204204019,24.993594579668766],[121.53394104738773,24.99296451146482],[121.53324402337756,24.992059503528331],[121.5324210516184,24.990996583781467],[121.53152903517028,24.990173524448391],[121.52945105999115,24.98827852425951],[121.52832207576786,24.987289517096489],[121.52793201422996,24.987040537225671],[121.52733902599901,24.987006518050791],[121.5268050098025,24.987143574362221],[121.52686207672244,24.987513564440736],[121.52811007166564,24.988612568403163],[121.52930806175819,24.990470549520442],[121.5302800057277,24.992137545531982],[121.53108103018353,24.994906515256758],[121.53068901420764,24.996471556711146],[121.53064604874962,24.998528514141086],[121.53066803547274,25.00005154222211],[121.53120400824749,25.001252563624277],[121.53300707059915,25.001569527709449],[121.534022014901,25.002019508488765],[121.53420607528933,25.003557554331081],[121.53264406502633,25.006070513466511],[121.53237602799817,25.007644509647452],[121.53183004944317,25.008815545085334],[121.53129005259298,25.00938458012839],[121.53092100132852,25.009536588239047],[121.53005900722826,25.009949583041241],[121.52902002539057,25.010142527323126],[121.52845301570126,25.010341557609124],[121.52690605127711,25.011046515761432],[121.52643106536063,25.011386518696181],[121.52592404275755,25.011783514217512],[121.52525703741568,25.012552525356423],[121.52267900699123,25.015856556863877],[121.5217510061816,25.017397537880637],[121.52136903692096,25.017881569776659],[121.52086200217816,25.01836449958725],[121.51949899284321,25.019472527951301],[121.51852005226542,25.020010549014984],[121.51650104030416,25.020740529813846],[121.51394900809051,25.021496529629403],[121.51281506553956,25.021717588880033],[121.51176000516081,25.021885548068184],[121.51068703721953,25.021931588651288],[121.51017605070537,25.021807562342619],[121.50915505779646,25.021497575332599],[121.50862806041668,25.021232581855077],[121.50819005991279,25.020750567497306],[121.50522804101583,25.017777572894694],[121.50460500373795,25.017084543935816],[121.50174400970555,25.013448578888834],[121.50096503142554,25.012582528983888],[121.50040399694302,25.012033556651321],[121.49962405113209,25.011426543597924],[121.49821806484434,25.010498552660643],[121.49568205725349,25.009278550104316],[121.49489805512431,25.009158545221045],[121.49401202182442,25.009152548630762],[121.49307606522351,25.009146536236734],[121.49197402797017,25.009398570314929],[121.4913430732298,25.009768503914444],[121.49061606337966,25.010337556290626],[121.49010906606954,25.010765583589503],[121.48893099917954,25.012710527530686],[121.48856804989019,25.013962508893428],[121.48841501505682,25.014488599104823],[121.48811000487564,25.017213567286415],[121.48791108589252,25.018532545732363],[121.48784004680024,25.01948054568518],[121.48827302805987,25.020429514621078],[121.48866907968335,25.021897519541543],[121.48875506712126,25.023016554170606],[121.48613007033005,25.029144572342229],[121.48603206958856,25.029662533707992],[121.48602904920284,25.030034538919548],[121.4861760331944,25.031327548946361],[121.48629102098043,25.032590507494923],[121.48650403764603,25.033425541836682],[121.48739605410182,25.035812508530931],[121.4887930674581,25.038031567246794],[121.48999602057249,25.039266571641566],[121.49075703628162,25.039995501333628],[121.4921300717824,25.041094572648444],[121.49288106112992,25.041615587732036],[121.49360704334103,25.042054513501132],[121.50029900252227,25.045217548691088],[121.5011110189167,25.045853527788026],[121.50161005646103,25.046373530800622],[121.50316201449763,25.048189522140792],[121.50347403567139,25.050352526166957],[121.50356805647351,25.051016562469808],[121.50410306456138,25.052747587489961],[121.50435503242183,25.053873534613661],[121.5046690453307,25.054853563223183],[121.5048260211401,25.055778505495155],[121.50501401498593,25.056845529847795],[121.50513802923231,25.057942587558298],[121.50537504634012,25.058905521131098],[121.5055540094977,25.060141514775921],[121.50668305750662,25.064364580030695],[121.5068620387556,25.065542517646804],[121.50695201530387,25.067638550842574],[121.50692800706555,25.070764547179461],[121.50613002239089,25.074661534752597],[121.50577505496943,25.075866578352095],[121.50485502414008,25.077753510633755],[121.5042380253212,25.079529519205089],[121.50251105950579,25.083336547988349],[121.49977805769525,25.087308496826878],[121.49832101955538,25.088733463379317],[121.49405005607889,25.092352458155545],[121.4917420681152,25.094177458890659],[121.49141101220957,25.094600479245518],[121.48923806540982,25.096801425028826],[121.48885905748307,25.097116424640827],[121.48766002484075,25.097711409875792],[121.48538400175214,25.099332434504547],[121.48329999496686,25.100469467743601],[121.46214098542801,25.102838478092607],[121.4603989519992,25.102992415721747],[121.45985799572487,25.103350472494615],[121.45874497343161,25.104893437189109],[121.45804595452988,25.105807437187138],[121.45717398890666,25.10866940868333],[121.45719994301874,25.109357417987258],[121.45738594973903,25.10967548810375],[121.45750893533561,25.110020452010218],[121.45763096572917,25.110480466053396],[121.45900895877487,25.112686406129008],[121.45939592222025,25.113788447250958],[121.45950097410184,25.116399458866965],[121.45937496609294,25.118006472690617],[121.45934794428459,25.121435454155101],[121.45946892182111,25.123446459465317],[121.45970296432506,25.123562483593869],[121.46009492741091,25.123672404514242],[121.46066697603398,25.123643448861909],[121.46110697060872,25.123517486550547],[121.46203792508886,25.123634402406175],[121.46339996558267,25.124172429836886],[121.46410294428125,25.12433040323323],[121.46465096885076,25.124655438175779],[121.46486997545746,25.125833484757159],[121.46471697517948,25.126664428481959],[121.46462798352812,25.127896447685462],[121.46469196203049,25.128354454223913],[121.46488294401065,25.128956445029218],[121.46554798860242,25.130385443358659],[121.46595198183842,25.131738413599169],[121.46663499502246,25.132959415260576],[121.46700597464434,25.133735448729144],[121.46738497673942,25.134106421568482],[121.46798093920961,25.134305437686745],[121.46835893935244,25.134561477138941],[121.46854893356459,25.134962480947728],[121.4688019624582,25.135478406807525],[121.46927399199419,25.135935397178311],[121.46958896860569,25.136135472317989],[121.47065792409795,25.13667544393477],[121.47185394885653,25.137647480387312],[121.47254993991022,25.1390484346046],[121.47343395948126,25.14022245027089],[121.47469095150311,25.140847463121538],[121.47573096925188,25.141905476386505],[121.47604599054016,25.142278435314434],[121.47645694066877,25.142877444294466],[121.47705698548508,25.143880436053962],[121.47749995278575,25.144422458739253],[121.47784590918664,25.144652470963702],[121.47837992626714,25.144934440724363],[121.48048994705539,25.146647430645526],[121.48080498159578,25.146935424488301],[121.48146695213445,25.14773439905678],[121.4817199307768,25.148135456960564],[121.48279595853712,25.150165430990917],[121.48339400358719,25.150680482851556],[121.48424197084165,25.150964458179129],[121.48625005490644,25.150957437747632],[121.48675205715944,25.151100435261718],[121.4872240314875,25.151326403166717],[121.48754403999607,25.152817457970446],[121.48931200693727,25.155246439364173],[121.49004307343694,25.157079412263489],[121.49013901961253,25.157422454948644],[121.49029906632056,25.158281467186494],[121.49109002596356,25.159597423604779],[121.49140800875222,25.160686418031315],[121.49188001549035,25.160971432065661],[121.49254005780739,25.161111437531435],[121.49338902990402,25.16153947275636],[121.49455401587012,25.162623465492619],[121.4955280837636,25.162821470082186],[121.49760304533775,25.163904470808369],[121.49832802778943,25.164561408683671],[121.49905506201753,25.165676451711725],[121.49934000270916,25.166307422876123],[121.4997550207667,25.167795413583804],[121.50019805523014,25.168423403347436],[121.50082704603078,25.168766452484117],[121.50117305430288,25.168937471662357],[121.50177101289792,25.169393472087997],[121.50186899434951,25.170223432695689],[121.50165401648756,25.171255436152318],[121.50241202705213,25.172228421143625],[121.50254105195461,25.17300248010374],[121.50279302479079,25.173287473627401],[121.50398605991799,25.173342464384472],[121.50489903025047,25.174197453784242],[121.50505800233697,25.174512474205233],[121.50493403935398,25.174971465293446],[121.50525103395235,25.175602402782388],[121.50575299962929,25.17562939359815],[121.50663005710783,25.175252425903814],[121.50669003610756,25.174678429804469],[121.50621505875972,25.173678406445958],[121.50568001434713,25.173307439891122],[121.50527204429051,25.173252394916943],[121.50533105585038,25.17262045115702],[121.5054830319862,25.171558414426105],[121.50592001979432,25.171070455038215],[121.50711206819402,25.171009395245868],[121.50823302377549,25.170320447866445],[121.50975307005697,25.169523483834151],[121.51057107708544,25.169306414403831],[121.511150012483,25.169349465937582],[121.51218600990869,25.170449476279607],[121.51260803044292,25.170714453520208],[121.51300605741395,25.170855463339169],[121.51400705479588,25.17089947419219],[121.51485202458635,25.170634437602356],[121.51574801936685,25.17032046125728],[121.51614204999525,25.170196474907282],[121.51748701104363,25.169977427041271],[121.5190440308878,25.169349440723153],[121.51970102241971,25.169275450212741],[121.52015104882234,25.169677450004205],[121.52057604717997,25.170542467279244],[121.52108304348363,25.171333402898693],[121.52111506471893,25.172339466017508],[121.52129901305416,25.17291648048872],[121.52228003860203,25.174087401552022],[121.52229001218836,25.176177431135375],[121.52219405272942,25.177664456177254],[121.52227505783316,25.178239398129943],[121.52175501515305,25.17911945906047],[121.52202007440607,25.179466409953825],[121.52551102069498,25.182613400925391],[121.52607907150008,25.182907445764293],[121.52686403359171,25.18302445249514],[121.52879203567974,25.18309441989965],[121.52921300791297,25.183040461849409],[121.52963499970312,25.183110448579725],[121.53058602088187,25.18358846122722],[121.53124800714301,25.183707436484919],[121.53166904255944,25.183706466845628],[121.53291304944324,25.183677436787033],[121.53346506675591,25.183817456662133],[121.53402307432694,25.184393470039193],[121.53436604065884,25.184561431965641],[121.53521400319015,25.184894422838724],[121.53587408208703,25.185490451960941],[121.536404062429,25.185941422640404],[121.53675600537355,25.187093473345346],[121.53717806837788,25.187191436257173],[121.53796905154741,25.187067400702503],[121.53913099926804,25.187184434010483],[121.54005607836336,25.187201465996544],[121.54063607026202,25.187296408533747],[121.54095205773577,25.187559420633413],[121.54209405273645,25.188659469663587],[121.54273102729792,25.189162476989839],[121.54278406004285,25.189663463152133],[121.54282001339195,25.191680452673435],[121.54295205946049,25.192113436766764],[121.54316899622744,25.193144437694883],[121.54317206420095,25.193742415595455],[121.54328003088951,25.194080406856102],[121.54380899993575,25.194582456612224],[121.54436703582347,25.195108397145901],[121.54487005471219,25.195754450992258],[121.54542703747872,25.196113462057795],[121.54577005469706,25.196353447982464],[121.54619802148075,25.196852418188797],[121.54688399781818,25.197044446037587],[121.54744008483104,25.197234440811062],[121.54762200837985,25.197545430482805],[121.5481010070137,25.198046475606752],[121.54852304631888,25.198187463033449],[121.5498440016873,25.19758441826826],[121.55023602349836,25.197199410263675],[121.55074000162249,25.197196450350919],[121.55137203129007,25.197602465251983],[121.55214307592055,25.198197476110799]]]},"properties":{"OBJECTID":30,"COUNTYNAME":"新北市","TOWNNAME":"全區","TOWNID":"F99","TRANSP":0,"CODE":" ","INDEXCODE":"1000121","Shape.STArea()":2053844556.6620483,"Shape.STLength()":499417.67791777977}}]}